N,P,K,temperature,humidity,ph,rainfall,label
25.0,70.0,22.0,20.04730493167424,68.64389744384421,5.819560820317022,37.30922339587107,lentil
80.0,15.0,28.0,23.11438731,68.00096043,6.703270635,161.8944624,coffee
29.0,65.0,24.0,25.7660990040904,61.55844631272653,6.770740489937412,38.42311748157304,lentil
28.0,58.0,24.0,22.48073551465917,20.41103361538844,6.285781027323573,125.68380883673584,kidneybeans
107.0,43.0,18.0,22.426733,81.53480799,6.745104394,65.54475812,cotton
14.0,65.0,26.0,19.737096354861897,20.459024785830007,5.963228533845198,88.86894675071747,kidneybeans
24.0,42.0,26.0,22.183483441780048,56.60064740340156,6.436459435146004,40.99190627805638,mothbeans
43.0,64.0,24.0,27.22506426723887,60.055571126502365,6.774661419280556,53.59867305269992,blackgram
50.0,60.0,47.0,32.57720726,92.74889453,6.92791761,93.7942847,papaya
37.0,62.0,22.0,17.34409956384413,23.66077588825221,6.377392254496314,120.0160281056903,kidneybeans
26.0,68.0,26.0,24.34810629434955,53.011013004973336,6.789444913882258,169.48487325385483,pigeonpeas
33.0,59.0,23.0,33.368494000048926,60.9006906309688,6.726003543209064,61.59089655237614,blackgram
30.0,63.0,16.0,23.60506572,21.90539577,5.5259045260000015,100.5978728,kidneybeans
20.0,28.0,26.0,26.37978453,91.49882979,5.547594847,167.0470997,coconut
36.0,62.0,26.0,36.63287227981146,62.3279194932897,6.50419912953198,143.59488851694064,pigeonpeas
95.0,75.0,45.0,28.98333432,82.95958244,5.829898502000001,109.022564,banana
59.0,55.0,79.0,20.36720401,16.89574311,8.766128654,82.2545577,chickpea
61.0,54.0,33.0,25.68935612497926,74.4619622272288,6.679130863794421,176.44705010149454,jute
84.0,27.0,29.0,23.32293161,53.00366334,7.167092586,168.26442869999997,coffee
20.0,60.0,78.0,18.17234999,14.70085967,6.358740355,90.7760707,chickpea
27.0,43.0,23.0,31.70447482,56.85420099,5.875333778,44.94317432,mothbeans
91.0,25.0,26.0,24.53460016,66.99765375,7.482414225,180.5059257,coffee
66.0,54.0,34.0,26.339124608191334,78.60663528682845,6.26879750389217,223.6814205851291,rice
28.0,67.0,27.0,18.47261126703365,25.30704016019991,6.380035720719779,65.8362103393111,kidneybeans
19.0,24.0,15.0,20.48954522,93.72485075,7.137136973,111.83919509999998,orange
95.0,7.0,45.0,27.30008597,90.80015308,6.031665834,25.09484511,muskmelon
38.0,59.0,21.0,17.605373751011367,23.185578201014472,5.879567709194639,124.25525490542232,kidneybeans
23.0,58.0,21.0,19.607987169127004,63.77383740290994,6.15538838423394,37.74000321690762,lentil
17.0,67.0,22.0,19.122771086620023,24.472204769483103,6.895743104033512,98.2879790680408,kidneybeans
27.0,65.0,20.0,34.836158421475915,62.377494598367285,6.103593139083765,101.10177168905832,pigeonpeas
35.0,66.0,69.0,20.582114465158423,15.977289380276863,6.282184404880232,79.46027452079025,chickpea
48.0,39.0,38.0,25.78236457307701,88.51364113652795,6.270555313569574,130.0166492565564,jute
89.0,9.0,47.0,29.47156259,90.77069618,6.6683827660000015,28.75226067,muskmelon
107.0,11.0,54.0,28.59052369,91.33617236,6.094016337999999,29.44008034,muskmelon
30.0,62.0,25.0,25.84896498021585,68.88432773119217,5.734691238523432,68.00088471718418,blackgram
67.0,58.0,39.0,25.2827223,80.54372813,5.453592032,220.1156708,rice
22.0,36.0,16.0,30.58139475,50.77148138,8.18422855,64.58559639,mothbeans
84.0,57.0,22.0,21.938241754512667,73.7880107819303,5.985727238061608,72.16853597448453,maize
18.0,55.0,22.0,27.936973164536752,85.66981222982704,5.993901849827655,34.04457201124735,mungbean
33.0,62.0,22.0,28.010535663190243,64.20797001159931,6.4046513664315405,68.03563607725091,blackgram
67.0,41.0,35.0,23.55830342929078,84.55399467969973,5.544842051833335,156.32813483907572,jute
35.0,44.0,23.0,26.65007779730176,90.07891947341776,6.676886392142565,50.26388006772335,mungbean
29.0,75.0,75.0,19.62416326,18.71483156,7.064790365,88.4585692,chickpea
26.0,80.0,18.0,19.32509638,23.3334788,5.581021521,104.7783947,kidneybeans
29.0,21.0,45.0,23.40981539,93.13277,6.749260456,105.2240743,pomegranate
49.0,79.0,21.0,29.46872568705223,70.19877443776303,6.846298216144637,58.64599007396769,blackgram
24.0,42.0,25.0,27.186754438787062,88.69609304454578,6.521601598948063,32.80280151600304,mungbean
27.0,58.0,19.0,24.53201357115581,72.6510841161331,6.604476907672424,49.01187175399537,lentil
11.0,52.0,24.0,30.346664150015787,62.0114175474449,6.647932578724098,29.116294091820976,mothbeans
21.0,46.0,27.0,30.327088691402164,76.51879273659466,5.52986169823664,38.730207954400456,mungbean
29.0,60.0,20.0,29.33994012714198,62.21112847506614,6.47757158409128,43.15199859084039,lentil
133.0,50.0,25.0,25.72180042,81.19666206,7.569454601,99.93100821,cotton
90.0,39.0,43.0,24.44743944,82.286484,6.7693455,190.9684885,jute
37.0,24.0,13.0,19.14381903,90.71037456,7.8546243,108.0230792,orange
35.0,50.0,22.0,29.719601773488005,56.48985365212786,6.774208995422976,24.94960357325563,mothbeans
37.0,78.0,79.0,19.95264829,14.82633099,7.786366322,88.6810311,chickpea
68.0,46.0,41.0,24.325809780815487,75.58971292280702,5.554211421343277,182.37772194161377,jute
56.0,41.0,34.0,26.330237802767368,75.33784332750474,6.520201728008304,152.16594161397583,jute
2.0,24.0,34.0,28.89409382,54.80750249,6.472774648,94.76322976,mango
68.0,58.0,36.0,23.98476996198747,83.73736355590741,6.011778634857912,155.48855178305735,jute
15.0,59.0,26.0,25.86231571493637,26.930513327016243,5.403340893934439,69.35060672417292,kidneybeans
93.0,83.0,46.0,29.38254012,83.50423735,5.765308943,109.2486647,banana
18.0,19.0,27.0,27.75518664,52.34605806,4.772385986000001,94.11213345,mango
5.0,126.0,197.0,12.80000387,81.20876367,6.417500829,67.10439401,grapes
32.0,79.0,22.0,27.60195453,63.46170674,5.91645379,54.37814199,lentil
53.0,56.0,40.0,25.617425347010457,81.89111773583977,6.738792470228772,156.96020427874672,rice
63.0,43.0,19.0,18.51816776,55.53128131,6.641906353,90.988051,maize
38.0,60.0,76.0,18.65054116,17.80852431,8.868741443,77.92798682,chickpea
16.0,48.0,29.0,19.775157106441373,40.829869561291936,6.0512063164821415,119.5411474686872,pigeonpeas
25.0,70.0,16.0,19.63474332,18.90705639,5.759237003,106.3598183,kidneybeans
64.0,53.0,38.0,26.24347471,78.51063754,6.855362875,183.4065252,jute
2.0,123.0,205.0,22.36629253,90.78572467,5.739652177000001,124.9831618,apple
82.0,78.0,46.0,25.05802193,84.97323747,5.738678895,110.4408803,banana
29.0,8.0,28.0,26.87037587,91.72546257,6.100429497,214.4128874,coconut
13.0,57.0,25.0,28.30041493,86.20681554,6.86308576,50.47333854,mungbean
16.0,29.0,13.0,32.31944397,93.67804556,6.196907944,117.6236473,orange
40.0,61.0,22.0,20.94981756,65.8108757,7.002216044,44.23913012,lentil
63.0,41.0,36.0,27.25094466099253,76.19847905260599,5.823945109832502,168.45345180802727,rice
24.0,60.0,23.0,18.503764745195863,20.26162298663483,6.5376312271979415,64.59308480448423,kidneybeans
23.0,72.0,84.0,19.02061277,17.13159126,6.920251378,79.92698081,chickpea
12.0,58.0,27.0,21.05947757611239,24.31947572213498,6.966747231029607,96.4262404213205,kidneybeans
19.0,47.0,27.0,36.97576623042222,65.04762644858619,5.221899536771655,59.02604542840547,blackgram
14.0,70.0,21.0,24.02575197364864,63.99050160967434,6.997193461536718,86.68145034505908,pigeonpeas
117.0,37.0,32.0,23.1069385,67.06230539,6.787658922,162.57696059999995,coffee
33.0,58.0,24.0,35.45790488,68.75810535,5.269504214,108.6333046,pigeonpeas
32.0,62.0,23.0,14.773832262358512,18.9139869355994,5.368279785478551,75.1806416849398,kidneybeans
40.0,73.0,20.0,21.59343016,20.31871249,5.811314232000001,61.13872036,kidneybeans
31.0,72.0,17.0,28.69180475,49.47225353,5.833031707999999,96.36222901,pigeonpeas
13.0,64.0,20.0,19.1345771,62.57526895,6.590571088,36.46946971,lentil
7.0,144.0,195.0,22.96388477,93.58065995,5.85648105,104.64729859999998,apple
87.0,25.0,46.0,27.42711692,90.02696201,6.379690748,21.7508774,muskmelon
11.0,46.0,21.0,30.87834145380916,85.57776233353972,5.233043358974457,48.98727505556575,mungbean
106.0,40.0,30.0,23.42611644,64.10651528,6.779984384,122.6847408,coffee
82.0,42.0,30.0,24.78077665224196,74.12406589830914,6.0678090443990005,147.137080428,jute
66.0,66.0,28.0,18.659891400802447,67.43191274853218,6.571985334307027,71.66960717911309,maize
39.0,65.0,69.0,16.535720428045114,14.927740321852289,6.860672776120377,62.17919517339578,chickpea
12.0,64.0,21.0,23.97260955172326,73.60393966889856,6.344917557520137,42.4430215488,lentil
18.0,54.0,25.0,19.07637516483428,25.085194100021717,6.233975972883948,67.83399382851246,kidneybeans
28.0,68.0,19.0,34.63880966,61.38597868,7.69950698,72.43169115,blackgram
25.0,71.0,23.0,18.514736117817705,21.03064351123484,6.374052297715263,69.98107596882326,kidneybeans
34.0,60.0,26.0,17.829199984965026,18.10179599365462,6.039813671368746,106.08634710863085,kidneybeans
55.0,48.0,17.0,21.45690072592307,69.98032354356029,5.6710226318627495,99.1207049204302,maize
34.0,45.0,20.0,26.816369033998704,78.2799156231473,6.534684526475517,46.68303832621636,mungbean
57.0,60.0,84.0,19.1034283,17.26184541,6.586777189,75.49101167,chickpea
29.0,69.0,19.0,25.498904733341465,22.224921089853968,6.671120517102618,72.66041733658356,kidneybeans
20.0,79.0,77.0,18.54988627,16.02542689,7.64867466,76.32565249,chickpea
32.0,58.0,24.0,31.20373989831709,59.73644786821173,6.625973767262202,43.04811204877385,lentil
16.0,18.0,26.0,28.43647052,91.81320717,5.568365926,145.54144130000003,coconut
34.0,59.0,24.0,21.346617166111223,67.54933685625448,6.82442866103469,43.29088994125908,lentil
40.0,36.0,25.0,28.58998075887618,67.82693676334596,5.734606411206059,34.162423960499645,mothbeans
9.0,143.0,197.0,23.75033085,92.88160462,5.570020684,117.6602827,apple
10.0,63.0,17.0,21.927125114196738,65.86422222535334,5.802233561720434,48.11334020731281,lentil
95.0,26.0,45.0,29.91690582,94.55695552,6.117530021,28.16057247,muskmelon
12.0,19.0,31.0,27.25373364,52.66319725,5.566704378,91.87312479,mango
52.0,60.0,79.0,19.45339934,18.23490739,8.380185271,75.6317566,chickpea
38.0,65.0,27.0,33.5474513153352,72.65266916688611,5.8704360427356885,72.37047309311572,blackgram
115.0,11.0,46.0,24.41592661,89.39655519,6.623167177000001,40.32161859,watermelon
13.0,30.0,37.0,20.86474944,91.61793636,6.277148771,106.8685636,pomegranate
50.0,48.0,41.0,26.78004106845465,82.4117380373272,6.083525889020332,145.77420790323535,jute
43.0,66.0,79.0,19.46233971,15.22538951,7.976607593,74.58565097,chickpea
54.0,44.0,39.0,26.84751565011947,81.2977726267075,5.968402878940191,130.3303016636595,jute
31.0,40.0,22.0,29.40889385,86.16063492,6.365513634,53.35486977,mungbean
18.0,64.0,20.0,32.128921275136285,56.59345019492137,6.394133127969643,113.080079394883,pigeonpeas
67.0,47.0,35.0,24.21171817775545,79.82664958821043,6.557714840852575,239.4794133885977,rice
14.0,139.0,197.0,21.72484506,92.83975602,6.056529526,121.6961761,apple
104.0,20.0,26.0,27.22783677,52.95261751,7.493191968,175.7260273,coffee
76.0,44.0,22.0,18.18570390853048,72.62956642920199,5.103744410185056,70.9847155335297,maize
23.0,60.0,27.0,33.43613544360809,60.5325284127133,6.321836983987716,57.03222747138258,blackgram
26.0,84.0,22.0,24.33881204574659,67.49188077024915,6.656128813535608,43.1699041077922,lentil
19.0,53.0,22.0,27.8640132,80.4513142,6.852884642999999,42.83053902,mungbean
28.0,70.0,22.0,27.179224037742557,58.89105824235338,6.420291420644912,47.69449268138166,lentil
87.0,38.0,29.0,25.20406808,57.88370456,6.652642579,156.1457255,coffee
100.0,40.0,20.0,22.45145981,76.25674874,7.432043735,86.84998693,cotton
100.0,48.0,17.0,23.7805123,83.03878838,7.827877817999999,66.26555904,cotton
108.0,92.0,53.0,27.40053601,82.96221306,6.276800323,104.9378,banana
26.0,77.0,21.0,17.45874030914424,24.280930288111826,6.3466549982138645,92.48428956509215,kidneybeans
23.0,59.0,24.0,25.988718628930016,63.03824579151473,6.006142506627128,67.41075300234068,blackgram
4.0,61.0,21.0,24.84063998,60.09116626,6.75020529,48.77790371,lentil
107.0,5.0,52.0,26.6634609,89.98405233,6.8814257460000015,57.40847165,watermelon
118.0,13.0,54.0,24.41311871,89.81574032,6.039584629,44.07843475,watermelon
65.0,63.0,50.0,31.88342554,91.3256535,6.524459342,79.27201575,papaya
23.0,58.0,19.0,24.17093241,58.25204566,5.243634848999999,59.18953429,mothbeans
82.0,13.0,52.0,27.11535046,94.86907886,6.442810053,26.51924782,muskmelon
46.0,67.0,69.0,20.55726003838661,16.47096818535322,6.731873342809676,69.37085581681502,chickpea
26.0,67.0,24.0,36.97794384,37.73992903,5.642813116,161.48129630000005,pigeonpeas
31.0,54.0,24.0,32.99378002919658,53.25156935881489,6.539171050450936,62.31612506950927,mothbeans
56.0,41.0,20.0,23.73419799025857,70.37923775573326,5.970052077355444,79.18705478091982,maize
32.0,11.0,31.0,29.51611558,92.56492864,6.461225827000001,131.2116167,coconut
18.0,67.0,21.0,19.37696579341436,66.02467651357331,6.346005273124868,39.95914557642124,lentil
0.0,74.0,17.0,23.33375853,64.50515776,7.240988401,47.01510708,lentil
29.0,128.0,198.0,22.44075021,92.70785115,5.685062404,121.4977331,apple
27.0,145.0,205.0,9.467960445,82.29335466,5.800242694,66.02765219,grapes
36.0,44.0,21.0,25.12528913,51.33189406,4.516154055,38.48678973,mothbeans
84.0,25.0,52.0,24.37190239,81.2514818,6.12532356,44.20899581,watermelon
0.0,17.0,42.0,23.20242586,91.19442671,6.8598408210000015,109.0946323,pomegranate
66.0,47.0,36.0,24.85441411,74.44070479999998,6.57256106,175.572958,jute
19.0,74.0,26.0,31.80001475200269,36.6778305543355,6.164319136591026,131.99001573746492,pigeonpeas
17.0,73.0,61.0,19.212222710975357,16.877586118988106,6.325584486596659,69.60550565095066,chickpea
74.0,46.0,39.0,24.60276435159158,86.0210661142702,5.933553603252608,167.13861310474817,jute
25.0,65.0,21.0,33.86351172,68.59232289,6.880245789,69.24464096,blackgram
31.0,55.0,27.0,22.412811135818064,22.32886006325944,6.527933265983038,93.37455507967,kidneybeans
36.0,53.0,22.0,30.308818609631867,44.187364345504015,5.394391968159255,63.44198963819645,mothbeans
23.0,62.0,19.0,16.51783455,20.4555596,5.609435127999999,98.77794225,kidneybeans
83.0,60.0,36.0,25.59704938,80.14509262,6.903985986,200.834898,rice
0.0,26.0,31.0,25.0707247,95.02156793,5.547933273,192.9036306,coconut
29.0,49.0,22.0,29.55885936996843,86.88165303526027,5.921316777906423,53.5212641330656,mungbean
22.0,45.0,24.0,25.971340950551365,56.89869850490401,6.8949004922594535,27.870232989557262,mothbeans
29.0,45.0,24.0,27.441208023406677,88.96094689318801,6.097329287364254,33.978847759497484,mungbean
45.0,52.0,16.0,20.58093872105747,63.0677821766271,6.162686961587657,69.83247486630013,maize
12.0,8.0,10.0,16.14820285,91.4448027,7.995848977,107.4287664,orange
58.0,60.0,22.0,21.023228400568,68.1749255984338,6.014222302123169,98.3798250908515,maize
8.0,60.0,18.0,31.21629982,46.01868196,3.808429173,53.1205277,mothbeans
33.0,51.0,26.0,23.964174883605413,53.339460577522985,6.74604001529385,35.91044312004875,mothbeans
93.0,53.0,38.0,26.92995077,81.91411159,7.069172227,290.67937830000005,rice
42.0,61.0,22.0,26.27274407,62.28814857,7.418650668,70.23207557,blackgram
5.0,19.0,25.0,27.351105600000004,54.43945147,6.441328044,96.27792547,mango
10.0,58.0,22.0,26.37613028548521,91.89346128335602,6.605084779174109,31.516929901003817,mungbean
20.0,60.0,22.0,29.65052947,42.89833235,6.876572502999999,186.9226052,pigeonpeas
1.0,59.0,23.0,27.46852989,87.17649,7.184398832,43.78420984,mungbean
25.0,67.0,26.0,30.484351356323764,45.254339696843495,6.561521566125609,143.94408950226494,pigeonpeas
71.0,56.0,39.0,19.62442805695813,82.68867946242614,5.975898370677505,224.62278467143173,rice
5.0,62.0,23.0,27.9348279,66.45457122,4.722222454,145.3728801,pigeonpeas
36.0,29.0,13.0,20.68185224,90.91510525,7.829507245,109.7513927,orange
56.0,49.0,41.0,25.596824102582367,89.09362021472916,5.856118568877937,172.35105708299784,jute
9.0,80.0,19.0,21.80619564,18.57086554,5.945465949,125.0972687,kidneybeans
9.0,16.0,39.0,18.41164435,91.11927248,6.101198974,105.1834976,pomegranate
29.0,53.0,23.0,31.91987970558709,81.13321897152262,6.803215213174332,42.43313217157959,mungbean
91.0,94.0,46.0,29.36792366,76.24900101,6.149934034,92.82840911,banana
27.0,50.0,26.0,32.628205868002105,50.83444710576831,6.036721837270863,47.06971498211885,mothbeans
22.0,61.0,22.0,26.268049063172302,66.99086042133399,6.54106704087788,62.99647864172312,blackgram
39.0,7.0,29.0,27.54273211,94.59086121,6.362544111,150.2012138,coconut
61.0,44.0,24.0,23.59716496463467,68.63460207580067,6.755617359853503,66.950161888268,maize
6.0,48.0,24.0,28.6362812,84.61431076,6.790736339,48.48319335,mungbean
88.0,55.0,45.0,24.63544858,80.41363018,7.730367824,253.7202781,rice
3.0,56.0,17.0,28.19912143,53.50567601,8.709291687999999,52.13580529,mothbeans
64.0,49.0,24.0,20.30634237860122,61.323063395983226,6.402734070084809,56.32597110241718,maize
14.0,59.0,22.0,23.82723528,67.89815262,6.76660668,46.90725077,lentil
32.0,50.0,21.0,25.831955976357943,56.09156226022546,5.618274672764872,54.5348994297055,mothbeans
44.0,74.0,85.0,20.18649426,19.63719995,7.150681303,78.26039559,chickpea
34.0,11.0,10.0,31.75048899,94.59551226,7.36220835,115.1989301,orange
40.0,27.0,45.0,21.66024980000001,94.79397419,5.885638185,112.4349689,pomegranate
99.0,38.0,21.0,22.88330922,71.59722446,6.352471866,67.72777298,maize
20.0,69.0,19.0,20.411127577238837,24.440590083446462,6.109121853768119,66.10618290379388,kidneybeans
28.0,66.0,22.0,28.063807425578805,58.09198099279055,6.131691799983576,117.51746345386756,pigeonpeas
27.0,63.0,18.0,26.35856218059883,63.657283235341936,5.937205322032323,58.7467148023395,blackgram
26.0,135.0,203.0,33.78372897,81.16314317,5.6851027689999984,74.53557341,grapes
8.0,62.0,25.0,21.148033547119923,16.99696014342929,6.280472146116723,118.22150844001384,kidneybeans
35.0,58.0,20.0,29.38538562,63.47742011,5.761702519,90.05422663,pigeonpeas
79.0,53.0,36.0,25.13396183067735,82.35870567240768,5.604339857782489,189.76739869426424,rice
34.0,51.0,22.0,32.17497468750426,37.42297238566946,5.641883463107053,133.12596920545337,pigeonpeas
66.0,46.0,18.0,20.445344511414007,56.53356568334107,6.624377935937559,57.033761008759626,maize
39.0,75.0,23.0,22.6847420211278,21.045653087411413,5.750379615030086,51.34226216278081,kidneybeans
22.0,64.0,82.0,19.48974337,17.17260319,6.4740245000000005,87.51312796,chickpea
5.0,8.0,5.0,11.03367937,92.22706805,6.562594972,112.7715925,orange
95.0,12.0,51.0,25.76484262,84.17269959999999,6.681606702000001,44.22066914,watermelon
23.0,64.0,28.0,18.08659096310281,66.06661234551636,5.922981292129074,46.4462304380772,lentil
46.0,43.0,35.0,25.29338968524646,80.0001644633839,6.687228476727234,160.19215482571056,jute
23.0,35.0,18.0,26.4908332,47.36534833,5.414492777,36.99362831,mothbeans
67.0,60.0,38.0,24.79853023,78.53037059,7.16214284,162.2847429,jute
25.0,12.0,26.0,28.56973521,95.67906668,6.436314406,134.83703480000003,coconut
60.0,44.0,37.0,25.909270857266588,72.66966150893299,5.580974310477643,168.35020594887715,jute
83.0,22.0,54.0,25.89762315,81.96664832,6.277245253999999,54.49960057,watermelon
10.0,59.0,22.0,18.10644894301496,20.401323816235426,6.040464677617133,122.28234211212144,kidneybeans
65.0,43.0,45.0,23.498248071108343,81.15872699119954,6.5631981910034085,162.77622401399788,jute
10.0,59.0,22.0,28.60901145,86.99495766,7.1556850160000005,36.94616965,mungbean
38.0,69.0,62.0,16.934519050230815,18.27714395013313,5.349799564837925,64.55101239616032,chickpea
37.0,64.0,61.0,17.49631973392622,19.74544006603841,6.497118086035286,82.52719738753677,chickpea
98.0,79.0,50.0,25.34119774,84.47321314,6.435917308,91.06493353,banana
63.0,58.0,50.0,43.03714283,94.6428898,6.720744449,41.5856585,papaya
109.0,79.0,45.0,27.66752761,79.68542782,6.490074429,108.66464,banana
36.0,54.0,46.0,42.54744013,94.94482086,6.662875839,214.41038480000003,papaya
33.0,67.0,67.0,17.96468130217666,14.66438786440588,6.136441625366397,62.52048545975262,chickpea
56.0,49.0,19.0,27.14893625003719,66.32343241455389,5.279243414448206,60.50171315325861,blackgram
13.0,28.0,33.0,28.130115000000004,95.64807631,5.686972967000001,151.0761899,coconut
87.0,28.0,30.0,25.60153969,68.66257977,6.536676653,168.8383605,coffee
25.0,59.0,19.0,29.06631494,83.6869203,6.626629798,43.95183726,mungbean
20.0,29.0,10.0,29.07412717,93.27189064,7.36549204,100.7896871,orange
78.0,37.0,22.0,25.34217103,63.31801994,6.330554389,74.52082026,maize
13.0,121.0,196.0,22.20700989,93.50574163,6.443382913,120.1593771,apple
2.0,61.0,20.0,22.13974653,23.02251117,5.95561668,76.64128258,kidneybeans
114.0,20.0,26.0,25.55656667,62.67087838,7.27905689,193.5866233,coffee
26.0,49.0,25.0,29.638491723342224,53.15683090540611,5.707873790713135,42.49346916907917,mothbeans
60.0,50.0,40.0,23.91240249124474,85.01572572319661,6.905527756983539,174.42708923339484,rice
60.0,52.0,25.0,19.56955807478898,52.20917324272676,5.992766737185605,59.218694689624265,maize
27.0,65.0,68.0,19.124250082021632,15.587532604488135,6.399074940945879,82.55385962749767,chickpea
32.0,76.0,15.0,28.05153602,63.49802189,7.604110177000001,43.35795377,lentil
8.0,7.0,10.0,28.2620488,91.98317355,6.929216014,105.2132259,orange
22.0,53.0,25.0,30.58011670087956,82.32357754772448,5.984071751915256,36.28859569035185,mungbean
24.0,55.0,78.0,17.30287885,15.15405941,6.64919573,75.57790384,chickpea
22.0,64.0,20.0,20.12969468939298,20.34820944146293,6.383930737951908,85.15393011462056,kidneybeans
79.0,43.0,39.0,21.66628296,80.70960551,7.062779015,210.8142087,rice
68.0,47.0,37.0,26.93506241346382,81.03843106850624,6.181921560437008,272.2287048467516,rice
3.0,58.0,21.0,25.36140526,46.82652785,9.160691747,55.60523179,mothbeans
9.0,137.0,200.0,21.12152071,90.6878768,5.636687393,102.8017203,apple
33.0,56.0,24.0,38.86834986299362,69.75618258858319,6.675886196895639,158.5221315085781,pigeonpeas
89.0,25.0,34.0,23.07895447,63.65861483,7.184801627000001,129.8765443,coffee
121.0,36.0,24.0,23.66457347,81.69105088,7.352401887,99.36898373,cotton
35.0,145.0,195.0,22.03911546,94.58075845,6.231950009,110.9804014,apple
36.0,57.0,28.0,34.458190127341474,36.49852196182981,6.7124633524918655,148.75979380341911,pigeonpeas
18.0,56.0,27.0,24.264706800366724,67.0796339195733,6.440043105474378,45.7550554952005,lentil
16.0,64.0,22.0,25.92319196604017,64.51018293797866,6.239567140062466,49.21159529378329,lentil
35.0,64.0,78.0,17.92845928,14.27327988,7.496645259,85.37378769,chickpea
12.0,6.0,8.0,30.84835031,92.86773675,6.388617138,107.4142681,orange
68.0,45.0,33.0,21.98199645070136,83.6235757992121,5.781456462151744,154.87865103794948,rice
26.0,48.0,29.0,32.89202985019434,81.25276754047738,6.802556898842613,50.947154352737215,mungbean
27.0,56.0,22.0,19.91853092,20.70099804,5.833010957999999,108.6434544,kidneybeans
50.0,49.0,23.0,19.62518983291484,62.20840150753595,6.495356280977368,82.90657391329297,maize
113.0,38.0,25.0,22.00085141,79.47270984,7.388265887999999,90.42224164,cotton
60.0,51.0,41.0,17.754378537567646,85.0727297571904,6.231255425596176,242.08803969429303,rice
29.0,22.0,40.0,23.62600218,89.73266695,6.145104401,107.6836871,pomegranate
97.0,74.0,45.0,26.47522633,78.51833782,5.677719902000001,113.1161095,banana
16.0,14.0,30.0,29.70931288,96.30484325,6.37466756,209.84539930000005,coconut
31.0,57.0,22.0,25.153528852978663,51.93604145529135,6.611520985822233,26.959179224356447,mothbeans
38.0,72.0,21.0,28.23416057,49.4421345,5.902103172,186.5008581,pigeonpeas
60.0,48.0,21.0,19.80283526872952,62.39589802249677,6.224816246966987,56.47475149963545,maize
12.0,43.0,22.0,30.342276485954017,80.4343648430786,6.536738402699774,38.65092004660584,mungbean
35.0,69.0,23.0,16.78791503,24.96881755,5.578410206,75.45328039,kidneybeans
37.0,126.0,196.0,23.59997268,90.97597665,5.596449493,107.17281909999998,apple
53.0,43.0,34.0,22.51271273761188,75.65411493709087,6.171435842362186,235.05178305118628,rice
51.0,67.0,72.0,21.5717413429425,16.53492848842665,5.993699209794399,69.69032456035359,chickpea
14.0,60.0,21.0,17.75357161762039,20.18738537799156,6.354409692526095,133.21847142771594,kidneybeans
57.0,46.0,40.0,21.415317814020728,74.56461282476556,6.655538161843284,144.50378959138945,jute
12.0,63.0,17.0,18.358923,19.37703396,5.717143397,138.414764,kidneybeans
37.0,77.0,17.0,36.20970524,31.94550613,5.617122801,191.0658531,pigeonpeas
7.0,45.0,22.0,25.50634557,44.8302551,9.926212291,74.32635105,mothbeans
35.0,52.0,19.0,27.10606808,89.89593328,6.698574085,37.45680611,mungbean
74.0,53.0,42.0,26.509100342188432,83.09701418123409,6.05729423172405,207.117763086,rice
52.0,50.0,36.0,26.7096738670144,88.53162957632296,6.112267383698136,140.64479115699106,jute
27.0,59.0,24.0,22.147904391251064,23.121681192596625,6.630515149164013,98.44192641744505,kidneybeans
35.0,54.0,26.0,26.7426681823976,44.637452522022016,6.072541898070575,63.96829294946443,mothbeans
17.0,77.0,24.0,20.76952209,18.93146941,5.568456899,109.0193712,kidneybeans
25.0,64.0,25.0,16.153044220518037,20.61678096304144,6.220614322379934,87.95914339345293,kidneybeans
65.0,45.0,39.0,22.205758488591187,88.44334276895053,5.212354653056071,155.4970485196418,jute
73.0,49.0,44.0,20.611800101372832,79.7781827223692,5.799472066918226,176.8975752388377,rice
3.0,9.0,35.0,26.91641934,99.84671638,6.318552972999999,225.6323656,coconut
25.0,41.0,19.0,30.14144971271341,84.59432319539141,6.43787535123814,51.437743034839656,mungbean
13.0,43.0,19.0,29.00437952724812,39.83976240048378,6.5939998855228295,48.75670611311012,mothbeans
20.0,68.0,17.0,30.11873003,60.11680815,6.578714842999999,71.72980375,blackgram
36.0,66.0,24.0,27.9894724568555,64.71878218125131,6.301247258266057,65.31296299249219,blackgram
6.0,67.0,23.0,28.412981326479013,43.620668150537725,6.766768459033259,91.7672443410039,pigeonpeas
7.0,74.0,17.0,22.47253208,62.56532471,5.667419697000001,96.74706956,pigeonpeas
52.0,56.0,85.0,20.118744600000007,14.44228303,6.81712422,88.68168643,chickpea
48.0,61.0,21.0,30.28496619,61.69295127,6.628264883,65.62859526,blackgram
30.0,20.0,38.0,22.59890174,93.16343942,7.058222596,110.0932899,pomegranate
46.0,60.0,24.0,29.438536872795275,69.90514762353806,6.133707407902143,54.73583964567087,blackgram
109.0,21.0,55.0,24.9004602,89.73524177,6.770278088,57.44942094,watermelon
13.0,58.0,25.0,19.375760457597607,66.19929980357152,6.547996276069812,49.57503735065794,lentil
8.0,50.0,21.0,28.62911222,89.11480590000002,6.218923893,50.49913241,mungbean
60.0,59.0,22.0,31.86847286,66.74217464,7.191522601,74.22238583,blackgram
3.0,67.0,24.0,17.00067625,19.90790546,5.520880013999999,103.2926407,kidneybeans
29.0,52.0,22.0,15.951346412185488,23.58922358554273,6.353248106710929,92.67129053414452,kidneybeans
31.0,58.0,26.0,27.24538614440133,94.80220502887408,6.352501712383246,49.40476916531944,mungbean
11.0,59.0,25.0,25.31523746375868,65.54109418434466,6.421699937180324,47.09566245544896,lentil
19.0,7.0,10.0,14.78003032,91.22062116,6.118430299,100.1961762,orange
44.0,65.0,24.0,32.66835188611194,62.40697926840262,6.664926645132744,59.33655639834061,blackgram
4.0,59.0,22.0,29.33743412,49.00323081,8.914074888,42.44054315,mothbeans
83.0,58.0,34.0,24.94530503530022,82.08606385206882,6.064458584891783,198.8615297236229,rice
78.0,42.0,23.0,21.78718543524033,75.91963849853096,5.865986146012809,65.36210347876998,maize
87.0,48.0,21.0,17.623694178071606,76.30639782320753,5.410538089567375,87.67477097511114,maize
32.0,58.0,27.0,22.6041627576976,18.561705675768504,5.839875708393682,122.31386278295606,kidneybeans
39.0,28.0,10.0,31.34920143,91.48247612,7.181907673,109.1549823,orange
83.0,15.0,49.0,28.92705913,91.39356832,6.438008152999999,23.20076686,muskmelon
102.0,73.0,54.0,26.4020227,84.41007614,5.720726906,111.0162259,banana
14.0,63.0,24.0,28.380080984531777,33.370187982293835,6.021572220119566,139.4300119848746,pigeonpeas
59.0,58.0,17.0,28.546224,66.31394098,7.368318809,62.83469851,blackgram
56.0,46.0,23.0,23.329695585592223,73.8762723603307,5.847835502227471,81.56505250263534,maize
24.0,33.0,35.0,29.26382931,54.82257868,5.342866119,100.7586226,mango
76.0,58.0,39.0,25.21613229993656,77.25862995726091,6.769849404404758,153.81258824036985,jute
59.0,52.0,27.0,21.14675413455308,71.16512763733198,6.1615489484647,97.3068789106446,maize
67.0,45.0,38.0,22.72791041,82.17068809999998,7.300410836,260.8875056,rice
63.0,42.0,39.0,23.708989028672693,87.06591640088506,6.071464161247151,146.70871370630164,jute
34.0,9.0,36.0,22.8122645,86.34233767,6.276038961,110.4432293,pomegranate
41.0,62.0,15.0,29.38400259,64.14928485,7.358974541,65.24194361,blackgram
9.0,77.0,17.0,21.65845777,63.58337146,6.280725549,38.07659414,lentil
65.0,60.0,43.0,21.97199397,81.89918197,5.658169482000001,227.3637009,rice
62.0,46.0,28.0,24.3986176945717,55.88294856198454,6.3245472591166685,55.47833819185085,maize
117.0,26.0,30.0,27.92374437,67.96910852,7.079850922,115.2325531,coffee
37.0,48.0,30.0,30.36889249469038,85.43548240994552,6.162653801869943,39.890481433231,mungbean
32.0,66.0,25.0,18.996816359904297,18.2203445622862,6.036128930941089,86.36958223530208,kidneybeans
99.0,40.0,32.0,24.18471151,69.94807345,7.0455430560000005,163.27087319999995,coffee
23.0,63.0,27.0,19.452262860333427,22.59724706377099,5.398034585321878,55.8351762272773,kidneybeans
27.0,62.0,28.0,34.19373234220472,51.4458907339376,6.787351200659286,145.61072236272292,pigeonpeas
74.0,55.0,19.0,18.05033737,62.89366992,6.28886807,84.23613484,maize
75.0,38.0,39.0,23.44676801,84.79352417,6.215109715,283.9338466,rice
0.0,65.0,24.0,28.49584395,62.44616219,7.841496029,53.14531023,lentil
15.0,36.0,27.0,27.78912455,53.96886679,5.6437102160000014,91.01152997,mango
15.0,63.0,24.0,24.806348924734188,21.669354566527044,6.2574415324066,55.297249073490526,kidneybeans
53.0,53.0,36.0,26.0298661344248,77.52536206406967,6.267642798652823,150.13563698182176,rice
35.0,142.0,203.0,21.17089176,90.23730166,5.895319002000001,123.6495149,apple
47.0,71.0,57.0,19.456971390235974,15.952308504388512,6.690028317719271,71.54357410948467,chickpea
89.0,52.0,42.0,23.09433785,81.45139295,6.14132902,196.6587013,jute
18.0,56.0,25.0,20.911297344016138,69.62884199555337,5.369351249723401,38.62572022848134,lentil
108.0,60.0,17.0,22.75805656,76.75768356,6.558902588,97.76600619,cotton
74.0,58.0,18.0,20.03728219,56.35606753,6.727303282,109.024141,maize
22.0,59.0,65.0,21.292996047161758,15.933216236516357,6.137817607318507,76.17713021597623,chickpea
56.0,65.0,45.0,38.2016825,93.97379963,6.751298936,218.09088140000003,papaya
86.0,76.0,54.0,29.3159075,80.11585705,5.926824754,90.10978128,banana
21.0,66.0,21.0,27.021539833315018,66.68249837350793,5.88893759706326,68.09796882688188,blackgram
80.0,18.0,31.0,24.02952505,58.84880599,7.303033217,134.6803969,coffee
7.0,63.0,24.0,19.55750776,64.45268309,6.818681086000002,53.04669416,lentil
16.0,65.0,16.0,18.13027797,62.45851612,6.078724107,50.6128521,lentil
57.0,54.0,40.0,24.27118608353417,77.19007979264443,6.03727571726546,149.46146551001203,jute
13.0,46.0,22.0,32.65512529961776,66.84651943044156,6.408996331578089,56.27707862618255,mothbeans
16.0,75.0,21.0,18.50692825,23.61670065,5.679224346,87.05132890000002,kidneybeans
14.0,61.0,29.0,30.142282827323097,62.52999437731192,6.178221739688977,31.028145203767544,mothbeans
39.0,73.0,24.0,25.65842532,61.18235808,7.22405917,69.28607828,blackgram
99.0,57.0,35.0,26.75754171,81.17734011,5.960370061,272.29990560000005,rice
21.0,60.0,21.0,23.919723634598785,67.55383860456956,6.064689969320707,37.51802443591996,lentil
37.0,73.0,21.0,29.50304807,63.46513414,5.560224582999999,189.5208915,pigeonpeas
40.0,63.0,22.0,34.573328290245875,61.136388901656055,6.018956365529106,57.32115370418441,blackgram
20.0,55.0,25.0,21.708591088413947,55.49747138402774,6.544358027794006,122.7296327192954,pigeonpeas
11.0,124.0,204.0,13.42988625,80.06633966,6.361141107000001,71.40043037,grapes
102.0,71.0,48.0,28.65456263,79.28693687,5.695267822000001,102.4633775,banana
8.0,6.0,33.0,28.27804288,93.64761266,6.095261012999999,171.9457959,coconut
26.0,63.0,17.0,29.87854588,65.73085206,6.950300686,44.95654782,lentil
4.0,41.0,20.0,28.14720892,83.8001509,6.647965508,37.44800463,mungbean
27.0,10.0,33.0,27.81132822,97.48410555,6.465906333,154.06212209999995,coconut
62.0,47.0,39.0,27.869771712120496,71.47152125183554,6.733027880090206,177.870824761605,jute
23.0,7.0,34.0,26.1055118,91.52421214,5.852038202,134.1279669,coconut
102.0,49.0,21.0,24.69315538,84.84422454,6.253343655,89.799462,cotton
16.0,55.0,26.0,31.74274915634733,59.71557900848784,6.680029877079076,29.659120170338632,mothbeans
126.0,50.0,19.0,24.69457084,81.7358876,6.6287228360000015,78.58494391,cotton
30.0,50.0,25.0,27.063164481628377,85.20215978657913,6.756228607276139,41.34707207835402,mungbean
16.0,10.0,41.0,24.77464458,85.63608688,6.738993954,105.7595811,pomegranate
8.0,139.0,199.0,29.36947679,81.53996362,6.3364266670000005,66.13442813,grapes
8.0,58.0,17.0,28.75273118,69.15640149,7.286049977999999,35.15426171,lentil
14.0,60.0,18.0,22.98210143432818,22.280035148899067,6.302864923698789,129.21522267963044,kidneybeans
17.0,136.0,196.0,23.87192332,90.49939035,5.882155987999999,103.0548094,apple
31.0,55.0,21.0,18.85821085776499,63.41757235796947,5.964771474419938,45.47844800524884,lentil
92.0,7.0,45.0,26.70607759,81.14149505,6.944640222,51.51033554,watermelon
113.0,20.0,48.0,27.46583649,94.87679041,6.440584681,27.27899847,muskmelon
40.0,132.0,202.0,24.57558351,80.70695797,5.9718130060000005,69.706113,grapes
103.0,42.0,17.0,24.29470232,84.61527627,6.527541661,81.05902285,cotton
64.0,48.0,34.0,21.94266057719686,79.00998645539654,5.781701706636594,203.42800221722425,rice
34.0,65.0,24.0,17.906791517247047,24.438259030257846,6.035579328103739,70.27044878542999,kidneybeans
51.0,64.0,24.0,31.206040897493416,62.63953015485831,5.888859231962406,70.64693621729447,blackgram
73.0,35.0,38.0,24.88921174,81.97927117,5.005306977,185.9461429,rice
25.0,40.0,21.0,27.73329078,81.13903037,6.248900919,44.17580911,mungbean
97.0,36.0,45.0,22.2286982,81.85872947,6.939083505,278.0791793,rice
75.0,58.0,36.0,22.34639400358282,79.83368810765336,6.618032000641464,246.2599263576957,rice
48.0,45.0,24.0,22.75801583721868,66.47578037716661,5.955100501292756,57.74938836876336,maize
20.0,40.0,15.0,29.57329479,88.07505524,7.199495367999999,45.04467075,mungbean
16.0,54.0,25.0,30.18726062775544,92.46989260554322,6.505854452604155,39.882732109260495,mungbean
44.0,58.0,18.0,28.03644051,65.06601664,6.814410927999999,72.49507741,blackgram
27.0,56.0,29.0,19.60319786336991,20.209875939481652,6.02221375729234,84.741894432,kidneybeans
35.0,71.0,22.0,28.42826584924778,64.42301626472876,6.047887504608736,73.98458520260643,blackgram
5.0,29.0,44.0,21.02432943,93.0569505,5.578095745,104.7847006,pomegranate
42.0,55.0,26.0,28.895111719200848,66.78500081243622,6.238182344034867,63.7059192435212,blackgram
31.0,67.0,25.0,21.830643157985968,48.33554681710591,6.754431686258044,135.32265072003872,pigeonpeas
33.0,77.0,21.0,30.32992227,65.62971858,7.01285529,71.64631281,blackgram
36.0,59.0,26.0,37.042026484151904,61.03754248348818,5.544277516868589,150.03143734787096,pigeonpeas
23.0,43.0,22.0,26.988999995450023,82.58516952790737,5.930423552733914,51.4768103832,mungbean
24.0,67.0,19.0,21.03585122093536,25.045963646345875,6.306467971757432,137.87890347956755,kidneybeans
49.0,69.0,82.0,18.31561493,15.36143547,7.26311855,81.78710463,chickpea
34.0,71.0,25.0,28.725998654419268,58.468852837323496,5.760219078907199,94.38525469735184,pigeonpeas
20.0,7.0,9.0,29.47741671,91.57802915,7.1291369410000005,111.1727497,orange
37.0,63.0,18.0,25.686004326738207,58.442872779858526,6.738460063214982,54.14499542790515,blackgram
54.0,48.0,23.0,22.79802363920936,61.10519935720711,5.300457294813302,65.1476099568,maize
40.0,59.0,65.0,18.50360352816444,17.510910005942872,6.080798906588862,63.38799966887717,chickpea
55.0,39.0,35.0,24.4691360146902,77.13251253435988,6.641276046517471,184.39013207194245,rice
6.0,67.0,25.0,24.193303789869034,63.20126574448312,6.698159994588557,45.76743479556111,lentil
34.0,63.0,21.0,32.204498695227194,65.71972057450557,5.518861527567583,193.0873730780656,pigeonpeas
41.0,69.0,82.0,20.02381489,16.63294455,6.715587232000001,68.97806542,chickpea
107.0,45.0,25.0,23.0865933,83.55546146,7.2277455160000015,71.84080724,cotton
100.0,46.0,18.0,24.18586246,76.04203958,6.4316895060000006,69.08056728,cotton
37.0,18.0,39.0,24.1469628,94.5110662,6.424670614,110.2316633,pomegranate
8.0,26.0,36.0,18.78359608,87.4024767,6.804781106,102.5184759,pomegranate
27.0,72.0,17.0,28.98039357,57.23265151,6.347929353,120.7435664,pigeonpeas
82.0,46.0,41.0,23.325013100000003,79.79609448,6.581693772,187.3096148,jute
90.0,15.0,52.0,27.04927452,91.3821731,6.448061578,23.65747461,muskmelon
32.0,56.0,18.0,20.0467711,65.84395319,7.135251532000001,46.05333124,lentil
59.0,53.0,43.0,25.09897604361626,75.80114391152411,6.472121826283408,170.0283577816219,jute
76.0,57.0,18.0,18.9802729,74.52600826,6.092725883,94.26249353,maize
28.0,58.0,25.0,27.4818649,62.04814951,6.861640036,37.81123974,lentil
65.0,54.0,48.0,24.525739298238047,88.85083284750533,6.56611357746749,208.17169379016903,rice
50.0,39.0,20.0,20.622749957529752,58.21823284420397,6.053015445345924,79.42501041330269,maize
89.0,41.0,38.0,23.12844351,74.68322732,6.344751947000001,199.83629130000003,jute
120.0,7.0,47.0,24.24782473,83.03687902,6.653867608,54.76576239999999,watermelon
8.0,28.0,30.0,25.51618488,94.33465411,6.015672239,135.1272491,coconut
37.0,38.0,32.0,31.85744939,45.53106268,5.417340525,91.55845821,mango
39.0,65.0,53.0,35.33294932,92.11508608,6.560743092999999,235.6133585,papaya
33.0,74.0,68.0,19.39769161489578,19.08047751579207,5.989558812637632,63.660563352877645,chickpea
27.0,64.0,21.0,29.08321649505474,79.2264328060808,6.6025060202222905,44.20777467874306,mungbean
66.0,60.0,38.0,22.08576562,83.47038318,6.372576327000001,231.7364957,rice
26.0,57.0,69.0,16.934984497988655,16.465295353582096,7.04376801977342,78.87520152629713,chickpea
24.0,56.0,85.0,18.19903647,17.41333199,6.545888558,80.6405403,chickpea
1.0,135.0,203.0,22.77856513,92.70124029,5.624203283,113.7759219,apple
42.0,79.0,85.0,17.22385224,15.82069268,6.129533877,76.57580954,chickpea
59.0,51.0,38.0,26.622836699140382,82.92032921163235,6.916193402550977,152.67229868295297,rice
47.0,51.0,37.0,26.21190145633024,78.28592175904828,6.70917053308346,169.61324844994417,jute
61.0,51.0,36.0,26.164605096096807,78.39427579333116,6.558552802310456,171.71947363678052,jute
24.0,37.0,21.0,30.573999,58.22686794,5.818219385,62.74803826,mothbeans
7.0,144.0,197.0,23.8494014,94.34814995,6.133220586,114.0512495,apple
21.0,38.0,21.0,29.75538903,86.45193297,6.637677489,37.54602719,mungbean
18.0,54.0,18.0,28.1994327684134,56.36177428961504,5.9768750842026135,60.19358564694392,mothbeans
1.0,48.0,24.0,29.34594634,85.60472562,6.232836962,59.03629954,mungbean
83.0,9.0,45.0,25.85483596,89.13163965,6.049609892,46.85176955,watermelon
33.0,12.0,8.0,25.26052689,90.31153735,6.822282114,117.36952959999998,orange
72.0,45.0,46.0,24.15940331438696,95.12267921362076,6.445371807660403,140.52508684693106,jute
40.0,79.0,17.0,21.12695586,63.18738532,6.403683619,38.71834464,lentil
3.0,23.0,30.0,29.70143197,95.65754365,6.078807239,215.1968037,coconut
59.0,43.0,31.0,26.058598407931644,80.20370431899467,5.766202956865108,171.46233163279285,rice
51.0,66.0,21.0,28.867952643214988,69.18032205817299,5.943142325794325,70.23572671920157,blackgram
65.0,62.0,51.0,31.53243779,90.87394933,6.5116248410000015,207.0735119,papaya
81.0,18.0,50.0,26.80750629,88.22874955,6.429788072999999,58.79889057,watermelon
91.0,12.0,46.0,24.64458469,85.49938185,6.343942518,48.31219031,watermelon
10.0,125.0,196.0,22.31253665,90.03577124,5.730557448,113.0688155,apple
61.0,60.0,15.0,24.87502824,68.74248334,6.265564338,91.26056654,maize
68.0,55.0,33.0,24.39716588210495,80.04615184453161,6.016629229385504,157.6196682797831,jute
22.0,39.0,23.0,27.359939583868325,77.047061312201,6.259648432288383,35.68267994412743,mungbean
2.0,75.0,22.0,23.89271875,61.78779413,6.658605362,52.55730112,lentil
3.0,78.0,18.0,20.21368219,68.65257685,6.887130053,50.89732989,lentil
53.0,57.0,38.0,24.53405821973329,77.18442027442994,6.066537157858392,152.75267701485822,jute
55.0,37.0,27.0,23.27066142569449,64.9759468983415,6.813750132442865,54.70042347026092,maize
25.0,62.0,21.0,26.73433965,68.13999721,7.040056094,67.15096376,blackgram
33.0,75.0,21.0,33.04687968,68.93875631,6.690655045,62.30278274,blackgram
39.0,16.0,27.0,35.53845018,52.94641947,4.934964765,91.54560427,mango
101.0,11.0,51.0,25.50736962,84.24340241,6.792035575,44.2068997,watermelon
26.0,18.0,27.0,27.45907759,92.90736493,5.836075368,142.1430003,coconut
37.0,10.0,32.0,28.96318258,95.16333673,6.165084855,222.803013,coconut
51.0,59.0,63.0,18.921858009760825,17.04853822747978,6.140373672384086,67.60081367679923,chickpea
21.0,80.0,20.0,28.20667264,68.27085245,7.350869792,64.32887142,blackgram
84.0,18.0,46.0,27.08808014,93.42402083,6.781050372999999,25.32159689,muskmelon
54.0,47.0,39.0,25.18404246744481,92.36532830774112,6.58005356828765,150.47027545368937,jute
32.0,46.0,23.0,26.634715594295407,51.47013333341128,6.108936308977008,34.16307179285571,mothbeans
12.0,58.0,30.0,15.63102632900299,17.467508018379167,7.018623005083917,110.622311014239,kidneybeans
30.0,49.0,18.0,26.82346943500869,97.27016145789088,6.4182223055706,56.137984585800005,mungbean
93.0,85.0,49.0,27.96799119,79.28625709,5.694243847,119.4765557,banana
61.0,39.0,37.0,26.22079632338112,86.23754343303285,6.007333534469045,223.55472432028893,rice
43.0,68.0,81.0,17.47809436,17.93253975,6.761599706,78.92060234,chickpea
27.0,46.0,20.0,32.34349012358397,83.6563748602629,6.025703565102926,47.95082739527251,mungbean
6.0,7.0,7.0,27.68167318,94.47316879,7.199106204,113.9995146,orange
75.0,58.0,35.0,22.361166084262237,79.08070386296383,6.3242004427751874,164.0229394147633,rice
6.0,47.0,18.0,29.16174608,80.28038146,6.715276662999999,40.16545979,mungbean
82.0,35.0,35.0,25.49386782,86.97061481,7.299076163,176.5268267,jute
67.0,44.0,27.0,22.743625052038546,73.37023287443195,6.83873569569119,59.062269250150855,maize
5.0,13.0,37.0,22.34375696,89.7870345,5.648243648999999,103.3183074,pomegranate
18.0,36.0,23.0,24.01825377,53.76623369,7.214078621,35.03404425,mothbeans
31.0,55.0,20.0,31.374195085835368,84.8956182585225,6.6644059015801655,41.72283412844741,mungbean
18.0,70.0,25.0,15.31358920191856,17.485753330269596,5.579158854639363,75.63701310101197,kidneybeans
66.0,57.0,23.0,18.972109777926544,66.91505951338368,6.100881826535603,70.26570592495094,maize
28.0,59.0,26.0,24.370826040312032,64.48617032327911,5.942619554484286,72.3267523346596,blackgram
35.0,61.0,26.0,26.850303833803306,62.9631631373144,6.730200331419602,67.34046996142486,blackgram
19.0,17.0,39.0,24.72485577,85.56083187,6.728599215,111.2787584,pomegranate
26.0,54.0,26.0,30.754348815398668,34.79666017276366,6.132470740589169,147.5658442371291,pigeonpeas
11.0,69.0,24.0,30.75367469263336,65.92141669796322,5.918609490135354,167.79299188899537,pigeonpeas
10.0,71.0,18.0,19.54284889,66.34777265,6.151029296,173.11069819999997,pigeonpeas
27.0,13.0,6.0,13.36050601,91.35608208,7.335158382,111.2266885,orange
39.0,60.0,15.0,35.09357419,30.98685456,5.004074623999999,116.9106908,pigeonpeas
14.0,74.0,19.0,18.39759147,36.82639309,6.624966131,93.12330644,pigeonpeas
64.0,52.0,40.0,25.01868653904755,77.46706117021606,6.832821392055297,155.021707623459,rice
91.0,36.0,45.0,24.44345477,82.45432595,5.950647577000001,267.97619480000003,rice
11.0,67.0,27.0,36.84906634287866,59.91307734514886,6.664123303245635,114.61538242116542,pigeonpeas
64.0,50.0,25.0,24.495597541941,63.76992253901472,6.009491272553734,64.39210958311105,maize
68.0,52.0,37.0,21.68779117513241,77.76190952419148,5.9837384591765215,166.40549745261728,rice
38.0,46.0,24.0,25.89091668856583,92.4890337253094,5.405178383722138,46.4907508623092,mungbean
60.0,38.0,40.0,23.887081293104647,86.5320821058734,5.914524816682613,166.05365720540598,rice
40.0,11.0,44.0,24.45840036,86.10874614,6.322396027000001,111.3779693,pomegranate
80.0,43.0,43.0,23.78756036,74.36794079,6.014572075,172.64426540000005,jute
12.0,58.0,23.0,21.74600081,63.39503184,6.765091462000001,50.43306085,lentil
19.0,62.0,75.0,19.35578674115942,16.075577604100317,6.8365322627376575,82.60575956063326,chickpea
21.0,46.0,21.0,30.356217424230987,82.30147376005469,6.883117694010308,44.37429089384269,mungbean
40.0,17.0,15.0,21.35093384,90.9492967,7.871063004,107.0862095,orange
35.0,72.0,21.0,34.03619494,64.28791388,7.741418772,66.85510868,blackgram
33.0,143.0,204.0,21.1316077,91.95769858,5.814434775,122.5391946,apple
24.0,128.0,196.0,22.75088787,90.69489172,5.521466996,110.4317855,apple
71.0,44.0,37.0,26.41137036458723,88.92330636457982,6.819553962549745,177.9848351787135,jute
36.0,55.0,23.0,31.88430301843605,42.31916542564649,7.108438637713352,177.11506900661038,pigeonpeas
40.0,22.0,29.0,27.55821802,99.98187601,5.735364307,174.62564809999995,coconut
58.0,66.0,79.0,20.99373558,19.33470387,8.718192847000001,93.55280105,chickpea
91.0,50.0,40.0,20.82477109,84.1341879,6.462391607000001,230.22422230000004,rice
0.0,23.0,15.0,22.56664172,93.37488907,7.598729065,109.8585753,orange
20.0,49.0,28.0,28.49708820748464,95.74747320592827,5.892080643726469,38.35136517268427,mungbean
69.0,37.0,42.0,23.05804872,83.37011772,7.073453503,251.0549998,rice
31.0,68.0,72.0,17.655990921821473,15.842488778453518,6.336826725278216,62.08322864767397,chickpea
37.0,47.0,22.0,32.367467273257475,55.97869191777788,6.675614467947747,33.156071633023764,mothbeans
111.0,88.0,55.0,29.44795403,78.34971537,5.505393832999999,96.45042585,banana
19.0,45.0,22.0,30.671186535390223,88.34447686946116,6.451122464477272,34.26399575077724,mungbean
25.0,51.0,18.0,27.77799528,54.82130787,9.45949344,50.28438729,mothbeans
35.0,66.0,47.0,31.7018373,91.66232213,6.953439161,48.83810592,papaya
131.0,49.0,22.0,25.49848236,79.9751579,7.306918817000001,67.05961949,cotton
120.0,16.0,51.0,27.99901833,91.64193051,6.547041902999999,23.28618248,muskmelon
31.0,50.0,22.0,26.527101825722344,58.1793667074005,5.957564330969125,55.94038670365101,mothbeans
22.0,60.0,18.0,19.59221047,61.28633405,6.74398035,41.7704893,lentil
16.0,143.0,197.0,22.61711614,93.51978375,5.90402645,116.9256766,apple
62.0,55.0,22.0,24.98827978801308,65.04696249080412,6.273295985518997,58.038025944088766,maize
73.0,57.0,37.0,27.145309705475228,90.89353659739764,6.644381259367781,227.6413012077221,rice
22.0,65.0,20.0,18.17443756610373,19.497139110437864,6.856336387963096,92.04958214736452,kidneybeans
15.0,45.0,23.0,24.20422636,61.43378674,7.224193642,46.0203959,mothbeans
30.0,65.0,82.0,20.71424384,15.27824066,7.103798069,76.77888672,chickpea
68.0,57.0,39.0,25.897449794978385,83.77078228265712,6.635372481965935,204.7289292434129,rice
37.0,49.0,25.0,29.914544300000006,85.85384444,6.415459592,41.39081525,mungbean
118.0,21.0,51.0,24.42998931,86.33904774,6.678805092,48.58241822,watermelon
11.0,53.0,21.0,28.679375203036955,51.23562035139781,6.438027802252292,45.07178076497037,mothbeans
19.0,65.0,25.0,18.09551014,18.29318436,5.6250964460000015,144.7902323,kidneybeans
6.0,62.0,22.0,20.53052663,18.09224048,5.824090984,120.4509288,kidneybeans
35.0,64.0,68.0,18.11839893108068,13.814824193223805,5.80188228449131,67.09602872640001,chickpea
122.0,59.0,18.0,23.5000992,83.63488952,6.219469084,79.81328183,cotton
55.0,78.0,21.0,33.39438752,62.93692886,6.602888248999999,63.57445989,blackgram
11.0,60.0,22.0,26.79087602611103,64.44315834237533,6.53573294611116,41.50292622818956,lentil
54.0,42.0,44.0,22.186209913551647,85.9381511522632,6.3678211649519,185.09009450045545,rice
22.0,45.0,25.0,29.885241322845552,67.80701419596339,5.2770416479932605,34.1589740244,mothbeans
83.0,21.0,28.0,25.5674832,60.49244602,7.466900682999999,190.2257843,coffee
23.0,44.0,29.0,30.36721167129068,55.68644124918904,6.36979990098543,56.08786208371964,mothbeans
32.0,73.0,24.0,26.16440587117695,76.09358097670584,6.404635757496379,61.100099152493605,blackgram
38.0,58.0,24.0,27.606289193801672,60.09803190284482,5.543017987549476,38.724421468411606,lentil
15.0,77.0,20.0,25.13163619,66.92642362,7.399749291,49.04015558,lentil
80.0,50.0,38.0,28.65202129151668,81.63077190746175,6.120528144865618,138.82309545055583,jute
13.0,68.0,25.0,17.28557224867803,19.60964996127081,5.981341214174675,104.31033891766889,kidneybeans
11.0,39.0,22.0,26.290377564740897,83.22068455998898,5.738422248984648,44.16860005898851,mungbean
100.0,56.0,40.0,26.38905406,83.31240346,7.433313409,176.1516409,jute
97.0,8.0,52.0,24.9103226,86.97190046,6.237861736,49.48575692,watermelon
131.0,38.0,19.0,23.86814008,75.68339729,6.814341946,90.4547185,cotton
48.0,34.0,37.0,25.043598075281174,81.55089818140604,5.393335032251474,154.5776677092827,rice
13.0,59.0,27.0,16.574275015768322,21.525208808357373,6.477888720001628,96.95552359481654,kidneybeans
76.0,41.0,36.0,23.85431657172694,86.91168479885087,6.29084994738361,167.80433575397953,jute
44.0,63.0,15.0,26.42333018,64.51136845,7.338929556,63.46546487,blackgram
22.0,57.0,26.0,21.734082905493057,22.97375956074675,6.821886705766865,99.48926458270738,kidneybeans
62.0,50.0,20.0,26.273261953870627,65.23206644881566,5.963354037950798,73.39055018312554,maize
53.0,57.0,26.0,26.3392094203546,72.29094601148059,6.533805819978007,88.17340287049446,maize
31.0,75.0,18.0,15.46789263,21.43780702,5.824208308999999,88.88796102,kidneybeans
4.0,67.0,25.0,23.78709569,24.35679348,5.948164454,119.6404412,kidneybeans
108.0,89.0,53.0,29.55054817,78.06762846,5.808497603999999,99.34482238,banana
2.0,72.0,18.0,26.57597546,60.97876599,7.836719564,50.89110726,lentil
89.0,60.0,19.0,25.19192419,66.69029010000001,5.913664501,78.06639649,maize
16.0,53.0,20.0,27.322409217983125,65.57833735259545,5.790757284019866,41.50842309233668,lentil
37.0,57.0,20.0,31.1006247,44.82069159,7.354286985,70.79934452,mothbeans
131.0,52.0,16.0,23.65724079,84.47601498,6.486068274,88.54479121,cotton
19.0,42.0,24.0,30.340626070682703,69.76931390852032,6.588632895573792,45.53834518412083,mothbeans
22.0,68.0,16.0,27.70496805,63.20915034,7.74672376,37.46160727,lentil
16.0,73.0,21.0,20.685987774403888,24.406235330509283,6.212455419392977,104.6601630112324,kidneybeans
17.0,50.0,23.0,27.254246936556385,86.04453388082251,6.63593445304376,52.41488936220781,mungbean
39.0,17.0,45.0,18.09691127,90.42177379,6.9244907310000015,104.88188999999998,pomegranate
101.0,20.0,48.0,24.6774157,82.75411437,6.206247493999999,57.05709413,watermelon
120.0,40.0,33.0,24.23850608,54.30329632,6.73410539,115.1564012,coffee
56.0,58.0,49.0,37.13165026,94.60761797,6.69215564,172.47880619999995,papaya
23.0,66.0,69.0,18.86374619023782,14.235669991705484,5.470545580887628,81.84469946204277,chickpea
15.0,52.0,24.0,22.10056359660076,64.76990643157342,6.490830036258476,39.12987081792633,mothbeans
15.0,57.0,24.0,27.619878261372907,59.628144292325416,6.622828424250699,39.06371545623401,lentil
21.0,53.0,19.0,29.965062501040155,91.81322854485144,6.058413878396466,42.34191858286671,mungbean
125.0,39.0,21.0,25.03149561,82.21276599,7.954629324,95.0191318,cotton
45.0,75.0,60.0,17.582631082277825,15.06361898471195,6.45677818859192,78.15520787187378,chickpea
9.0,59.0,29.0,27.58182235962703,65.26888007023281,5.585228599604906,43.61279574860569,lentil
110.0,25.0,54.0,28.91105641,90.78413842,6.425930938,23.44398467,muskmelon
45.0,47.0,55.0,38.4191628,91.14220381,6.751452932,119.2653877,papaya
15.0,66.0,23.0,17.637091319489002,20.79519832394812,6.804101325886949,113.5519301691709,kidneybeans
23.0,75.0,17.0,24.87425505,64.00213929,7.198076286,48.28137482,lentil
29.0,39.0,22.0,28.54660213199501,82.90305441659414,6.7588639956518,40.523369662032216,mungbean
32.0,48.0,23.0,29.039249945354115,82.28329544039792,6.420733879396527,45.54273301669516,mungbean
38.0,80.0,24.0,23.72657474877838,60.07951794287846,5.826595190256569,59.11381285593136,blackgram
56.0,56.0,38.0,22.402092526920896,86.63695623006194,5.928697103275226,256.0890148234228,rice
34.0,60.0,25.0,34.70816632091719,62.100900694552685,6.6523839331718095,149.09788697778956,pigeonpeas
80.0,77.0,49.0,26.05433004,79.39654531,5.519088423,113.2297373,banana
34.0,73.0,15.0,20.97195263,63.83179889,7.630424082999999,53.10207889,lentil
72.0,55.0,42.0,24.39293020467212,86.59327956467477,6.082917641199449,217.3638159938532,rice
67.0,41.0,40.0,25.84879500000001,87.81661683,7.333143205,152.6194403,jute
0.0,19.0,31.0,25.51791333,94.38420565,6.271952832999999,178.7297725,coconut
35.0,138.0,200.0,21.19909519,90.80819418,5.67130617,103.6838922,apple
46.0,59.0,21.0,29.67949265603453,64.58889024359158,6.245698890952322,64.26720391779848,blackgram
41.0,68.0,27.0,33.61565131783403,61.99466325566036,6.953271146865445,57.92399627896055,blackgram
30.0,56.0,27.0,25.67404197028872,94.19312538388203,6.417160790861324,44.7363386706729,mungbean
21.0,21.0,30.0,27.69819273,51.41593238,5.403908327999999,100.7720705,mango
57.0,53.0,27.0,23.907792249140204,74.31284954413185,5.78985536492238,93.05841285235029,maize
40.0,144.0,196.0,22.71750705,92.25479855,5.987262638,107.0289866,apple
49.0,58.0,18.0,24.71366865409678,66.73111797994373,6.061521663387778,81.01867500019189,maize
53.0,67.0,17.0,31.77681682,69.01852894,7.296972161,61.46892873,blackgram
10.0,56.0,16.0,28.17432665,81.04554836,6.828187498999998,36.35720652,mungbean
1.0,17.0,6.0,10.78689755,91.38411917,6.8198271,117.5293447,orange
43.0,68.0,20.0,29.57812712,66.17587668,7.497469256,69.43895491,blackgram
21.0,56.0,66.0,18.787055687307618,14.655075512618971,6.729228747122592,95.4077588858421,chickpea
36.0,7.0,37.0,19.8671184,86.35590206,5.782435567,108.3168858,pomegranate
21.0,71.0,24.0,18.61293659332944,36.38668213190935,5.708899406183958,201.322770198,pigeonpeas
84.0,40.0,42.0,26.2830571,73.35763537,6.704273839,186.6898282,jute
31.0,29.0,26.0,28.22373428,47.40519056,5.024124683999999,97.76832322,mango
7.0,20.0,12.0,16.53460397,94.76759975,6.475275337,110.0447896,orange
48.0,68.0,20.0,26.00224047974229,71.7082668093117,6.654983024491492,70.66632177476973,blackgram
110.0,21.0,54.0,26.73690828,87.82430156,6.747537642,47.46447019,watermelon
73.0,43.0,42.0,26.58361011,78.00774772,6.310699968,154.8238864,jute
42.0,67.0,77.0,18.99424448,15.9362937,7.114405288,78.69707199,chickpea
23.0,5.0,44.0,21.20725375,94.26304717,7.16300467,107.5660804,pomegranate
103.0,17.0,51.0,25.11189154,80.02621335,6.209888345,44.20656987,watermelon
18.0,73.0,23.0,29.94130500385029,34.24388379422473,6.388457136036413,163.19278810324383,pigeonpeas
48.0,56.0,22.0,27.31018765841724,64.93706946806209,6.476148234555684,55.794447953473245,blackgram
17.0,70.0,19.0,27.66142453291275,65.50210590547081,5.863315080296946,39.97815857027154,lentil
47.0,64.0,23.0,30.195024895055976,70.32496904227659,6.549337787869083,51.9778789686,blackgram
83.0,7.0,45.0,29.08417927,90.73891887,6.704104127000001,25.33014238,muskmelon
9.0,49.0,16.0,30.88482722,41.36561835,7.661537347999999,55.053805,mothbeans
78.0,50.0,43.0,25.12417673,85.72530641,6.348441469,159.5718087,jute
8.0,42.0,20.0,30.68088800124308,86.55007772650653,6.218732178800459,51.099612073694615,mungbean
93.0,56.0,42.0,23.85724032,82.22572988,7.382762603,195.0948311,rice
53.0,46.0,23.0,20.483646675340506,68.17977035602013,6.701446158543486,66.37864606906406,maize
23.0,57.0,19.0,32.83963757,67.99803573,7.251000789,73.40452716,blackgram
15.0,52.0,17.0,28.65742909244104,55.928744503207305,6.177959985786742,31.532741045273397,mothbeans
31.0,144.0,202.0,11.02105378,80.55557235,5.870600622,68.23963161,grapes
7.0,28.0,35.0,30.02086169,46.78393776,4.66910839,96.63721027,mango
31.0,51.0,25.0,27.53592929,85.57019009999998,7.196774236,53.01899249,mungbean
14.0,21.0,35.0,29.52501367,91.91185319,6.121005506,194.3100272,coconut
36.0,43.0,24.0,27.09400578,43.65305437,3.510404312,41.53749535,mothbeans
17.0,58.0,20.0,28.06642822,85.91625451,6.42937879,39.23831035,mungbean
69.0,51.0,23.0,22.21738222,72.85462807,6.80163854,106.6213157,maize
55.0,56.0,65.0,18.690058628060655,17.3446722680389,6.14016168393944,81.1926127303011,chickpea
4.0,61.0,26.0,19.30799852288179,54.67853931745225,5.505204657944906,152.94680617946716,pigeonpeas
79.0,52.0,37.0,24.7335526842938,80.85640782262026,5.922492385774844,141.80240440159363,jute
21.0,67.0,65.0,18.63242757382065,17.635890162570064,6.634247396927211,68.71235704481187,chickpea
27.0,57.0,22.0,25.920884684594004,62.52446346041377,6.070603382332441,40.9563390678,lentil
64.0,59.0,41.0,26.31357995964677,84.7677608804848,5.486017587772839,270.40324693029595,rice
60.0,43.0,44.0,21.01944696,82.95221726,7.416245107000001,298.40184710000005,rice
108.0,36.0,19.0,22.78249615,77.51235009,7.238566893,64.61444234,cotton
62.0,47.0,36.0,24.469768475918496,87.47063898558709,6.667342689402164,207.63773582730832,rice
24.0,27.0,9.0,18.86883219,93.24688124,6.157135092000001,119.3936976,orange
21.0,60.0,24.0,31.26233507484417,87.62733206978233,5.695420042360841,49.601303014672425,mungbean
127.0,53.0,24.0,22.21506982,76.17851932,6.127939627999999,70.40557612,cotton
80.0,45.0,42.0,23.1426498,74.99739774,7.380396262,151.9035477,jute
63.0,54.0,33.0,26.84348420360188,78.00968296304758,6.431847348512017,178.450302686814,jute
67.0,55.0,26.0,24.388973527645,74.58468674398749,5.968142353004067,77.39085765646993,maize
72.0,42.0,43.0,26.56767277,80.90424543,6.352771037,181.2915605,jute
67.0,39.0,26.0,24.16296348857121,55.19170881219911,6.941903689010319,79.31670545988862,maize
67.0,53.0,41.0,25.139726281466537,84.68119146400072,6.792813986565588,169.20152298376198,rice
22.0,48.0,27.0,24.14372278557132,53.9054484432704,6.705410772882859,40.98324002805784,mothbeans
46.0,76.0,77.0,18.2356751,19.68538502,6.967843048,83.74879344,chickpea
33.0,61.0,24.0,20.04611791,48.93905624,4.567446499,122.4564203,pigeonpeas
33.0,70.0,37.0,36.20022317190693,66.55582172281709,6.746042949119343,70.70707488581618,blackgram
36.0,49.0,21.0,27.105613174166866,81.04287201636244,6.004596489708945,46.86222570192005,mungbean
59.0,57.0,34.0,25.971799179889345,72.03783899161981,6.74352856130752,171.58371086282443,jute
101.0,17.0,47.0,29.49401389,94.72981338,6.185053234,26.30820876,muskmelon
119.0,5.0,55.0,29.68846716,94.30111601,6.168757984,26.83924845,muskmelon
24.0,64.0,21.0,20.54348304733058,19.798482272702024,6.394756813835526,103.103131483858,kidneybeans
103.0,33.0,33.0,26.71717393,50.50148528,7.131435858,126.8073984,coffee
47.0,68.0,67.0,16.35352964522449,19.94609523270181,5.999254868604744,85.34595076695308,chickpea
108.0,22.0,46.0,26.17668721,86.72952049999998,6.121168559,53.33484977,watermelon
22.0,70.0,19.0,18.23775702,21.07643273,5.515615023,69.44951585,kidneybeans
34.0,73.0,69.0,19.92758383052216,13.831343191200611,6.258024579896278,88.70709541655573,chickpea
53.0,64.0,23.0,32.93614014481434,76.54019077406137,6.347253956686213,55.19299673654569,blackgram
15.0,61.0,24.0,27.66995951055076,68.85173745383604,6.297423443908019,43.54256130129601,lentil
3.0,49.0,18.0,27.91095209,64.70930606,3.692863601,32.67891866,mothbeans
28.0,67.0,23.0,19.153803884054494,22.61019501632869,6.82951367712754,89.59377013311267,kidneybeans
46.0,75.0,21.0,28.027991205756265,72.33355783371503,6.202575631510619,54.876509681024174,blackgram
31.0,36.0,29.0,33.93679864,52.72170281,6.460542749,97.4611918,mango
71.0,52.0,43.0,26.47549543,73.96164569,6.732826127,180.2513601,jute
29.0,140.0,195.0,23.64082979,90.95257927,5.560521058,116.7431319,apple
23.0,6.0,33.0,29.18032562,92.73041222,6.025789594,204.9603677,coconut
64.0,51.0,42.0,26.62352277257413,77.86005687630279,6.609833237814449,135.1422737311353,jute
29.0,70.0,15.0,30.33499674,63.54718862,6.872594461,74.16699119,blackgram
12.0,70.0,28.0,25.00226782983573,21.885418716781054,5.951643568559348,56.953549900286085,kidneybeans
63.0,46.0,22.0,19.6417940077578,59.67174747599024,5.991674362943878,76.18639661043878,maize
76.0,60.0,39.0,20.0454142,80.3477562,6.766240045,208.5810155,rice
70.0,52.0,39.0,25.20281410984487,80.72067122512115,5.3438532877236895,234.3022291009649,rice
52.0,54.0,36.0,26.649176737126695,75.87173721315067,6.901501321807652,129.63599484716977,jute
119.0,7.0,55.0,26.03867719,84.6378378,6.031424482,44.3993381,watermelon
32.0,55.0,51.0,29.60718808,93.15642801,6.57398033,62.68710535,papaya
74.0,56.0,22.0,18.28362235,66.65952796,6.829199275,80.97573281,maize
116.0,81.0,55.0,26.42313317,83.69950440000002,5.915546415,95.12322062,banana
34.0,64.0,22.0,20.61682800016015,47.3612457913525,6.621873564536176,156.66235563016062,pigeonpeas
0.0,27.0,38.0,22.44581266,89.90147027,6.7380162210000005,109.3905998,pomegranate
28.0,70.0,21.0,25.39038396,60.4989659,7.437373666,39.18374505,lentil
100.0,6.0,53.0,29.05248036,93.92217834,6.105909623,23.66620626,muskmelon
41.0,58.0,24.0,26.669339011195135,47.03091476547223,6.820249711427382,161.92350635180927,pigeonpeas
14.0,56.0,24.0,30.45763959195877,75.70899612062684,6.214881838232673,36.43270590021413,mungbean
6.0,8.0,11.0,24.35590861,92.39651663,6.600948787999999,119.6946577,orange
67.0,47.0,44.0,26.73072391,81.78596776,7.868474653,280.4044392,rice
15.0,11.0,38.0,23.12808226,92.68328358,6.630646082999999,109.3930157,pomegranate
17.0,67.0,18.0,31.2192752,56.46868874,5.611510977000001,129.20286529999998,pigeonpeas
24.0,58.0,62.0,18.723415440850864,16.328035516301775,5.397769600555887,63.74945379929876,chickpea
104.0,73.0,46.0,29.1400919,80.1190228,6.28236237,90.45142867,banana
5.0,49.0,21.0,28.39046963473402,85.06969193799837,5.424697259778101,51.00441634599861,mungbean
32.0,75.0,21.0,27.61428496327958,68.59472105747584,5.865665880420868,50.47609086797547,lentil
31.0,79.0,75.0,18.8202251,16.1074793,8.204862075,89.73119396,chickpea
50.0,50.0,42.0,25.77155066626054,85.47537739132166,6.608703313767516,191.84304647800656,rice
90.0,86.0,52.0,25.85036988,81.95580471,5.793260262,119.08561709999998,banana
30.0,67.0,19.0,15.405712943771974,21.36796091025945,6.492760732060427,83.01092016319294,kidneybeans
25.0,57.0,24.0,20.879307537523538,63.86664397904578,6.411150938404992,37.900675432059934,lentil
78.0,46.0,42.0,23.09499564,78.45959697,7.095413294,155.3851533,jute
23.0,56.0,20.0,21.378392609479352,24.680310298660284,6.504626856592061,106.65331160083646,kidneybeans
98.0,8.0,51.0,26.1793464,86.52258079,6.25933595,49.43050977,watermelon
35.0,79.0,25.0,26.482556313554458,43.04044885406838,6.142003407371319,181.1161841700692,pigeonpeas
19.0,70.0,23.0,30.51043019226199,35.19296782487614,6.814701353426039,158.12210401404613,pigeonpeas
10.0,78.0,18.0,18.54141834,62.70637578,6.296976913,44.07819743,lentil
107.0,34.0,32.0,26.77463708,66.4132686,6.78006386,177.7745075,coffee
34.0,48.0,48.0,41.04224355,91.37258067,6.805277038,181.527598,papaya
31.0,60.0,24.0,25.40474421,65.8567539,7.722335992,51.92057267,lentil
22.0,71.0,21.0,19.325108201994368,23.31118746912158,6.089626421736085,80.26334584650019,kidneybeans
0.0,21.0,32.0,35.89855625,54.25964196,6.430139436,92.19721736,mango
30.0,42.0,24.0,30.33073009785416,88.8134080187815,5.95694939488804,49.519485929479686,mungbean
37.0,18.0,30.0,27.63551259,99.34854917,6.38488418,157.91715369999997,coconut
104.0,25.0,55.0,29.81196601,90.36881284,6.123802502,22.68766503,muskmelon
34.0,54.0,24.0,31.2119298,41.55934359,5.026003659,68.80141783,mothbeans
61.0,41.0,44.0,24.36972377,82.11319791,6.537914957999999,159.92109340000005,jute
25.0,52.0,22.0,31.353546099845342,70.1178455826311,5.775826267168853,63.120258814014015,blackgram
102.0,73.0,52.0,27.9122104,83.36307683,6.356090905,90.24211529,banana
21.0,62.0,24.0,33.49077065,62.73317204,6.8473828910000005,65.45328463,blackgram
13.0,57.0,21.0,28.359596171731454,36.59791403264804,6.150072532985899,153.67321618313906,pigeonpeas
32.0,68.0,19.0,24.62835037,18.18325169,5.514234138,149.7441028,kidneybeans
113.0,6.0,52.0,27.76317235,90.35567642,6.740983646,25.21609113,muskmelon
75.0,56.0,32.0,22.168983513447387,81.88783083363161,6.069893366437985,253.1112048718041,rice
22.0,50.0,20.0,30.186663363180063,56.84654430288878,6.533510152753936,40.932556543529664,mothbeans
15.0,66.0,20.0,23.63573326668721,65.80111664100362,6.732657646203454,52.58867456884779,lentil
99.0,15.0,27.0,27.0424167,57.27927475,6.501157208,165.6872119,coffee
94.0,50.0,37.0,25.66585205,80.66385045,6.94801983,209.5869708,rice
100.0,32.0,26.0,25.234661,57.53161469,6.043485685,124.2261737,coffee
99.0,5.0,47.0,24.13078816,84.84494575,6.649086972,51.19470197,watermelon
36.0,59.0,46.0,34.28879307,93.61082872,6.721130542999999,127.2509777,papaya
85.0,89.0,51.0,29.21144871,84.70189923,6.1581644220000005,108.5501443,banana
14.0,52.0,23.0,26.556013042701792,38.4847982448276,6.440372734992253,54.55142407786333,mothbeans
30.0,61.0,28.0,30.623344703495672,47.21449601940878,6.275619626383207,144.98244890875984,pigeonpeas
36.0,49.0,28.0,30.61722766100979,55.56575020009301,6.192421151077808,26.287884373780145,mothbeans
99.0,39.0,18.0,19.20129357,68.30578978,6.11275104,87.85092352,maize
29.0,132.0,204.0,23.08950736,90.22507299,6.0967531,108.2166601,apple
19.0,47.0,24.0,26.8585211331438,86.10724725228181,6.42478455684195,48.961128922874295,mungbean
93.0,91.0,47.0,27.84767901,83.31110751,6.101241579,117.2878912,banana
21.0,39.0,20.0,28.14448546,82.1193047,7.064782137999999,46.75690086,mungbean
73.0,54.0,39.0,22.639274331206213,76.56033895148866,6.3379105454796525,187.3233201037203,rice
82.0,22.0,45.0,26.22338015,85.34866045,6.512196212,54.60159289,watermelon
4.0,20.0,41.0,24.26601316,93.7974061,6.537042717,104.5375109,pomegranate
61.0,68.0,50.0,35.21462816,91.49725058,6.7932454170000005,243.0745066,papaya
14.0,23.0,25.0,26.18552389,96.96637916,5.6121227970000005,135.4186222,coconut
112.0,25.0,51.0,25.04746944,85.5667282,6.932537231,56.72496677,watermelon
48.0,51.0,64.0,17.466980184632398,17.915963705352485,6.350976197420101,74.75980404949658,chickpea
18.0,78.0,28.0,17.487640956343345,18.048717305844832,5.923191098062175,77.56760225190806,kidneybeans
21.0,74.0,23.0,31.90100374162314,55.48472229730066,6.314866066309079,103.65297682951132,pigeonpeas
55.0,53.0,19.0,23.144821163128505,61.18830969568658,5.824594021443191,80.42552166398714,maize
46.0,50.0,34.0,25.97051363853028,75.9561251816672,5.973882575620132,133.65534446302368,jute
60.0,58.0,37.0,26.13871511,79.1188943,6.067302109,171.4892533,jute
27.0,67.0,23.0,15.484089141775826,25.37722710922284,6.484614098118151,124.00972068311016,kidneybeans
6.0,142.0,202.0,27.23708304,82.94573346,6.224542938,70.42508897,grapes
100.0,48.0,16.0,25.71895816,67.22190688,5.54990242,74.51490791,maize
58.0,51.0,25.0,22.578069860227068,69.14543835380816,6.204713817932178,92.8236294788106,maize
64.0,49.0,36.0,19.28577170838855,88.42563793889401,5.95616642459272,257.8379042221412,rice
70.0,38.0,35.0,24.39736241,79.26861738,7.014063944,164.2697011,jute
28.0,66.0,22.0,21.428595872659383,46.96417799250266,6.264745177956815,137.3413710311077,pigeonpeas
57.0,46.0,39.0,23.8429232889543,72.09701480911527,5.856101121070245,203.69677977546917,rice
49.0,46.0,33.0,24.84930828072038,78.22904705579141,5.751870556819135,147.5811109921519,jute
29.0,22.0,43.0,19.66329768,87.95158129,5.561851831,106.0380805,pomegranate
57.0,48.0,37.0,24.737501575244423,71.14769194105075,5.935508081387762,182.80808727996973,jute
40.0,5.0,32.0,26.07010807,96.7036223,5.981169595,143.533473,coconut
95.0,23.0,45.0,27.82424457,90.56698742,6.266208727,21.19014526,muskmelon
2.0,56.0,23.0,26.65333029,59.79023382,7.550090941,36.91852635,mothbeans
55.0,39.0,46.0,23.038427080507155,67.82799730761077,6.260620191785026,158.74718608227428,jute
25.0,65.0,67.0,17.465699741387137,14.934418750099944,5.923795553594088,64.59723107435737,chickpea
11.0,61.0,21.0,18.62328774,23.02410338,5.532100554,135.33780330000002,kidneybeans
19.0,122.0,202.0,23.34467359,90.37981478,5.811975094,112.8954016,apple
34.0,6.0,30.0,27.0828252,97.00155491,5.948342571,171.7575545,coconut
17.0,67.0,30.0,20.67493763224101,23.72543719742942,6.326034345344867,133.8867261971149,kidneybeans
27.0,52.0,23.0,24.979923744439883,52.88498916715925,5.942083525501922,37.79009876483939,mothbeans
27.0,69.0,26.0,19.459695223938787,22.492514783008765,5.995398094764073,55.63910950634407,kidneybeans
2.0,131.0,199.0,22.47420512,91.22759742,6.017370134,124.2179699,apple
75.0,46.0,38.0,22.618223247118507,88.20769969493199,6.643842309790703,267.2974663327486,rice
15.0,57.0,23.0,16.90264123099139,19.682553609383277,6.04557468901902,110.82560793171147,kidneybeans
35.0,70.0,24.0,28.116440854163567,42.8266645948433,5.90930642799605,123.88836610733776,pigeonpeas
85.0,33.0,25.0,26.20811417,52.50987966,6.910823945,189.0944824,coffee
17.0,52.0,17.0,27.88352946,86.45147631,6.364967184,44.64407105,mungbean
17.0,72.0,25.0,17.667530294817123,19.20145310520785,6.2320383375150366,79.88380570763266,kidneybeans
19.0,48.0,25.0,27.27057752553924,60.94288805305722,5.810671224452565,30.444809216900143,mothbeans
35.0,125.0,204.0,19.6491772,80.15215777,6.107741787999999,73.69529586,grapes
68.0,52.0,49.0,24.42561272,92.27749066,6.577192175,63.35298768,papaya
31.0,48.0,19.0,27.906150175624933,58.15943503349996,6.035714137169737,58.3678939474821,mothbeans
59.0,45.0,40.0,21.71722267978181,84.77434089468517,6.73462163911641,163.61740741210892,jute
101.0,31.0,26.0,26.70897548,69.71184111,6.861235184,158.86088869999998,coffee
26.0,67.0,22.0,27.445930772472863,67.32596662470564,6.821547484852749,65.43319797562856,blackgram
96.0,41.0,40.0,23.58419277,72.00460848,6.090060478,190.4242157,jute
33.0,54.0,26.0,28.12097612349155,83.42573935692377,6.184580616275557,47.84873757985491,mungbean
55.0,54.0,32.0,25.625210532656016,67.62075726756733,5.951043513406936,186.6729611214526,jute
32.0,53.0,26.0,34.4908521756576,37.31013048938813,6.3970436477669015,141.71936666412748,pigeonpeas
45.0,36.0,20.0,24.469401599448013,61.81150052251623,5.320934598617656,66.6851877620543,maize
89.0,45.0,36.0,21.32504158,80.47476396,6.442475375,185.4974732,rice
6.0,64.0,23.0,23.33565221,67.40460704,7.065264073,36.18678721,lentil
33.0,134.0,205.0,21.0365275,94.33919546,6.08551916,114.7412734,apple
83.0,45.0,21.0,18.83344471,58.75082029,5.716222912,79.75328959999999,maize
7.0,58.0,24.0,22.26281862859135,43.86774154812655,5.864169167287024,84.43080428647767,pigeonpeas
33.0,73.0,23.0,29.23540524,59.38967583,5.985792703,103.3301803,pigeonpeas
46.0,48.0,36.0,26.053882229444785,76.16960408521811,5.224055273847009,169.9609651640665,jute
98.0,44.0,21.0,25.77175115,74.089114,6.524478032,107.4931917,maize
41.0,66.0,21.0,27.922415710760948,63.81817901224238,5.908175285251714,56.664543793818886,blackgram
44.0,51.0,40.0,24.406638148611663,87.22976768083757,5.915420778771504,187.17307240663416,rice
17.0,56.0,17.0,27.94293692,45.41393636,5.9565851,69.66289997,mothbeans
17.0,49.0,32.0,29.68938664883817,89.29403205611662,6.486644904262205,32.63661269076484,mungbean
23.0,71.0,55.0,16.38450925345442,14.539753126492476,5.930704294749534,71.19818310905745,chickpea
71.0,56.0,37.0,23.18866654,86.20899734,6.491506245,176.103677,jute
23.0,62.0,85.0,18.97424756,19.5161216,8.490127142,80.7108745,chickpea
59.0,42.0,39.0,20.417525612713543,79.53394872951898,6.56587577736154,191.217881712,rice
64.0,48.0,49.0,26.703569537151505,76.6833021625279,6.038314409895548,169.03658946861475,jute
22.0,75.0,25.0,18.284930424028964,67.20915576048824,6.775347820135947,41.1668664589077,lentil
43.0,68.0,74.0,19.86441294999972,19.88581132984558,6.768846316238507,76.29929665249252,chickpea
60.0,57.0,24.0,18.66116213,61.55327249,6.1212940410000005,75.03247667,maize
4.0,40.0,21.0,28.79728147,80.45744422,6.725551062,44.30070517,mungbean
31.0,60.0,59.0,16.520627825109575,13.458883402223933,5.70103797660682,65.61109970884229,chickpea
89.0,54.0,38.0,24.51588066,83.53521629999999,6.685346424,230.4462359,rice
94.0,37.0,41.0,24.7634518,87.06071115,6.4635387070000005,179.1630865,jute
118.0,45.0,23.0,23.37044424,77.43198948,7.977651226,71.67870701,cotton
74.0,39.0,38.0,23.24113501,84.59201843,7.782051312999999,233.0453455,rice
62.0,60.0,22.0,18.82887584354831,64.02582302792432,6.180532102641933,89.7131080565305,maize
40.0,16.0,35.0,31.89356292,49.02450149,6.4841522000000005,89.59371481,mango
21.0,17.0,15.0,23.98289638,91.5473145,7.455991072000001,118.4901697,orange
59.0,41.0,38.0,21.952377265675548,78.58560734307413,6.077859358768007,164.33107441002574,rice
20.0,62.0,30.0,17.931555041225486,70.84610185360891,5.275387279376001,46.51929722115115,lentil
62.0,45.0,39.0,23.80743602809864,81.424912268576,6.35574216441335,137.31174489398748,jute
31.0,37.0,21.0,27.23924995,86.404241,6.713410626,37.31236904,mungbean
24.0,80.0,22.0,16.71170642,19.17651433,5.635993966,96.77285817,kidneybeans
0.0,133.0,200.0,23.67287749,90.4935574,5.708418722,104.2298028,apple
17.0,68.0,27.0,31.531527432778024,33.55707975548681,6.653943348462981,89.28629903603223,pigeonpeas
11.0,132.0,197.0,15.99050693,81.23966573,5.7343170070000005,74.40198861,grapes
39.0,129.0,203.0,34.38922481,83.18392806,5.863996687,71.03001556,grapes
24.0,38.0,21.0,34.058782257335395,50.373223192133054,6.252919337010603,61.35144108762859,mothbeans
69.0,54.0,28.0,20.33881151819715,75.974889743654,5.910409721773528,74.45537180217377,maize
39.0,75.0,29.0,28.86255302146809,44.93557309215337,6.39921419046197,192.5559007048245,pigeonpeas
44.0,55.0,25.0,29.6321052,65.91359954,7.42160832,71.16331975,blackgram
56.0,44.0,35.0,26.791311071180708,68.4136473184903,6.083522658673178,182.5880385719617,jute
17.0,64.0,16.0,30.97758716,32.24914235,7.161797643,180.716828,pigeonpeas
81.0,25.0,49.0,29.86895762,93.25103208,6.076459669,26.26243014,muskmelon
15.0,76.0,24.0,21.589794910642137,69.30445858205627,6.044309906201434,41.30771407585102,lentil
7.0,16.0,9.0,18.87957654,92.04304496,7.813916602999999,114.6659511,orange
49.0,57.0,70.0,17.00655854550496,17.4866686500071,6.833399952748461,77.13108117436195,chickpea
113.0,15.0,29.0,27.09617155,63.55324262,6.779230041,190.2440566,coffee
27.0,62.0,77.0,18.19737048,14.71070537,6.576415562,70.18185181,chickpea
114.0,8.0,52.0,29.34081108,94.5513539,6.419083092,28.22908103,muskmelon
67.0,61.0,35.0,26.504915641319183,82.18600613077325,6.023327950233513,154.9286076875986,jute
14.0,58.0,22.0,30.63784704688231,90.41171648805238,6.8094164093812415,49.0150649762608,mungbean
30.0,47.0,23.0,29.946151570735523,87.19926690141284,6.919142549564147,33.67391843700888,mungbean
99.0,92.0,47.0,28.127950899999995,77.48247073,6.3239336470000005,103.5045395,banana
31.0,35.0,23.0,30.30260453,47.18283631,7.707595055,68.04039813,mothbeans
20.0,41.0,20.0,29.27308605,89.4875022,7.073048264,50.9246554,mungbean
95.0,14.0,50.0,26.6333118,84.31756844,6.560443519,56.31866159,watermelon
92.0,81.0,52.0,27.39341554,81.4654833,6.438137278999998,94.31102057,banana
64.0,41.0,42.0,22.920631141788785,85.95773040493107,6.283995475844739,178.43265114722294,jute
9.0,69.0,24.0,37.09724327126809,54.98109753717368,5.514936557760258,101.84682817366472,pigeonpeas
10.0,141.0,201.0,22.12659387,90.97818277,6.386021424,104.5412275,apple
18.0,125.0,203.0,22.44307715,91.59234006,6.160267496,102.5565807,apple
6.0,69.0,19.0,26.88630675,41.69617915,4.7509292180000005,94.46748008,pigeonpeas
57.0,55.0,23.0,22.701790056885045,57.23630053335835,6.842878330725275,70.94788905294547,maize
13.0,75.0,20.0,30.55992394,35.29006485,6.979540061,178.8998611,pigeonpeas
28.0,44.0,26.0,26.96943312218448,92.44574873527333,5.838123582390065,41.416540195376015,mungbean
18.0,58.0,16.0,21.47607807,38.80023714,4.962661422,180.382234,pigeonpeas
87.0,35.0,25.0,21.44526922,63.1621551,6.178056304,65.88951188,maize
95.0,16.0,55.0,25.26931156,87.55055105,6.612847999,40.12650421,watermelon
36.0,64.0,23.0,31.405495284669897,63.51368004805716,6.331021499612956,79.56369754052719,pigeonpeas
45.0,48.0,18.0,17.58344450069017,63.466202496274605,5.893775411426521,67.72914226124944,maize
85.0,21.0,52.0,29.62800691,90.10051615,6.0751441160000015,23.69586761,muskmelon
12.0,39.0,21.0,28.99319096,62.85948245,8.183844843,70.4713043,mothbeans
89.0,40.0,43.0,26.24532085,72.97198375,7.124050134,189.9711184,jute
67.0,61.0,21.0,18.37291263060717,70.51653088597077,6.451031377903836,72.49409894373076,maize
9.0,57.0,24.0,29.89232778,89.71503316,7.165121108999998,42.99498978,mungbean
29.0,60.0,68.0,17.34550753587518,14.238212726393236,6.404357805099689,71.76404718163108,chickpea
36.0,58.0,25.0,28.66024187,59.3189118,8.399135957999999,36.92629678,mothbeans
26.0,11.0,11.0,13.70319166,90.95589386,7.609348255,106.2944879,orange
38.0,120.0,197.0,17.5438296,82.94703302,6.323722572,73.77063744,grapes
69.0,52.0,41.0,22.425680444780827,76.83676797544645,5.556197551216749,147.75183401302493,jute
38.0,6.0,25.0,25.54963273,96.92786777,6.156259104,191.2996157,coconut
32.0,71.0,57.0,18.138346725031727,17.068730155753567,5.492005673758353,84.13579213893706,chickpea
19.0,46.0,23.0,28.219918120852853,87.377481040546,6.686845349694515,47.68451371966388,mungbean
67.0,55.0,44.0,26.284017,75.14640198,7.251847296,182.2685447,jute
78.0,59.0,36.0,26.60185310813768,82.98137702248745,5.980211939856109,250.22015671618075,rice
29.0,52.0,15.0,27.011013473023095,88.7048932676903,6.167022818465889,56.3125884126835,mungbean
26.0,71.0,24.0,21.81774216980702,23.089027147052537,6.83434996980013,84.7533592895181,kidneybeans
31.0,52.0,21.0,32.950061677055935,45.50096713005647,6.310858947292722,65.50360776948139,mothbeans
70.0,57.0,36.0,22.33619770834892,76.61487606837213,6.091497806132193,169.6812543207194,rice
8.0,72.0,25.0,24.02760546352663,23.202792092824904,5.963913666584395,53.45950199363493,kidneybeans
28.0,74.0,81.0,18.01272266,18.30968112,8.753795334,81.98568791,chickpea
22.0,63.0,26.0,15.120233818843923,19.608327393933926,5.939220185116617,95.60696037729298,kidneybeans
100.0,40.0,35.0,27.56441788,54.41094079,6.9557873510000015,177.816092,coffee
92.0,7.0,48.0,26.27520631,86.63249555,6.956508826,54.38748495,watermelon
18.0,14.0,11.0,28.04799508,90.00621688,6.550814117000001,117.1311498,orange
20.0,69.0,20.0,37.20247186123554,30.35803046951312,6.278949296957453,102.13188092785474,pigeonpeas
96.0,54.0,22.0,25.70196694,61.33450447,6.960358276,83.20711308,maize
68.0,40.0,19.0,26.14384005,66.20569924,6.655426355,107.2361366,maize
35.0,66.0,81.0,19.37101121,15.77458129,6.138243973,85.24819851,chickpea
112.0,49.0,25.0,25.68959532,77.90621048,6.470135478,66.19426787,cotton
10.0,61.0,20.0,37.75323192466065,31.109140778871627,6.420084019610778,144.63260146183558,pigeonpeas
8.0,23.0,38.0,19.30106297,87.1775172,7.005410734,105.4766591,pomegranate
27.0,63.0,19.0,20.93409877,21.1893007,5.562201934,133.1914419,kidneybeans
4.0,77.0,21.0,26.275624203098637,51.49885774093616,5.5274460350572,129.14190688418512,pigeonpeas
84.0,49.0,35.0,18.14161615549977,84.66787527595501,6.3138108870313365,234.98768490923192,rice
42.0,60.0,61.0,19.274626017677413,18.16187601642944,6.562598167481091,63.2838647698295,chickpea
76.0,51.0,18.0,26.16985907,71.96246617,6.247040422,79.84925393,maize
7.0,56.0,18.0,18.31357543,24.32991649,5.698371311,76.14153904,kidneybeans
74.0,51.0,27.0,27.839808154390585,69.92542480359475,6.8936132442323474,89.62832189368655,maize
58.0,61.0,40.0,23.421061471356214,79.44323250651034,5.8084311749769295,194.21784013832223,rice
14.0,58.0,17.0,30.53684308,59.96664731,4.605700542,33.48919022,mothbeans
57.0,54.0,30.0,19.319909453557862,64.85304174192407,6.687173454928914,67.7675189636123,maize
22.0,77.0,20.0,28.313784018884697,70.29749046437091,6.158959760571749,121.29930050301844,pigeonpeas
56.0,59.0,55.0,37.03551903,91.79430166,6.551892637999999,188.5181422,papaya
27.0,50.0,24.0,30.16801670861043,53.928188377946846,6.364288033319057,58.48874913182817,mothbeans
30.0,49.0,22.0,28.843208961368894,58.885241908736056,5.657457167603977,59.89244000492538,blackgram
61.0,64.0,26.0,17.035516775954296,72.82542194187663,6.7936323818283295,69.5013215206398,maize
37.0,71.0,16.0,26.28663931,68.51966729,7.324863481,46.13833007,lentil
33.0,59.0,26.0,20.087905971639827,65.13120701317021,5.824250817552073,39.55218809782389,lentil
120.0,20.0,34.0,23.56960509,50.56339727,6.906124587000001,130.3797119,coffee
39.0,58.0,85.0,17.88776475,15.40589717,5.9969320370000005,68.54932919,chickpea
38.0,15.0,30.0,28.91862016,48.13974548,5.075504537,97.01331604,mango
101.0,92.0,45.0,28.22776705,80.64303840000002,5.758054257,98.00403016,banana
48.0,65.0,78.0,17.43732714,14.33847406,7.861128148,73.0926704,chickpea
91.0,55.0,15.0,18.09300227,72.61024172,6.376651091,78.96159541,maize
56.0,42.0,26.0,22.396550058143816,57.981641860507445,6.499073789659071,56.876514921250845,maize
101.0,10.0,47.0,25.5421695,83.31883376,6.936997681,57.57343233,watermelon
90.0,14.0,52.0,24.84740848,89.20454622,6.391858432,59.67927244,watermelon
99.0,55.0,35.0,21.7238313,80.2389895,6.501697816,277.9626192,rice
104.0,80.0,54.0,27.09062164,81.33506906,5.879119455,110.1331182,banana
34.0,68.0,25.0,29.32878930105167,56.19839030199916,6.71800524059357,98.4740724740838,pigeonpeas
35.0,63.0,76.0,17.81564548,17.60756635,7.714153037999999,90.82097601,chickpea
27.0,62.0,68.0,17.536934932110128,15.265772365578863,5.833636307643933,67.24576508564722,chickpea
58.0,75.0,25.0,25.25596239,61.36669662,7.261791753,68.64685069,blackgram
30.0,73.0,64.0,17.361720718000758,14.83010780224368,6.803399209409953,76.92388794274474,chickpea
60.0,44.0,23.0,24.7947077,70.04556743,5.722579819,76.72860067,maize
129.0,47.0,20.0,24.41212325,80.80343786,6.281913857999999,98.60457373,cotton
27.0,62.0,27.0,20.211459377983008,19.394808550773263,6.521827395233787,78.0079759748584,kidneybeans
18.0,19.0,29.0,27.59376845,92.48519606,6.206077742000001,162.8432736,coconut
50.0,46.0,52.0,31.18298415,90.21646909,6.734005647999999,54.01872359,papaya
98.0,7.0,45.0,27.79161808,92.51054946,6.157724816,26.85422624,muskmelon
75.0,54.0,36.0,26.29465461,84.56919326,7.023936392,257.4914906,rice
51.0,53.0,35.0,23.63320990265608,68.12842146508237,6.4468853858252295,139.36206045332594,jute
43.0,58.0,66.0,16.91958728254768,17.189312912622874,6.955884727416746,70.78130328939282,chickpea
76.0,49.0,42.0,24.958779,84.47963372,5.206373153,196.95600080000003,rice
36.0,55.0,23.0,29.575465430688496,48.74328238108341,6.673024350023837,34.8913625633411,mothbeans
64.0,43.0,35.0,24.27923550684216,89.56934877230064,6.488218381739424,132.1763253632697,jute
5.0,59.0,15.0,18.87492997,20.18238348,5.97229163,134.1811718,kidneybeans
32.0,55.0,22.0,23.859894808662776,18.74802126863729,6.6236922250095205,138.70203225941592,kidneybeans
40.0,121.0,199.0,26.18159716,81.03886263,6.315586313,66.05911698,grapes
45.0,46.0,23.0,20.345873830498764,61.22212771058476,6.308874346860533,60.12666654346415,maize
63.0,50.0,52.0,28.64555584,93.22642604,6.751747609,115.8163936,papaya
86.0,6.0,53.0,25.92030221,83.47202566,6.921847887999999,42.10681516,watermelon
32.0,68.0,21.0,29.8356581414949,69.66260111981312,5.986751439704866,63.20466726940792,blackgram
77.0,57.0,40.0,20.63466685823109,76.73897034581393,6.652590825449075,232.14400196157385,rice
32.0,11.0,31.0,25.06871967,93.31410447,6.205931637999999,134.84190690000003,coconut
26.0,65.0,22.0,17.84806561,18.77621951,5.9499490810000015,143.09841709999995,kidneybeans
1.0,35.0,34.0,30.79375683,46.69536813,6.27339822,92.21318555,mango
29.0,71.0,18.0,22.17499963,62.13873825,6.410441476,53.46622584,lentil
29.0,50.0,20.0,28.55029790364458,84.1017686144473,6.488774622118841,41.600322052065295,mungbean
40.0,21.0,8.0,34.90665289,92.87820148,7.418761774,102.1906333,orange
47.0,43.0,20.0,24.789986170737716,66.74328112065204,6.4393177062807325,67.72504074489501,maize
75.0,56.0,18.0,19.39851734,62.35750641,5.696205468,60.95197486,maize
35.0,57.0,83.0,19.48316794,17.44534641,7.476800943,80.4986291,chickpea
73.0,44.0,21.0,19.81567367928006,70.2754157853976,6.67015942870597,79.44544014912874,maize
111.0,27.0,31.0,23.59302313,55.27564977,6.0433309510000015,191.3980675,coffee
22.0,51.0,16.0,27.96583691,61.34900107,8.639586199,70.10472076,mothbeans
6.0,139.0,199.0,25.67385024,81.6212135,6.29099842,74.10919422,grapes
35.0,52.0,15.0,28.69841277,61.14754363,9.93509073,65.67591794,mothbeans
25.0,38.0,24.0,26.755709825698855,84.82486859645492,6.500648925258396,35.36987161178142,mungbean
58.0,51.0,47.0,42.13473976,91.70445386,6.757470637000001,197.402901,papaya
23.0,54.0,32.0,26.924884140083947,42.879993217549305,6.728515606950391,141.71780760146103,pigeonpeas
75.0,45.0,23.0,21.885352115523062,58.61306927893213,5.811201130272499,87.76859357788342,maize
84.0,49.0,38.0,24.303342377041357,81.4662996961198,6.808610296074634,262.66791617518635,rice
42.0,62.0,75.0,18.17912258,18.90426935,7.010570541,81.84997529,chickpea
32.0,61.0,25.0,24.04646713590739,70.0088852416234,6.739870463647096,37.44526605643229,lentil
18.0,72.0,23.0,24.05374985007356,20.20561271598032,5.5776839407976295,91.48470925671306,kidneybeans
87.0,23.0,28.0,26.22367404,62.26594559,6.979590627,193.7461968,coffee
35.0,80.0,25.0,28.09269012,44.93322042,4.895927306,197.1144011,pigeonpeas
22.0,55.0,22.0,15.094646122511705,21.315600501745777,6.555879220201442,85.69170881128852,kidneybeans
24.0,75.0,25.0,31.4018657960684,64.32108705419846,5.878642612173881,67.85376410102582,blackgram
15.0,27.0,28.0,33.80398664,46.12866113,4.507523551,90.82549241,mango
23.0,60.0,25.0,21.743992165835657,61.92446579687814,6.7112243985495486,55.417528742048106,mothbeans
14.0,37.0,15.0,27.96235681,83.97586797,6.581351374,48.9366954,mungbean
107.0,58.0,15.0,23.73868041,75.77503808,7.55606399,76.63669195,cotton
100.0,52.0,19.0,23.45969093,82.44777468,7.903528672999999,93.50153555,cotton
93.0,26.0,27.0,24.59245684,56.46829641,7.288211994,137.70440469999997,coffee
33.0,46.0,23.0,29.72457752186364,42.30170458932878,6.8510027112794445,35.824134411046465,mothbeans
34.0,32.0,21.0,29.309186756790048,81.58112017316998,5.408133850597096,50.39255103645936,mungbean
24.0,83.0,25.0,34.986116959643475,40.1898205208645,6.629076606862004,124.83101570466096,pigeonpeas
85.0,27.0,45.0,26.0713757,88.7285657,6.467095849,57.79652846,watermelon
85.0,21.0,47.0,29.87331077,90.60932469,6.186770318,24.69720481,muskmelon
10.0,63.0,25.0,21.14421002730791,47.6776056334199,6.595465229442421,144.88200735659055,pigeonpeas
23.0,63.0,27.0,26.138047593197097,90.20277889163468,5.475800598413019,50.46976661272458,mungbean
49.0,60.0,70.0,18.788375921997936,15.067776939983542,5.487012172038996,65.43815433879186,chickpea
36.0,65.0,16.0,25.71269843,64.1123333,7.692013657,50.17067771,lentil
40.0,9.0,41.0,24.37766782,85.4017118,5.78270695,106.128338,pomegranate
30.0,37.0,25.0,29.89129144,80.14487166,7.120032489,54.7960127,mungbean
27.0,60.0,21.0,30.7084241829312,69.2418036162071,6.921055224709056,61.275681701489376,blackgram
72.0,55.0,39.0,21.0785755703492,89.1553943602747,6.582085755779617,213.83423856829856,rice
7.0,56.0,23.0,25.776837738320516,60.984284121653175,5.782030560716533,28.60176972649743,mothbeans
21.0,26.0,27.0,27.00315545,47.67525434,5.6995869720000005,95.85118326,mango
30.0,37.0,23.0,29.222354464859507,87.98003211419274,6.499686150044764,50.77944923961374,mungbean
67.0,47.0,25.0,23.36988053589749,58.78128201701315,6.473562661274302,105.95322599943545,maize
21.0,76.0,25.0,30.921031331024363,36.006037124518265,6.143343470230004,91.75083116288631,pigeonpeas
120.0,48.0,16.0,22.46054478,75.40989245,7.456971816,71.85436078,cotton
72.0,63.0,45.0,27.534599840081093,84.64616645710387,6.6850979822304994,206.15446041594487,rice
50.0,55.0,16.0,28.81460716,65.33538112,7.581442888,62.26242533,blackgram
67.0,51.0,33.0,21.92598011285765,75.82422836244476,5.988747369490207,176.34587543132065,rice
101.0,75.0,50.0,26.59386409,81.40740301,6.242528277999999,109.9825551,banana
68.0,47.0,40.0,23.805553592813563,77.80678169901776,5.170595847071865,234.57330888705587,rice
39.0,70.0,24.0,33.06941255977476,48.50986163159798,6.048536704477185,85.20406415526854,pigeonpeas
3.0,141.0,197.0,21.98141856,91.12719303,6.142803397000001,115.4789148,apple
86.0,55.0,21.0,21.54156232,59.64024162,6.803931519,109.7515385,maize
19.0,36.0,22.0,25.44689075,58.55363573,6.16496284,57.04826619,mothbeans
14.0,41.0,17.0,29.12939524,88.48312598,7.085982325,36.45012824,mungbean
117.0,81.0,53.0,29.50704598,78.20585613,5.507641777999999,98.12565829,banana
40.0,140.0,195.0,14.97846952,80.49979873,6.2943956760000015,71.63437433,grapes
64.0,40.0,31.0,27.33900281237263,75.07952191370327,6.8866283340645404,186.722651451526,jute
48.0,57.0,54.0,29.02328049,90.20396783,6.617703177999999,126.8069869,papaya
34.0,59.0,23.0,28.56212158,83.24855855,6.935804256,56.48265193,mungbean
121.0,53.0,19.0,23.51308653,76.72621429,7.976889497999999,80.11272117,cotton
66.0,50.0,23.0,19.23487670790688,59.79246950692743,6.101054710330994,93.8214491844452,maize
105.0,74.0,45.0,25.14517635,81.38204104,6.098369122,119.218154,banana
35.0,57.0,25.0,27.0956288,42.26206161,8.340398059,71.12710390000002,mothbeans
20.0,7.0,45.0,18.90592319,89.24126808,6.077886012,112.4750941,pomegranate
35.0,56.0,63.0,18.79258192436361,15.624111534096368,5.342293658037316,56.34022860583018,chickpea
19.0,53.0,25.0,28.54617045034381,46.19362326872187,6.263739954284208,64.33850263488432,mothbeans
118.0,15.0,45.0,24.21495706,84.20576992,6.538006356,48.01138482,watermelon
136.0,36.0,24.0,22.74446976,80.41198458,7.59781958,90.07326633,cotton
37.0,75.0,61.0,16.007096293364626,16.880997076489997,6.917460960948464,71.37195080265256,chickpea
85.0,53.0,38.0,24.90075709,73.84186449,6.588017308,153.8990984,jute
17.0,59.0,17.0,18.416700100000003,23.42829938,5.689858133,132.9801054,kidneybeans
25.0,58.0,67.0,18.378969148720785,15.557116555830984,6.563942350301025,82.6512359017743,chickpea
17.0,57.0,24.0,27.867511199305103,73.1875451691258,6.475125454430501,35.075804344565974,lentil
65.0,48.0,40.0,26.136678825809632,85.53640877044195,5.929542602489948,152.37299172637913,jute
67.0,33.0,36.0,24.41328809111941,84.24669172484168,5.202347272610255,234.5324275396944,rice
91.0,7.0,53.0,25.13735887,89.28272716,6.457216535,43.52897517,watermelon
0.0,5.0,36.0,24.35193812,90.88612388,6.152906502,105.529185,pomegranate
17.0,50.0,25.0,31.06619714380309,86.71001417988862,6.7253987775954185,46.23606259198702,mungbean
28.0,45.0,23.0,29.65021184,80.29868321,6.489259136,56.76278363,mungbean
38.0,59.0,61.0,17.929036523274398,14.645202230718352,6.064890401513991,67.8295101199638,chickpea
21.0,6.0,41.0,24.88244467,89.39686219,7.086947687,107.1951707,pomegranate
25.0,64.0,28.0,19.13850986929649,21.05341133167376,7.003077818734138,89.82153850808604,kidneybeans
23.0,76.0,25.0,26.453343854097508,60.03522211483059,6.3051618397116656,46.274299332447455,lentil
20.0,8.0,12.0,25.2990432,94.96419851,7.260416405,117.9733424,orange
84.0,39.0,35.0,23.17714381,52.13864034,6.959404135,117.3113562,coffee
44.0,57.0,53.0,42.30495821,90.51431779,6.93172108,74.876786,papaya
22.0,17.0,26.0,28.69818144,47.71875722,4.754435025,99.642454,mango
59.0,52.0,38.0,26.19105792431051,89.62034348816917,6.466374608450418,189.67132168524276,rice
48.0,69.0,23.0,26.105525948510422,62.10895257433542,6.850282472462958,54.67013982983683,blackgram
95.0,21.0,47.0,27.93114233,93.56161439,6.431970877,20.66127836,muskmelon
14.0,68.0,25.0,26.74003930083864,35.90686098380292,6.910559623745322,181.32039944617432,pigeonpeas
30.0,127.0,204.0,22.50050273,92.45878335,6.126436584,100.9343903,apple
78.0,53.0,32.0,25.31076487128192,83.98800619360802,5.927113152888299,187.326886162963,rice
79.0,59.0,17.0,20.37999665,63.73849998,6.644205485,108.5054416,maize
107.0,31.0,31.0,23.17124551,52.97841162,6.766184468,153.12016440000005,coffee
18.0,66.0,22.0,30.711713155687903,53.55068186598907,6.711431898833308,119.64523157812636,pigeonpeas
11.0,71.0,17.0,19.9191786,21.47324158,5.74644777,82.68554379,kidneybeans
19.0,66.0,24.0,19.06622576534024,59.518598991935946,6.399261368051929,32.2909823077683,lentil
95.0,16.0,46.0,27.076726500000003,90.14362622,6.74669542,24.4514648,muskmelon
65.0,39.0,45.0,23.66805429,70.89000744,6.768001309,184.4633281,jute
71.0,42.0,31.0,24.252845138094592,72.2825484579878,6.225729984327326,141.15036888275793,jute
37.0,69.0,23.0,21.58114407114698,56.08056117934668,6.5762275385506745,162.86673191284558,pigeonpeas
117.0,32.0,34.0,26.2724184,52.12739421,6.758792552,127.1752928,coffee
27.0,63.0,24.0,30.942671393311077,68.80959618279516,5.868728227183086,66.86122969932987,blackgram
16.0,60.0,28.0,27.50989345840601,81.21068621191078,5.933713702857224,46.58274165593065,mungbean
26.0,51.0,25.0,28.76488954,52.62741529,7.792508067999999,55.21606732,mothbeans
72.0,44.0,41.0,19.67681068519983,79.23468439281376,6.546883823498202,203.8763598699332,rice
32.0,61.0,28.0,18.01399052714499,24.782742914689845,6.755635910574947,129.01692336629472,kidneybeans
57.0,53.0,25.0,27.180214753711155,58.65969794444336,5.94952535225945,78.45702476217373,maize
16.0,65.0,24.0,23.507082488628207,23.526350892882306,6.588195067320049,73.84927260125087,kidneybeans
39.0,58.0,26.0,31.989042900119923,37.67908296203347,6.010795020299591,171.69919693954813,pigeonpeas
39.0,57.0,65.0,18.824615649432403,16.747646076126042,5.50967087270636,65.41150789984944,chickpea
22.0,37.0,20.0,27.62749466,86.49366929,6.605733067999999,39.26137642,mungbean
68.0,52.0,38.0,25.072722436638852,73.30676759675002,7.006549260499945,159.82149833043573,jute
70.0,54.0,46.0,39.73149053,91.12220596,6.919342407,122.7628653,papaya
36.0,45.0,20.0,27.488443514481546,51.32515631889383,6.782413010154867,28.166126291610382,mothbeans
65.0,45.0,39.0,23.650458284596112,75.60871577615472,5.220568887072002,237.4522779144079,rice
62.0,51.0,35.0,23.642446154136252,77.94097045524802,6.053228693528531,181.85602293633175,jute
9.0,52.0,26.0,26.103139255051104,59.064941274164575,6.137323317767604,34.73947706568752,mothbeans
3.0,44.0,24.0,29.64197380943364,40.60463609188358,5.401844239762237,40.92232279602446,mothbeans
89.0,11.0,47.0,29.78714005,94.65343534,6.327822962000001,27.8659442,muskmelon
18.0,58.0,22.0,28.92046318900856,74.7679299980186,6.049709614346916,39.90346132130702,lentil
35.0,51.0,17.0,28.79929247,49.84213387,3.558822825,40.85534718,mothbeans
98.0,35.0,18.0,23.79746068,74.82913698,6.252797547999999,91.76337172,maize
66.0,62.0,34.0,21.89928612572547,87.3060396576184,6.571100266116811,202.17008070366933,rice
14.0,71.0,28.0,25.76690463640365,62.57801592166147,5.563537642983187,34.504308423,lentil
55.0,56.0,40.0,26.25419577206672,75.53000314480191,6.324128418042627,177.61045687555952,jute
28.0,51.0,27.0,27.64738215158125,60.21921856446016,6.11118180218532,35.87455214390667,lentil
41.0,65.0,21.0,26.317149126858894,64.36200638495734,6.22536347184935,65.8178923612485,blackgram
58.0,44.0,34.0,26.79148689991564,80.25196883493413,5.953924232335848,224.20012580016208,rice
12.0,71.0,23.0,17.825732530279588,51.93929216222345,6.548498118260175,130.6650404959358,pigeonpeas
123.0,39.0,24.0,25.00755095,78.17952126,7.453106264,86.06411872,cotton
34.0,53.0,26.0,27.23562753298825,81.50960503697172,5.419030075777561,51.66586828131184,mungbean
21.0,65.0,24.0,20.763405434731705,64.25834963274028,5.443838176775981,43.71914889603638,lentil
54.0,51.0,34.0,29.007303597005908,92.05856735075784,6.765222669288455,156.55974366388966,jute
36.0,51.0,69.0,21.81246592427638,18.5256470760526,6.990836590869251,76.3254055857234,chickpea
19.0,63.0,25.0,16.944957597829205,20.978407331001847,5.802273393425861,122.75358125017524,kidneybeans
23.0,69.0,24.0,28.0952926964514,67.72976364860698,6.474173337349506,62.95585535096351,blackgram
35.0,51.0,21.0,28.30056596253129,89.65852306706081,6.66096636000277,51.85061436840934,mungbean
58.0,61.0,15.0,30.94908189,64.23364112,7.402891666,62.78730907,blackgram
102.0,25.0,50.0,28.20480805,92.91440379,6.099662369,20.36001144,muskmelon
42.0,60.0,25.0,29.223556432435995,61.88815141437009,5.404992219942022,60.770372484018,blackgram
110.0,15.0,48.0,28.57819995,92.86597437,6.2125672110000005,27.598717800000006,muskmelon
24.0,6.0,32.0,28.11321494,90.01734526,6.387067562,172.48136409999995,coconut
33.0,81.0,20.0,24.347976868579725,65.57817688988528,6.665911034745927,33.30887980573708,lentil
82.0,25.0,51.0,24.31334971,87.47409052,6.074209622000001,48.11248366,watermelon
36.0,67.0,20.0,20.39078312,60.47528931,6.924042372000001,53.31508572,lentil
80.0,26.0,55.0,24.53442564,88.989272,6.140099215,49.11618732,watermelon
70.0,36.0,42.0,21.84106875,80.72886384,6.9462098810000015,202.3838319,rice
17.0,69.0,25.0,19.5673662705568,23.803193881104047,5.3577963445442265,80.78858553396363,kidneybeans
22.0,42.0,22.0,25.54249137,56.96640758,7.887658711,48.46797044,mothbeans
104.0,17.0,46.0,25.7131428,80.22972777,6.190015912000001,43.08961827,watermelon
39.0,52.0,53.0,32.51247398,94.65904123,6.704204398,51.07048113,papaya
14.0,19.0,14.0,17.68408797,94.35815354,6.699164936,108.0638166,orange
6.0,70.0,19.0,20.006314432688235,55.83512558906904,6.09459456616672,34.78568702597728,lentil
0.0,123.0,205.0,22.02775403,92.96129462,5.790993052,121.1349176,apple
12.0,57.0,19.0,21.07323081858821,17.861677804563026,5.947950142374846,103.74143950493576,kidneybeans
26.0,56.0,30.0,25.42758580628809,38.538877622668565,6.156932949830727,103.37114694090924,pigeonpeas
50.0,56.0,40.0,27.28784528757897,78.16938286531041,6.050034725931094,189.72947099611395,rice
59.0,43.0,40.0,26.65891695030409,73.10643119037286,6.692916253984312,174.20335180689943,jute
50.0,57.0,42.0,21.5919854952707,84.80130335717512,5.564699215362685,249.60670031742623,rice
19.0,30.0,30.0,29.56549169,91.40896307,5.826381164,224.83157290000003,coconut
34.0,21.0,42.0,18.75927679,89.93457597,6.648687273999999,111.0196744,pomegranate
20.0,57.0,22.0,21.32408560519122,56.60031189654512,6.826627673401502,53.05882095347977,mothbeans
9.0,51.0,19.0,27.04453473,49.32609633,5.49091063,48.25207759,mothbeans
103.0,16.0,49.0,24.06731461,81.64075303,6.915717008,51.75212401,watermelon
8.0,120.0,196.0,24.06679352,82.66396666,6.053662544,69.81855775,grapes
88.0,29.0,51.0,24.71885473,88.94568335,6.095689937,48.45978627,watermelon
27.0,56.0,67.0,17.826389084650895,14.093697116256845,5.82088411048785,62.59928991603906,chickpea
34.0,62.0,70.0,19.12515669789591,16.04008619121671,6.023089908192052,77.62932744469958,chickpea
62.0,49.0,41.0,27.947125664109148,80.53623581762417,5.59972913199312,181.843067016,rice
18.0,55.0,23.0,21.9989826,56.31006755,6.98571967,136.82743119999998,pigeonpeas
39.0,59.0,29.0,29.322164461858254,66.66768602637765,6.805642913883465,55.507389405000005,blackgram
44.0,64.0,70.0,16.2466992656771,16.192227220668155,6.654376466462306,72.25790035251323,chickpea
16.0,35.0,31.0,32.27652024,50.19368841,5.316875978000001,95.99487068,mango
59.0,64.0,36.0,22.656345196786333,95.78058786020613,6.893273747348696,173.6538799538312,jute
19.0,67.0,26.0,20.686350799433587,22.060321097057223,6.433756030586824,134.16994927940723,kidneybeans
79.0,45.0,20.0,23.80546189,59.24537979,5.715208817000001,89.96220140000001,maize
23.0,68.0,70.0,18.168038909884118,15.580418815423062,6.103289229627342,74.6980434158366,chickpea
69.0,57.0,34.0,28.74218967162341,75.62896509776658,6.9117887615449085,171.7911002347457,rice
50.0,47.0,48.0,24.63676897,90.61964344,6.712772332999999,218.2299187,papaya
115.0,18.0,53.0,29.17052093,94.19790371,6.0124803510000016,22.06994464,muskmelon
41.0,64.0,28.0,31.014928653863272,64.49510253452621,6.17582915998695,63.835257460141165,blackgram
14.0,121.0,203.0,9.724457611,83.74765639,6.1586894060000015,74.46411148,grapes
65.0,43.0,25.0,27.50483090259836,65.55483192699614,6.830061119842779,58.1262398028,maize
48.0,36.0,41.0,22.932836935653253,72.26484631924924,5.362057587489542,166.65784202940142,jute
38.0,61.0,20.0,26.320564213913556,67.54525416024899,6.0449598080707085,59.86004267256979,blackgram
38.0,60.0,24.0,27.56701026009708,65.09642557358653,6.494996059348555,54.78101894460001,blackgram
3.0,68.0,16.0,18.31910448,34.69776639,4.964887857,107.4721605,pigeonpeas
38.0,77.0,22.0,28.234829,69.3159965,6.313284267999999,35.36831423,lentil
39.0,132.0,196.0,35.83089092,83.32560104,5.778594403,73.67984885,grapes
17.0,77.0,23.0,24.51324787,20.81527638,5.670062975,64.19497947,kidneybeans
32.0,56.0,24.0,31.46273350232899,52.54273050850068,6.680561165809186,46.37640010581973,mothbeans
55.0,67.0,16.0,34.37329112,69.69366426,6.596719015,70.27184748,blackgram
79.0,51.0,24.0,25.79253531383441,71.65994139285488,5.43403919260112,92.2376691274586,maize
32.0,129.0,201.0,16.36251869,83.00471609,6.48754639,71.55665483,grapes
34.0,76.0,68.0,20.785576529148823,16.33077979934468,6.682089450467748,77.92632569596006,chickpea
98.0,43.0,35.0,25.40785911,76.44048625,7.319952206,188.6372826,jute
31.0,13.0,33.0,29.69952329,95.21224392,6.342463714,148.30036919999995,coconut
70.0,42.0,43.0,23.16814977,76.66724969,6.508342839,157.1215052,jute
6.0,61.0,23.0,23.727186597175923,24.15904401803172,6.134642090877851,74.69228120094334,kidneybeans
61.0,53.0,20.0,20.508291491614614,60.72166454192559,6.338018950917694,52.61205639673834,maize
6.0,13.0,9.0,34.51423957,90.56151463,7.786725333,118.32719679999998,orange
28.0,10.0,30.0,29.8690834,91.14723422,6.305740522000001,192.7678575,coconut
27.0,66.0,24.0,21.11197350053712,59.902132668743526,6.54104061014584,47.5561762644,lentil
28.0,23.0,28.0,30.01821337,50.09831810000001,5.676032581,96.08745082,mango
45.0,65.0,21.0,29.61696815959624,77.07987915756162,6.491738823823891,50.94838549704272,blackgram
118.0,18.0,32.0,27.6496114,51.11044023,6.351823783,122.8392822,coffee
94.0,54.0,17.0,23.39128187,61.74427165,5.871647806,107.3198135,maize
113.0,33.0,34.0,26.00373964,62.144510200000006,6.559817161000002,153.477776,coffee
105.0,77.0,52.0,29.16226551,76.16151562,5.816622478999999,100.0075679,banana
117.0,34.0,25.0,24.83846178,56.7685316,7.21270048,124.4135035,coffee
35.0,73.0,21.0,23.163975054286528,60.63591344874107,6.593879794796843,37.50682233507472,lentil
24.0,18.0,6.0,26.56608303,94.45239715,6.285312759,116.3796525,orange
62.0,49.0,37.0,24.21744605,82.85284045,7.479248124,166.13658859999995,jute
22.0,75.0,24.0,28.520788737763286,59.32344787496434,6.946839778442237,30.83771461873721,lentil
37.0,65.0,63.0,16.620003489463453,16.442611705447515,6.61804745154207,88.28194230472715,chickpea
59.0,42.0,48.0,24.476356713489807,89.88611232168913,6.232075678906463,148.4264032743657,jute
52.0,58.0,16.0,30.64095781,61.14508627,7.167435834,71.36947525,blackgram
37.0,41.0,20.0,29.287360905357914,89.35176095176449,6.327843725943382,53.534966603461285,mungbean
55.0,54.0,38.0,26.83292351280593,83.94864621140349,6.036484752157156,200.4352927220957,rice
49.0,47.0,42.0,24.60818898339125,79.53544204811915,6.154476136276352,151.76121186378282,jute
23.0,61.0,64.0,18.04347802919824,18.717648720941533,6.209207731186823,67.0139161298752,chickpea
67.0,50.0,19.0,25.320591710719736,64.045816760262,6.575047591014179,54.75973632169867,maize
45.0,50.0,26.0,23.532265901436634,69.8505428744881,6.695816788323106,69.72759906863374,maize
24.0,58.0,21.0,30.337255745244832,66.82139771007499,6.207714661846155,38.94997095852826,lentil
18.0,21.0,35.0,23.2801227,94.94330457,6.368560522,111.1382096,pomegranate
69.0,46.0,21.0,18.97860828758357,59.992148748007885,6.253193116425504,82.22499309174424,maize
81.0,16.0,45.0,26.90435747,86.25426228,6.727468157000001,59.75980023,watermelon
51.0,47.0,38.0,26.240004334487267,79.8962441599561,6.658972174821701,165.44191180854375,jute
56.0,67.0,78.0,17.57445618,16.71826572,8.255450758,77.81891424,chickpea
30.0,45.0,21.0,29.40836976965574,49.543113040921845,6.314956666984377,34.381424546261414,mothbeans
12.0,48.0,23.0,27.12372746067836,59.89697462848645,6.535063978286074,66.27862781502508,mothbeans
37.0,137.0,199.0,22.63946441,90.18451645,5.697945522,108.3405879,apple
63.0,52.0,38.0,23.39587363172321,81.61405091271662,6.464970499913551,133.62265425887855,jute
36.0,56.0,83.0,18.89780215,19.76182946,7.4526709,69.09512477,chickpea
60.0,47.0,41.0,23.36458909516964,86.38732436504992,6.434411604392585,134.14373276262685,jute
10.0,56.0,24.0,26.3421744108168,58.586512443840384,6.440993400253749,33.105503090607705,mothbeans
9.0,141.0,202.0,21.01245395,81.17931863,6.119495295,66.38448261,grapes
103.0,33.0,25.0,27.10210397,55.74973320000001,6.911066044,139.5013171,coffee
80.0,18.0,52.0,27.87317436,91.14849627,6.484799661,24.05207925,muskmelon
106.0,14.0,45.0,24.47018505,84.16390229,6.417011754,57.26773002,watermelon
20.0,67.0,22.0,20.4031454737721,68.0765223283256,5.654023276677371,52.66932130036469,lentil
51.0,57.0,26.0,18.932433078437143,58.497623984828536,6.065402699563527,69.8165750194418,maize
53.0,59.0,20.0,33.8135497400978,67.30658258974361,6.126915813012064,55.261527341617104,blackgram
23.0,37.0,24.0,28.77833449,44.2252605,7.991902443,33.95825723,mothbeans
68.0,45.0,36.0,21.903584054538943,73.20106505491896,6.012545751567248,187.39229495943,rice
23.0,61.0,24.0,25.824106412272123,65.64385352204097,5.916367943694092,54.06251146463653,blackgram
40.0,55.0,19.0,29.74998848280851,93.2145030655653,6.708675931564786,37.48096259750802,mungbean
105.0,14.0,50.0,26.2148837,87.68839820000002,6.419052193,59.65590798,watermelon
78.0,54.0,38.0,28.213554876699945,81.4456817969893,6.139073602838086,158.5858228270147,jute
52.0,73.0,79.0,17.25769499,18.74943955,7.840339388999999,94.00287214,chickpea
22.0,56.0,25.0,21.502347651066927,18.88343591601438,5.832775823035284,50.487887657780135,kidneybeans
56.0,79.0,15.0,29.48439992,63.19915325,7.454532137,71.89090748,blackgram
25.0,70.0,63.0,17.174252527734726,18.1588630560276,6.387603267926034,70.38529820691792,chickpea
52.0,59.0,40.0,21.195024030608387,84.52269711295901,6.266843113617727,183.07321899651964,rice
53.0,65.0,76.0,20.19137759,16.41998269,8.719960893,77.33795356,chickpea
13.0,49.0,19.0,28.826768930274103,63.59457596892157,5.818964314791256,32.992167766188224,mothbeans
15.0,56.0,24.0,25.69867543633544,61.38008033000323,6.821154531067977,46.39527970295911,lentil
24.0,131.0,196.0,22.03296178,83.74372787,5.732453638,65.34440794,grapes
11.0,51.0,26.0,25.90273642449516,61.79768951095247,5.874605794916401,32.59470645145732,mothbeans
37.0,53.0,24.0,25.358019694347327,80.10463171552892,6.496706685381733,48.38820483322958,mungbean
13.0,67.0,22.0,25.73762559961196,59.61667418317784,5.630269140224,41.61893493052114,lentil
66.0,58.0,36.0,29.49486907782643,74.5480332451195,6.901896159831492,159.10898575719514,jute
19.0,43.0,24.0,29.02100418677267,48.40698436422389,6.201173342828429,36.783626879490434,mothbeans
42.0,73.0,25.0,34.03679184,67.21113844,6.501869314,73.23573601,blackgram
35.0,69.0,65.0,15.877200944564056,16.660390792038378,6.173366427847902,73.8077907737671,chickpea
70.0,47.0,39.0,19.375481140898245,81.51409644648461,6.826399602076612,254.9080217378453,rice
132.0,52.0,19.0,24.16402322,76.7433897,6.436691764,61.94626051,cotton
29.0,76.0,18.0,29.313227641813683,72.07042518467928,6.152059950378606,161.6504971470805,pigeonpeas
23.0,138.0,195.0,22.49095104,91.70292746,5.7959857160000015,124.3915101,apple
4.0,44.0,19.0,27.95639663,83.52706038,6.921993877999999,43.25726752,mungbean
84.0,63.0,36.0,28.481321747107145,88.72478223156084,6.347248157313918,225.19376221000783,rice
9.0,48.0,20.0,29.66461594,84.28187572,6.377568542000001,56.09542002,mungbean
12.0,59.0,25.0,29.16481438187197,89.89440994115989,6.541429911822774,45.62464812139827,mungbean
18.0,62.0,26.0,25.43518680902433,24.96664593293742,6.366665579035969,71.5199016214145,kidneybeans
68.0,57.0,43.0,26.08867875,80.37979919,5.706943251,182.9043504,rice
21.0,67.0,20.0,35.79811556405576,59.29604240005686,6.220185073053265,125.4814671446798,pigeonpeas
57.0,57.0,51.0,39.01793345,91.48815629,6.99223441,105.8841531,papaya
120.0,19.0,49.0,25.79448878,84.26830701,6.762471628999998,56.45229202,watermelon
31.0,54.0,25.0,32.0476514669865,64.20005360412779,6.8257209290444365,59.63120245871213,mothbeans
82.0,24.0,26.0,24.31274458,53.57285558,6.089443602999999,184.4103931,coffee
69.0,55.0,38.0,22.70883798,82.63941394,5.70080568,271.3248604,rice
23.0,55.0,22.0,30.702580862368944,95.6430632216636,5.882779660811395,41.473440612357386,mungbean
13.0,57.0,23.0,25.986455812188797,48.29505547043431,6.159375594371309,45.72741061204749,mothbeans
27.0,72.0,23.0,19.92889503,21.79992115,5.961934481,64.02640797,kidneybeans
16.0,72.0,23.0,21.248135073445365,65.67786893892718,6.240408518846389,34.13597627097,lentil
64.0,51.0,26.0,17.40879625102161,57.48711425220438,5.55442062410378,83.974464238946,maize
107.0,71.0,55.0,29.42017919,83.96754496,6.088064451,117.229079,banana
9.0,38.0,25.0,34.58561471,50.34035336,5.497946899,100.3060719,mango
31.0,13.0,33.0,27.63834933,95.48763389,5.85971872,205.5463111,coconut
68.0,34.0,39.0,23.30578267467882,72.75336621498258,5.214972474149928,150.55119869127932,jute
24.0,75.0,25.0,27.04273814829328,63.57677652880273,6.580332579121165,56.13443168188126,blackgram
28.0,59.0,22.0,30.90607799,52.79913039,7.05181629,170.99198280000005,pigeonpeas
7.0,61.0,23.0,21.29753360654425,18.94822614905788,6.035755314354653,124.86987307102233,kidneybeans
99.0,70.0,46.0,26.59580783,82.99556744,5.727469947,100.5123341,banana
21.0,56.0,20.0,17.512020906972555,23.899636172145883,6.255822539878454,117.58863057141043,kidneybeans
31.0,51.0,25.0,30.80711222455122,43.9656151473494,5.880916898336418,60.44674850625401,mothbeans
4.0,80.0,16.0,29.19585548,68.01965728,7.441976825,44.93261911,lentil
122.0,40.0,17.0,24.96440768,81.31677618,6.854558957,80.03995829,cotton
0.0,67.0,22.0,29.82112112,69.4073209,6.5937983870000005,51.56461082,lentil
110.0,28.0,46.0,24.29105004,88.04541346,6.49889585,51.26046418,watermelon
59.0,60.0,84.0,19.03025305,18.66725565,7.690962337999999,94.70992037,chickpea
57.0,48.0,33.0,26.74349631607088,70.50218924283375,5.530120440830334,155.481748032,jute
38.0,63.0,21.0,26.365777601921096,67.0939261292375,5.978073630748296,66.23629818373823,blackgram
31.0,79.0,25.0,23.18864385,22.3104551,5.902033406,63.38208822,kidneybeans
20.0,62.0,22.0,26.959800583814463,68.1257363411465,6.684732221688996,66.51136191238433,blackgram
88.0,17.0,52.0,29.90415889,90.75284363,6.646962425,25.37828397,muskmelon
18.0,5.0,11.0,20.87947369,90.93756231,6.251586885,102.4550786,orange
15.0,123.0,204.0,22.52709326,92.54780429,6.365972687999999,115.3830068,apple
21.0,69.0,71.0,18.960881651986316,18.42392965563518,5.381647970960358,68.9084314010504,chickpea
107.0,72.0,45.0,28.14938935,81.54448882,5.790768046,91.40508414,banana
59.0,63.0,18.0,31.65531175,60.13263713,6.52669158,66.69096751,blackgram
84.0,29.0,49.0,29.94349168,93.90741192,6.251420275,20.39020503,muskmelon
110.0,78.0,50.0,25.93730186,78.89864446,5.915568968,98.21747528,banana
43.0,50.0,48.0,28.28222883,91.37059792,6.63016515,179.27208069999998,papaya
5.0,25.0,6.0,30.72119881,94.01331956,6.0113021810000005,106.8118019,orange
22.0,72.0,85.0,18.86805647,15.65809214,6.391173589,88.51048983,chickpea
10.0,64.0,25.0,18.36166829589301,58.69665432859136,5.352410355397572,163.96170701862093,pigeonpeas
38.0,15.0,27.0,33.7462686,48.50387598,6.777788126,92.26439205,mango
40.0,49.0,17.0,31.02215872,45.89239456,6.68727523,53.56783314,mothbeans
18.0,23.0,44.0,23.71028128,89.61794165,6.184400085,105.64999070000002,pomegranate
32.0,73.0,20.0,32.5698807596977,60.14878582224345,6.96749265833747,59.643704071011015,blackgram
35.0,74.0,22.0,26.7230014,62.96841833,6.898905799,42.87274897,lentil
94.0,5.0,55.0,28.5854649,91.89216849,6.085682343999999,26.88372572,muskmelon
12.0,63.0,28.0,26.25172082799441,62.67275067217656,6.119394949815446,41.44873879551421,lentil
38.0,14.0,30.0,26.92449525,91.20106019,5.5707453860000005,194.9022136,coconut
34.0,69.0,24.0,29.21671611518569,53.669187949650585,6.045824551097732,145.470669318,pigeonpeas
88.0,46.0,42.0,22.68319059,83.46358271,6.604993475,194.2651719,rice
12.0,37.0,30.0,31.09779147,47.41196659,4.546466109,90.28624348,mango
15.0,72.0,26.0,23.266298243324098,57.170374644743255,6.259970470333555,109.93147743587129,pigeonpeas
20.0,74.0,20.0,21.742762535961088,23.066077173069043,6.045811861739819,61.024449031449805,kidneybeans
86.0,15.0,47.0,24.04355803,84.18406764,6.423898762,53.78929956,watermelon
29.0,42.0,25.0,27.130341919710787,83.18442156366916,6.364759011589726,43.89836410542058,mungbean
18.0,67.0,20.0,22.7952751626022,74.16580255502949,6.614936382038646,46.70871854839553,lentil
33.0,54.0,21.0,28.47964817675115,95.17953604261466,6.11069743400291,52.29247647935964,mungbean
21.0,54.0,20.0,21.36752753805365,68.86694435364288,5.973534567926495,154.35537340639405,pigeonpeas
66.0,53.0,37.0,26.28675263209233,72.7327617789206,5.994500830970325,145.5691096797893,jute
21.0,134.0,202.0,10.72302459,80.02130636,6.425419926,65.29821120000001,grapes
67.0,47.0,34.0,23.68454384506869,82.12960337420824,6.82112479998242,300.0,rice
36.0,24.0,41.0,24.94467632,94.25702672,7.009180374,103.8799347,pomegranate
11.0,72.0,24.0,21.760201281569028,57.57586625626432,6.225136025860155,156.31723180540172,pigeonpeas
27.0,57.0,24.0,27.33534897,43.35795962,6.09186275,142.33036769999995,pigeonpeas
31.0,130.0,198.0,21.80129837,92.73446667,5.554823557000001,120.05866709999998,apple
21.0,47.0,21.0,31.76708507433886,50.755178810295085,6.767656825149645,39.56249065663642,mothbeans
86.0,26.0,27.0,27.13140403,52.89368299,6.081172981,192.4280381,coffee
94.0,91.0,51.0,29.16093424,76.67484233,5.6180944460000015,109.575944,banana
34.0,61.0,25.0,28.80278957565771,73.47836855158286,6.159026049782238,51.56432562972692,blackgram
4.0,6.0,7.0,23.01014302,91.11764246,6.708889665,112.6738296,orange
109.0,36.0,18.0,25.40059227,76.53237965,7.524707577,62.51388670000001,cotton
6.0,68.0,18.0,24.388717,62.50453062,6.711341147000001,47.26052494,lentil
26.0,37.0,30.0,35.39986338,49.45962621,6.166173833999999,97.41054011,mango
47.0,53.0,69.0,18.394320636359296,17.667710916559844,5.859749416978498,89.65321205113926,chickpea
31.0,72.0,68.0,19.367440474277014,18.579611252897724,5.834201835078022,81.6464300974204,chickpea
18.0,62.0,21.0,19.878338585094863,63.25675027478923,5.922548938739039,46.69528469526263,lentil
75.0,48.0,34.0,24.425160913195672,80.44713413850873,5.69210203653619,242.89003710428497,rice
99.0,6.0,46.0,28.61475136,94.22253035,6.39637861,28.98574189,muskmelon
47.0,46.0,36.0,26.388978861389354,85.49003090638051,6.561121459416801,138.9181565189122,jute
63.0,58.0,23.0,26.205748699860468,62.88825379779627,6.560303996853217,69.72967784435767,maize
40.0,56.0,62.0,20.345947681157924,20.2790993910362,6.580238599510678,69.20089143092312,chickpea
63.0,47.0,35.0,26.98582182,89.05587886,7.432768147000001,193.8778713,jute
108.0,88.0,55.0,26.28845991,83.390039,5.891458107,113.8729798,banana
14.0,18.0,35.0,31.09154239,47.02058367,4.791146778,91.46664318,mango
66.0,58.0,35.0,23.5643831,79.46283115,7.321619041,185.25947,jute
115.0,12.0,52.0,27.51492243,94.96218673,6.685553129,21.01796432,muskmelon
66.0,49.0,38.0,27.921538883299277,81.47991781323583,6.737519964246896,158.08789611051708,jute
39.0,37.0,25.0,33.33024826,45.61143594,6.953246506,98.28583013,mango
24.0,57.0,19.0,27.694935947286737,54.93201160604674,6.359224444728417,32.691258294600004,mothbeans
5.0,45.0,21.0,28.36291385,88.00989267,6.487124217000001,43.05130077,mungbean
32.0,141.0,204.0,8.825674745,82.89753705,5.536645599,67.235765,grapes
27.0,50.0,22.0,20.683366385883573,19.457433485546705,5.784536808501876,87.7718629770025,kidneybeans
26.0,47.0,23.0,32.805429336244686,51.1676418140388,6.086904508186683,62.69802626422552,mothbeans
8.0,38.0,32.0,29.75150773,46.73723302,4.981816523,91.405983,mango
28.0,57.0,17.0,30.47757686,61.58245338,9.416003106,61.86633917,mothbeans
15.0,46.0,21.0,26.74476309403117,56.19566680180016,5.963164482511125,27.721963157874036,mothbeans
85.0,22.0,53.0,25.96534238,89.77076659,6.849471704,59.46338556,watermelon
33.0,31.0,34.0,31.32995611,50.22287593,5.421265282999999,89.78216168,mango
38.0,132.0,197.0,20.42094753,81.54185044,5.931101816,66.93065667,grapes
51.0,72.0,75.0,18.88852533,14.99451145,7.1042247970000005,80.11133840000002,chickpea
24.0,14.0,33.0,29.38072512,93.27565685,6.366219551,218.5241851,coconut
52.0,59.0,23.0,29.12325649135624,66.18345483836332,6.485993457366764,55.1633237719358,blackgram
17.0,58.0,26.0,19.52421185968788,56.53816861579765,6.16112107549626,43.70444507158992,lentil
37.0,61.0,26.0,26.472310046642587,55.753488566652926,5.695324810769856,59.924641541144695,blackgram
23.0,75.0,29.0,35.83623745177689,42.283132171191504,6.42752194344239,128.2452057381665,pigeonpeas
113.0,21.0,33.0,26.02241444,55.83288958,7.277422737999999,176.90209240000004,coffee
7.0,68.0,24.0,37.77385995676539,56.441684888269805,6.241945186766019,99.5228435502954,pigeonpeas
57.0,64.0,55.0,26.68386496,92.9585411,6.583760498999999,62.50689682,papaya
78.0,55.0,35.0,24.79184446195591,85.26975725842286,6.504053467767856,147.6610698680265,jute
22.0,54.0,18.0,32.76214801533548,52.01413752398582,6.474270625498477,160.45889824148213,pigeonpeas
19.0,58.0,21.0,17.77261155712117,61.77844378753573,6.194396487830192,48.51461324988034,lentil
63.0,58.0,22.0,18.25405352,55.28220433,6.204747652999999,63.72358154,maize
75.0,52.0,38.0,22.579951759984272,93.7626853295147,5.9827684952234375,136.3428739529717,jute
30.0,7.0,15.0,33.23453301,91.06053924,7.825531916,115.7659902,orange
70.0,40.0,27.0,26.177192260200005,70.40228061952972,6.424403651035621,66.20758583401614,maize
60.0,57.0,23.0,22.858057828343725,63.45260137128003,6.725654447379538,82.35876769870532,maize
35.0,68.0,25.0,36.12622673997795,43.5175272262,6.485877913105681,81.47759618635764,pigeonpeas
125.0,60.0,17.0,24.14386157,84.51591287,6.785723961,80.36146974,cotton
85.0,58.0,41.0,21.77046169,80.31964408,7.038096361,226.6555374,rice
72.0,60.0,25.0,18.52510753,69.0276233,5.773454729,88.10234397,maize
12.0,47.0,24.0,24.899650691120257,93.50891766582636,6.292191865255062,38.6163384672,mungbean
118.0,50.0,19.0,22.95604064,82.33733678,6.360812227,66.48339303,cotton
61.0,64.0,52.0,43.30204933,92.83405443,6.641098708,110.562229,papaya
61.0,44.0,17.0,26.10018422,71.57476937,6.931756557999999,102.2662445,maize
29.0,73.0,18.0,21.80633877928573,63.75720140503454,6.005712124595973,51.995352917252,lentil
15.0,58.0,25.0,21.224541512533328,57.93423729809938,6.256938455039066,48.41552499736342,lentil
27.0,50.0,22.0,26.79515781894862,54.828063941353655,5.994094459686377,45.53852926121301,mothbeans
39.0,78.0,15.0,21.35499456,62.60136323,5.925391795,41.78219834,lentil
6.0,140.0,205.0,17.66558428,82.92903419,6.313085601,69.8671263,grapes
50.0,58.0,23.0,27.81326852,62.50460464,7.596802025,69.75555541,blackgram
11.0,72.0,22.0,29.37735586,44.82294584,6.842744374,172.40168,pigeonpeas
85.0,9.0,53.0,28.20619412,92.86798698,6.447662945,28.78654515,muskmelon
116.0,56.0,17.0,24.71252544,77.7293114,7.979090365,85.24963302,cotton
91.0,35.0,39.0,23.79391957,80.41817957,6.970859754,206.2611855,rice
114.0,27.0,48.0,27.82054812,93.03555162,6.528404377999999,26.32405487,muskmelon
21.0,42.0,23.0,25.71272992337331,50.86632155535337,6.7339851754030855,34.4397570718662,mothbeans
60.0,55.0,45.0,21.40865769,83.32931909999998,5.935745417000001,287.5766935000001,rice
5.0,32.0,33.0,32.32362177,52.58967710000001,5.842763773,93.36718816,mango
41.0,58.0,24.0,23.99499123369385,65.9341312081789,6.258886075272638,60.96616234195503,blackgram
59.0,50.0,27.0,19.698028934364576,70.63423009872575,5.195011801189126,73.36406734770905,maize
21.0,69.0,23.0,18.329154405503814,35.73154087215924,6.058570488129528,141.41708668112318,pigeonpeas
60.0,50.0,37.0,21.27820788163072,77.1356367125421,6.050129408672084,131.50923809614946,jute
75.0,56.0,44.0,25.2746335,73.7459581,6.109478059,168.0432282,jute
12.0,71.0,19.0,24.91079638,60.71367427,7.142611056000002,42.19740397,lentil
69.0,57.0,35.0,24.30748599,78.54340987,6.1868143920000005,186.2337571,jute
20.0,69.0,15.0,23.44260668,22.77255917,5.934136378,107.4137246,kidneybeans
30.0,67.0,27.0,29.74050333146498,36.75534908039659,6.246099094529906,76.15778236682914,pigeonpeas
29.0,36.0,25.0,28.28511547,88.4393979,7.130278657000001,48.56690235,mungbean
80.0,16.0,46.0,25.50405534,81.40297428,6.940236218,48.47833278,watermelon
22.0,59.0,23.0,27.32220619,51.27868781,4.371745575,36.5037914,mothbeans
58.0,38.0,38.0,25.17977066340392,82.91734870731953,6.319461724010901,258.7561921679068,rice
63.0,35.0,16.0,22.02720976,65.35549924,6.272417541,83.73280082,maize
76.0,40.0,43.0,25.15745531,83.11713476,5.070175667,231.3843163,rice
64.0,57.0,26.0,22.6488362007123,66.11589557854563,5.854858751439537,58.71140953657169,maize
89.0,22.0,52.0,24.89681131,86.10782926,6.217300786,53.14626213,watermelon
32.0,71.0,70.0,19.322194803411467,18.836843970877773,5.86009913653829,71.65245485753304,chickpea
36.0,133.0,198.0,25.51939719,83.98351748,6.2286454,69.17281221,grapes
25.0,58.0,21.0,16.71092546990763,18.910011470900333,6.0480084476323,109.79893664869374,kidneybeans
31.0,54.0,25.0,23.41467623919742,21.13870212228208,5.49541799623019,95.9459455905402,kidneybeans
56.0,45.0,26.0,28.31698913046524,61.75950882070183,6.869979349302477,96.0617171913602,maize
18.0,20.0,26.0,31.66524687,51.98594645,5.435840509,89.98024312,mango
90.0,57.0,24.0,18.92851916,72.80086137,6.158860284,82.34162918,maize
59.0,62.0,49.0,43.36051537,93.35191636,6.941496806,114.778071,papaya
21.0,44.0,18.0,27.06909959,86.89934108,7.12851089,50.46746116,mungbean
41.0,44.0,27.0,28.453392329062424,67.55781815034493,5.487878826737606,62.36096631832245,blackgram
21.0,135.0,198.0,23.86087054,94.92048112,5.7650151260000015,105.0241329,apple
118.0,88.0,52.0,28.65003945,82.68752542,5.8431631610000005,98.75084366,banana
66.0,57.0,27.0,17.048086781311667,70.9201133777708,6.708248270602098,60.87627894686256,maize
17.0,16.0,14.0,16.39624284,92.18151927,6.625538653,102.944161,orange
129.0,43.0,16.0,25.5503704,77.85055621,6.73210948,78.58488484,cotton
25.0,143.0,198.0,22.81212536,91.51861705,6.027314401,107.855225,apple
44.0,75.0,22.0,30.0328403,64.14800537,7.574561547,71.21006868,blackgram
21.0,60.0,26.0,23.34517370575348,67.07675986855004,5.905620213088293,46.1678367462,mothbeans
63.0,63.0,22.0,19.03509405496216,64.58255723329422,6.330208300026998,93.7704627432974,maize
77.0,47.0,33.0,24.561140292027023,82.18415344063952,6.007438212313766,207.25790055652195,rice
8.0,120.0,201.0,21.18667419,91.13435689,6.321152192,122.233323,apple
5.0,15.0,38.0,18.26233221,88.16779129,5.709380472,108.0756727,pomegranate
20.0,62.0,23.0,27.02765710390292,50.48184396640186,6.730567391786394,33.63937875765722,mothbeans
76.0,46.0,36.0,25.91057698275859,72.44704159033832,6.591842986372819,143.07030354167028,jute
20.0,54.0,20.0,34.75471332542946,55.25620328364052,6.278813801177954,126.90715311878397,pigeonpeas
23.0,58.0,73.0,17.75682349750105,15.378856798416818,6.383587008785682,82.79184320562861,chickpea
43.0,58.0,65.0,20.13721109004986,17.887874448170596,6.047400324724496,69.22662422795696,chickpea
87.0,51.0,33.0,24.37971103889022,81.45048086191555,5.966557486824009,233.70779458224163,rice
39.0,64.0,20.0,24.565573246487716,67.5859960223623,6.124093989967547,59.09106018665071,blackgram
46.0,61.0,25.0,26.12945824617756,57.70053884807211,6.1658777820074535,55.81703450162674,blackgram
95.0,82.0,48.0,27.39489579,83.31172003,5.719014989,92.78133617,banana
19.0,44.0,27.0,29.937305377349418,65.25854343607115,6.544420554659327,58.14923412103752,mothbeans
13.0,5.0,8.0,23.85340379,90.10522549,7.474710503,103.923226,orange
61.0,36.0,41.0,27.501949617266305,77.23848072049084,5.35391888509205,169.39029759001167,jute
17.0,56.0,23.0,27.37982276281656,80.76614392983205,5.49309979625931,53.48607471583786,mungbean
32.0,65.0,24.0,17.307975431799004,25.871768719069724,6.986156818833534,68.99638714168621,kidneybeans
32.0,41.0,16.0,28.63618921,61.39451307,7.702287236,68.54877876,mothbeans
24.0,59.0,21.0,21.061001846859888,21.82747247153961,6.160637511584446,105.06568895773982,kidneybeans
24.0,51.0,69.0,19.093442864417582,18.658200169250183,6.697336825650971,71.29255931948832,chickpea
29.0,55.0,25.0,20.052601990241232,20.16954961112312,6.073871808350328,102.66513454777908,kidneybeans
35.0,128.0,205.0,21.07273439,93.56585985,6.041053829,107.8737015,apple
34.0,72.0,29.0,27.21302322384604,49.526705563593566,6.184991940284557,164.3377400577303,pigeonpeas
70.0,68.0,55.0,42.84609252,94.63548176,6.691202286,78.80996390000001,papaya
36.0,74.0,21.0,26.303388322235737,64.70831750310397,6.826012975603137,43.70950053491864,lentil
30.0,28.0,30.0,31.86641378,52.19331595,5.064613314,98.46768642,mango
7.0,50.0,22.0,25.45805670233868,42.79516454095016,6.044514371303998,32.354211062734535,mothbeans
1.0,62.0,23.0,15.43546065,18.37477907,5.607808432000001,139.0302034,kidneybeans
74.0,48.0,17.0,21.63162756,60.27766379,6.430616465,69.21803098,maize
69.0,64.0,47.0,40.21199348,94.50766912,6.993473247000001,186.6762324,papaya
35.0,140.0,197.0,16.77557314,82.75241875,6.106190557000001,66.76285469,grapes
31.0,72.0,25.0,18.373671074710312,22.195696009736487,5.810013325686681,100.5003392479674,kidneybeans
40.0,78.0,20.0,19.18572809,20.83398341,5.669236258,80.15293435,kidneybeans
29.0,62.0,25.0,19.727646678545824,58.93189545547774,5.597622795257183,172.74794942270788,pigeonpeas
73.0,53.0,26.0,19.660314191251224,60.87524627659288,6.500544280064053,49.6534865651006,maize
48.0,49.0,34.0,26.06534616051664,78.49780183054648,5.846263748613947,150.1699191352833,jute
36.0,56.0,31.0,33.89444755214939,67.87360936377786,6.4210374647207935,52.435290027350725,blackgram
119.0,30.0,28.0,26.35770906,64.57578034,6.5052036960000015,163.62694960000005,coffee
10.0,56.0,24.0,27.775447585423105,56.08559332502404,5.929789357669412,45.53222442479824,lentil
32.0,59.0,64.0,21.74309782543484,18.169980354097486,6.708035160051893,72.04228195241649,chickpea
10.0,70.0,19.0,24.84918386,68.98088448,7.272427638,41.61080544,lentil
24.0,140.0,205.0,12.087022,83.59398734,5.93202852,68.66813363,grapes
28.0,72.0,21.0,31.936476550937588,73.30329922953223,5.94128402914375,55.62929186620011,blackgram
52.0,72.0,71.0,15.75489002161076,16.766150417749074,5.985831438034007,75.01613095094093,chickpea
56.0,50.0,52.0,33.08706051,92.25197542,6.770384816,88.1300769,papaya
107.0,22.0,54.0,27.99611732,90.84660317,6.630301421,21.61893763,muskmelon
17.0,57.0,20.0,28.50677929,45.20094476,3.793575185,66.1761456,mothbeans
81.0,6.0,55.0,24.88910524,85.87059083,6.110142735,51.70699144,watermelon
97.0,22.0,50.0,26.26028739,86.14585891,6.769893799999998,58.97878791,watermelon
89.0,52.0,45.0,24.89326318,77.01222585,7.207457207999999,196.469984,jute
6.0,54.0,25.0,15.580611117785477,18.49657602653533,5.305366739211311,133.95144203859323,kidneybeans
28.0,72.0,84.0,18.72963144,19.18197264,6.481783042999999,71.58010169,chickpea
8.0,45.0,15.0,28.09568993,60.98353839999999,4.61136408,33.84110759,mothbeans
23.0,59.0,25.0,27.826262300000003,88.73100226,6.320768488,56.68833819,mungbean
117.0,76.0,47.0,25.56202173,77.38229006,6.119216009,93.10247183,banana
32.0,63.0,27.0,26.79036907990095,60.43177638133327,6.06296086785196,50.24590227227705,lentil
74.0,49.0,38.0,23.31410442,71.4509053,7.4880144039999985,164.49703730000004,jute
32.0,42.0,18.0,29.15128960119332,93.34309689069352,6.240674295172855,51.84352493389538,mungbean
79.0,47.0,40.0,24.463292094583256,88.87541528873625,6.627046555472467,193.3368969643637,rice
48.0,68.0,62.0,16.995084123362723,21.987511261088617,6.501819193458599,95.8829295828,chickpea
117.0,27.0,48.0,26.53259325,82.39053979,6.835268183999999,54.30660782,watermelon
22.0,43.0,24.0,25.42517036,53.22082660000001,4.52363558,46.19374559,mothbeans
19.0,78.0,16.0,20.65375833,23.10538637,5.967533236,67.71768947,kidneybeans
36.0,43.0,21.0,28.36319404,84.8593608,7.140437859,52.93031105,mungbean
32.0,43.0,23.0,26.90345147612629,88.29947700049767,6.674566882889766,36.66190875427633,mungbean
6.0,36.0,22.0,24.21610338,59.79236306,8.869532817,42.24783476,mothbeans
25.0,76.0,17.0,31.74105409,68.63525428,7.241148507,62.3061735,blackgram
57.0,67.0,25.0,32.34744009,66.61452812,7.551364319,64.55882254,blackgram
31.0,53.0,26.0,31.4543927513831,87.63656103635115,5.794023351023633,56.385602135351945,mungbean
8.0,28.0,38.0,23.22594,94.42971362,6.8444019,105.6917856,pomegranate
18.0,74.0,27.0,20.20598321221132,65.85050019990241,6.6599450236895805,38.277412299041295,lentil
57.0,64.0,35.0,22.108035530537457,76.65907419357913,5.906338114357992,161.52315503127093,jute
40.0,68.0,17.0,34.1262979,65.14877461,7.733149554,70.40795007,blackgram
56.0,75.0,15.0,30.20157245,60.06534859,7.152272256,66.37171179,blackgram
41.0,74.0,18.0,28.75751783,61.02701476,6.599147297999999,73.37686831,blackgram
6.0,72.0,15.0,22.99451999,66.70897237,7.670178119,54.49044154,lentil
82.0,29.0,35.0,26.67377159,52.24226285,6.246872394,156.15438980000005,coffee
14.0,48.0,21.0,29.24598976,84.80084105,6.991242362,53.43228915,mungbean
72.0,49.0,37.0,22.42160442031408,74.4076158556234,5.823036918323711,180.4604260518459,jute
32.0,78.0,22.0,23.97081395,62.35557553,7.007037515,53.40906048,lentil
66.0,50.0,45.0,26.31488472358325,80.69298699453236,6.362894586599661,220.76238392201887,rice
17.0,54.0,24.0,27.79079057345756,82.93879515208283,6.072849772448152,39.929878915230645,mungbean
31.0,48.0,17.0,28.88078945,86.94206817,6.594739424,53.79732545,mungbean
14.0,66.0,22.0,22.432344668396976,66.26809889635591,6.4990517421421,36.63793112869638,lentil
17.0,134.0,204.0,39.04071989,80.18393287,6.499604931,73.88467027,grapes
16.0,57.0,24.0,23.55030435117479,65.96979863447626,6.361779599267942,35.340207777395975,lentil
117.0,86.0,53.0,25.19640218,83.55829874,5.703381727999999,115.8586081,banana
37.0,18.0,12.0,10.2708877,90.19147747,7.401121811,106.69552040000002,orange
12.0,68.0,21.0,21.28717303415786,63.93995659761328,6.104270494724263,144.15032334328802,pigeonpeas
5.0,136.0,195.0,22.35628673,91.92360477,6.264202804,107.7697413,apple
26.0,56.0,21.0,15.835807257219289,23.122829568087518,4.99529504990052,96.3764603293442,kidneybeans
8.0,33.0,29.0,29.98080499,49.48613279,6.442393461,91.82271568,mango
73.0,60.0,32.0,24.807509292169428,83.44055683194838,5.636660774859905,158.2014767120492,jute
22.0,43.0,23.0,26.791089684033267,87.18089806217283,5.92664893623049,37.92278489691064,mungbean
40.0,65.0,63.0,18.375676513733257,16.181921927442275,6.428026554786613,63.7320005166,chickpea
25.0,42.0,23.0,29.094644770759253,85.84676441230064,6.642929062777582,47.29934723408921,mungbean
95.0,39.0,36.0,23.86330467,83.15250801,5.561398642,285.2493645,rice
21.0,49.0,24.0,30.642814391571736,83.63358607979607,6.092932370880132,50.53333829068418,mungbean
20.0,62.0,21.0,17.535560260802367,69.12074971079953,6.147768851021953,48.14532574973264,lentil
17.0,61.0,23.0,32.26699937904816,46.24212661461343,6.178058012322885,44.95501090105573,mothbeans
50.0,56.0,76.0,20.99502153,19.8601304,7.966605025,73.50734019,chickpea
111.0,5.0,50.0,27.59350075,91.79742953,6.399891457000001,24.84266123,muskmelon
43.0,69.0,19.0,30.18381328690825,57.43344824655308,5.854853028463216,69.07072584903307,blackgram
77.0,40.0,42.0,21.77886146497764,85.45860799903853,6.634368905545092,273.335718696,rice
35.0,62.0,21.0,29.76321646937376,60.752196041877255,6.54214954832761,37.65780270214061,lentil
38.0,43.0,28.0,29.372651001806734,65.47280952186257,5.412040114780455,62.97531591340771,blackgram
10.0,18.0,35.0,27.79797651,99.64573002,6.381975465,181.6942283,coconut
84.0,37.0,42.0,25.49674786,81.13449097,6.691074249,169.92882340000003,jute
47.0,63.0,16.0,27.44003279,67.10464369,6.661870999,72.50669768,blackgram
37.0,56.0,20.0,28.41043778523906,65.56704145785926,6.709646504188011,52.58716678723664,blackgram
91.0,75.0,55.0,27.48612983,76.11239849,6.212369363,109.2768851,banana
66.0,59.0,37.0,24.485475039523877,77.92878516807893,6.284330186091412,163.61630471826095,jute
29.0,60.0,23.0,20.947527958777066,25.88022372328208,6.853797164690764,94.139216964,kidneybeans
32.0,56.0,23.0,28.222539568237853,64.77261080113033,5.368445807487644,48.43502505073604,lentil
68.0,54.0,37.0,22.27119506486749,87.28751449751232,5.997063781346618,179.30745920784224,rice
9.0,72.0,21.0,25.48068019640689,60.625613868420686,5.970129598453784,49.1084182281608,lentil
74.0,43.0,23.0,25.95263264,61.89082199,6.325235159,99.57981207,maize
66.0,61.0,25.0,21.64846529725042,61.74304459937807,6.33876658430977,58.24876453129718,maize
51.0,78.0,20.0,25.31208982654965,70.05724208160812,6.229268224845738,61.713996312418445,blackgram
9.0,66.0,18.0,26.011047111354163,58.68710659226667,6.881932101476947,47.95912600981717,lentil
62.0,44.0,18.0,21.442103893225163,73.30066723906707,6.229660663159536,79.93852846200001,maize
13.0,69.0,22.0,21.42572196210902,64.11953136328736,6.706568560675692,30.88550700547648,lentil
68.0,56.0,37.0,23.80628528943356,84.07842533249996,5.616263734853404,129.24737147186167,jute
12.0,65.0,20.0,23.338536893082317,23.78645083881104,6.576021058133351,89.35494088506911,kidneybeans
2.0,36.0,31.0,30.90225239,49.95955487,5.73171945,91.77522598,mango
67.0,51.0,24.0,23.50297882,61.32026065,5.584171461,64.77791424,maize
54.0,52.0,24.0,22.58650637663389,56.60584561377787,5.84561004680825,83.07116401028712,maize
26.0,65.0,28.0,20.97400456031433,22.89185267485509,6.480659259276474,96.25400031863671,kidneybeans
21.0,54.0,27.0,28.37312813476076,89.5279426511514,6.2999541449147225,45.479761735777615,mungbean
52.0,53.0,26.0,24.34535400488275,64.303383649362,5.959192121823854,80.31843243522687,maize
47.0,57.0,21.0,30.44870806792054,74.80509326389004,6.68028265655312,60.246316639835385,blackgram
101.0,25.0,52.0,29.09910406,94.22237826,6.750145572,22.52497327,muskmelon
55.0,41.0,26.0,24.20046310633855,58.03718753718061,6.749738150728995,68.35743749376357,maize
99.0,19.0,33.0,27.536454700000004,55.51673151,6.273741983,130.6377143,coffee
28.0,77.0,21.0,29.34760135478116,61.788228905326136,6.39999837879077,59.227195051520674,blackgram
30.0,66.0,22.0,29.910244928324083,56.88015476299659,5.590226410167907,113.74794516356548,pigeonpeas
8.0,71.0,21.0,21.849261478022925,66.21371498191033,5.9107883689330905,41.42995368183137,lentil
86.0,36.0,24.0,26.54986394,72.89187265,5.787268394,73.33636055,maize
45.0,64.0,29.0,31.063565830073056,65.34474643378984,6.041902741919503,58.37553686339183,blackgram
35.0,51.0,24.0,29.461191497407327,50.77750774765143,5.393219492719481,28.22679447512343,mothbeans
21.0,61.0,20.0,18.978411106633587,20.99916362661034,5.327874700754303,73.6209532552197,kidneybeans
24.0,38.0,22.0,24.47876451,58.51663927,8.202706015,34.96933295,mothbeans
18.0,27.0,41.0,22.36509395,92.30882391,7.175344328,104.8216333,pomegranate
17.0,74.0,17.0,26.03026959,69.55863145,7.393210848,37.11395801,lentil
7.0,63.0,24.0,22.95458237,24.03553105,5.858617867,107.7315386,kidneybeans
116.0,38.0,34.0,23.29250318,50.04557009,6.020947179,183.468585,coffee
47.0,75.0,68.0,18.367029920039805,15.346260015555313,6.836416028098,77.23643426805332,chickpea
114.0,30.0,51.0,29.24908541,90.06998135,6.069171847000001,25.93496537,muskmelon
91.0,53.0,40.0,26.52723513,81.41753846,5.386167788,264.6148697,rice
27.0,50.0,25.0,27.67303352698709,83.8529481095085,6.68105071047778,45.94997124827079,mungbean
17.0,74.0,22.0,18.59425327193973,65.15210733778558,6.784517345526343,40.64950128394874,lentil
7.0,126.0,203.0,16.76201707,82.00335557,5.662140095,73.28712806,grapes
74.0,50.0,41.0,26.243690993151617,87.26441377260656,6.781203452281029,176.35958138588788,rice
32.0,120.0,204.0,10.38004759,83.44518113,6.138958698,67.39173790000001,grapes
32.0,50.0,69.0,19.716180579849706,18.34820374132422,6.7238802807769344,80.0180877528,chickpea
34.0,6.0,27.0,25.84726298,90.92669463,5.8607404810000014,147.8888994,coconut
135.0,43.0,16.0,23.47986888,81.73049149,6.720449769,86.76287924,cotton
29.0,16.0,36.0,19.81069447,88.92944254,5.7403380020000006,102.860084,pomegranate
18.0,61.0,27.0,22.861398322579657,22.00042427635058,6.781537083962641,81.69054503701332,kidneybeans
24.0,66.0,21.0,24.49460385985393,60.88494565842722,5.891192969845702,44.42871486936309,lentil
16.0,66.0,25.0,29.11975130991955,72.2590058215492,6.527493092851971,37.39496523591974,lentil
42.0,78.0,20.0,27.04071975396547,70.81177277974132,6.073082508766093,69.08090695985338,blackgram
64.0,55.0,23.0,21.8493984037934,54.78832661228325,6.660383144024927,57.24309669133158,maize
33.0,15.0,7.0,15.83388699,91.68293851,7.651225301,109.7571416,orange
19.0,62.0,26.0,34.3435545039061,64.5399420180445,6.127306724312129,57.53451599350615,blackgram
65.0,54.0,39.0,23.75091572,71.14782585,7.124571593,160.0889553,jute
15.0,44.0,21.0,28.895736938189764,83.63497813599561,6.708330412549438,38.4244615995062,mungbean
23.0,60.0,23.0,17.605966369832156,19.64450082166708,6.7565070152894044,75.47920264592561,kidneybeans
13.0,74.0,25.0,24.12192608,61.09533545,6.461618577,44.23629285,lentil
13.0,62.0,26.0,25.449800457277448,67.96178744329094,5.874501891225626,40.372250913681896,lentil
46.0,61.0,22.0,31.709079139790543,69.10060805027317,6.823310258378452,60.473146118968735,blackgram
89.0,58.0,35.0,23.98651719,82.09053379,6.096838784,167.0576456,jute
17.0,62.0,26.0,16.733622375496513,20.648708148089288,6.35253903882271,116.93520709672178,kidneybeans
40.0,62.0,60.0,17.827016874757344,15.29404537645386,6.12526416049471,67.3843735541237,chickpea
41.0,60.0,70.0,18.028646967399222,17.431352075552194,7.079790721206838,69.17825286754716,chickpea
30.0,68.0,25.0,28.482921477517102,61.02272525006656,5.31495248512945,62.09889667285114,blackgram
83.0,58.0,23.0,19.74213321,59.66263104,6.381201909,65.50861389,maize
60.0,61.0,78.0,20.71219282,19.83643308,6.317153205,94.03659867,chickpea
4.0,23.0,5.0,22.67594476,93.36348717,7.477935216,110.3332655,orange
11.0,71.0,26.0,18.769316668059112,73.73562729744698,6.670684621148051,41.29814040158512,lentil
31.0,58.0,70.0,19.380169794045035,20.15446262100375,5.585535417585203,83.6060148677274,chickpea
91.0,21.0,50.0,24.33528185,81.44030363,6.762030215,48.32113628,watermelon
36.0,52.0,20.0,34.298657271638334,64.84958513243996,6.736564506899849,69.36572475550916,blackgram
39.0,70.0,52.0,26.26559543,90.79668055,6.65149129,59.49373381,papaya
14.0,53.0,22.0,33.27863711192137,43.70803965297503,5.662205351886632,110.19006428800536,pigeonpeas
74.0,59.0,20.0,19.154237075489355,64.49400738847467,5.964148894086517,75.68641144394748,maize
6.0,144.0,198.0,21.11478672,90.31528693,5.559363609,104.5086618,apple
49.0,47.0,22.0,23.69585552684669,70.93081085546675,6.889238207306967,96.65262412136188,maize
0.0,25.0,14.0,19.33516809,91.97978938,6.361671475,116.450422,orange
58.0,63.0,81.0,19.81344531,14.69765308,6.515499548999999,78.96514709,chickpea
83.0,10.0,53.0,24.92994759,85.00802358,6.195142279,48.75859458,watermelon
26.0,59.0,28.0,29.44034403625937,63.50798022883583,5.973635895295255,34.18925220545132,lentil
57.0,63.0,38.0,25.06573588089452,83.96816880194466,5.423189464290059,126.582099462,jute
35.0,41.0,20.0,25.480073051695804,81.66425820052959,6.396198102357738,51.2376080232532,mungbean
44.0,77.0,21.0,32.63918668,61.3009051,7.326980454,61.83876146,blackgram
80.0,30.0,25.0,26.24092174,65.64381357,7.487266991,148.37712019999995,coffee
6.0,62.0,24.0,23.21686206643749,62.409594314130665,6.110212067157681,34.0881559199966,lentil
32.0,60.0,20.0,30.95876875774467,64.8962448273206,6.171959064906442,65.13866356762381,blackgram
109.0,31.0,27.0,23.05951896,50.40609436,6.973839707000001,164.4971875,coffee
20.0,50.0,22.0,30.99694676,46.42693735,9.406887533,38.31597852,mothbeans
99.0,36.0,20.0,20.57981887,65.34583901,6.671085817000001,78.34604471,maize
21.0,42.0,26.0,29.462967194188185,81.38069655211731,6.061165703666233,49.84984951757342,mungbean
11.0,67.0,22.0,30.61792990804825,48.91678022664899,5.537863999676243,138.55199831786078,pigeonpeas
62.0,42.0,40.0,22.937779864229466,91.14090090387784,6.745675702484097,155.79816024711718,jute
6.0,128.0,200.0,25.96308415,82.57813624,5.838748311,70.31782647,grapes
32.0,67.0,62.0,20.40312623723819,14.546859525411756,6.945107575971584,57.90621240351375,chickpea
42.0,76.0,24.0,29.324035816791675,66.01427911699918,6.323943819517827,66.04027406279205,blackgram
30.0,70.0,27.0,32.724881022758744,48.30362367658985,6.346324009829687,155.97689551424344,pigeonpeas
84.0,36.0,28.0,26.7350622,55.55164819,6.119892347,140.63052130000003,coffee
10.0,72.0,22.0,22.24940409428072,70.53942740483134,6.283485889774898,50.47533327314579,lentil
3.0,69.0,23.0,28.67408774,63.18832976,7.299360767,42.96018627,lentil
17.0,77.0,26.0,28.520945433672168,43.71327849735959,4.773306249816219,182.799899148,pigeonpeas
24.0,45.0,19.0,26.85851927,48.8246387,5.9523849570000005,34.7426459,mothbeans
25.0,60.0,21.0,21.926036629608117,22.0919626794749,6.819097920438265,99.86891936608444,kidneybeans
32.0,56.0,21.0,27.38538997,88.66663953,6.702772465,58.29933073,mungbean
40.0,16.0,35.0,34.16438906,54.16482251,4.954739564,98.33351125,mango
38.0,54.0,66.0,19.27144853981672,18.1261505951978,5.930998641547408,72.68863187160196,chickpea
9.0,63.0,22.0,17.850838594428943,46.122226956171765,6.481873110987075,135.77534457607308,pigeonpeas
11.0,143.0,197.0,22.98458907,93.3204487,5.875718516,122.1952483,apple
10.0,5.0,42.0,20.24104904,91.08706822,6.887005997,109.2537734,pomegranate
14.0,74.0,22.0,29.044838833251703,32.41456668424544,5.80377780221583,166.67762309733334,pigeonpeas
66.0,69.0,47.0,23.69212243,93.61055571,6.912299695,87.53393983,papaya
20.0,60.0,25.0,27.3254209,69.09047809,6.726469087999999,61.19250859,blackgram
35.0,47.0,25.0,21.749349064769817,69.35624038771951,5.374233495767896,37.446947063007535,lentil
38.0,38.0,18.0,26.31051759,61.18749126,6.294130312999999,35.73403813,mothbeans
19.0,68.0,22.0,17.61060379188596,60.76791446478314,6.361183709565904,32.53144853506691,lentil
113.0,85.0,45.0,27.94972463,76.63713353,6.037430836,109.0921631,banana
47.0,58.0,23.0,27.472958287867375,66.27965811812402,6.23592215096181,60.80656829192423,blackgram
32.0,65.0,67.0,19.353031134438343,17.905559822425804,5.607736876732036,68.12400641839632,chickpea
31.0,53.0,16.0,28.7420098,85.81675947,6.452006451,48.54598575,mungbean
31.0,53.0,28.0,27.08145129089477,40.418514458428966,5.821768542541872,63.97727211795728,mothbeans
54.0,62.0,80.0,17.48911699,16.39055394,7.489545074,79.45758333,chickpea
28.0,123.0,202.0,22.76643029,92.12438519,6.442289294,120.4359949,apple
10.0,79.0,20.0,24.98287462,66.895409,6.379881442,38.21370568,lentil
26.0,56.0,22.0,23.05276444,60.424786,7.011121216,52.60285259,lentil
7.0,73.0,25.0,27.52185591,63.13215259,7.28805662,45.20841071,lentil
10.0,9.0,28.0,29.01256899,94.01014388,6.282955072999999,150.05003119999995,coconut
11.0,62.0,22.0,18.840190268769422,23.268623592377065,5.626748431529112,88.40054028,kidneybeans
26.0,18.0,42.0,19.72620525,89.64934166,6.910374919,108.22872759999998,pomegranate
35.0,59.0,21.0,32.842791230733496,67.27661803656791,5.91727625815483,61.63319063293336,blackgram
29.0,60.0,26.0,32.04028844163069,57.65432203320104,6.2169416738547,60.7917583529979,blackgram
19.0,78.0,17.0,31.93454098392089,66.99566213527417,6.267171782057672,56.62732556006272,blackgram
12.0,54.0,25.0,25.42448573324953,45.82994578318619,5.670377169682898,50.98921547279496,mothbeans
12.0,43.0,21.0,31.0036089130703,87.79760171385283,6.110633287331849,51.24965225617423,mungbean
82.0,23.0,49.0,26.81383586,87.21986949,6.873283991,51.70497792,watermelon
70.0,50.0,53.0,37.4620912,90.44967809,6.933809742999999,172.3458448,papaya
35.0,71.0,17.0,29.89286629,66.35375127,6.931924962999999,198.1403003,pigeonpeas
35.0,66.0,27.0,26.06482729408757,60.83374342710469,5.839677172165957,41.79894832530557,lentil
17.0,66.0,22.0,25.44875711510944,19.99132498764392,6.290376787715197,55.79453261530378,kidneybeans
9.0,62.0,20.0,29.867467805385093,50.67318105283799,5.379353013065965,139.07867051546958,pigeonpeas
73.0,60.0,36.0,26.320267332092687,80.9101859063388,6.275058796141834,218.14968341562357,rice
69.0,67.0,52.0,27.71948962,94.43877142,6.827305908,82.83061083,papaya
34.0,133.0,202.0,15.31413469,80.09711412,5.804799142,74.82144653,grapes
32.0,58.0,24.0,29.252644314579644,52.16620911278396,6.825597724920729,52.979056206944094,mothbeans
17.0,72.0,26.0,23.847280196147786,23.41468704197327,5.806732852636493,87.87608193,kidneybeans
30.0,65.0,63.0,20.42319809952157,15.281298546600915,6.543036840537139,63.35171868040004,chickpea
69.0,63.0,25.0,25.891302482924864,70.15608125632892,6.422556431704338,73.09961478786978,maize
116.0,52.0,19.0,22.94276687,75.37170612,6.114525877,67.08022574,cotton
15.0,56.0,25.0,32.42937568321907,64.40660201468864,6.023888988760816,30.32277089085005,mothbeans
28.0,52.0,71.0,17.31182059987954,15.694650521728493,6.50479499598551,65.86835188392625,chickpea
60.0,51.0,41.0,25.507657706862386,74.42902556065461,5.599641790677938,156.18602672164036,jute
30.0,25.0,31.0,26.31270635,98.62048026,5.804965067,208.1181381,coconut
44.0,64.0,63.0,19.14081935097092,17.62583645314639,6.182421734336256,63.60193707953127,chickpea
49.0,54.0,50.0,25.62446619,93.18240298,6.762522087000001,97.26336657,papaya
38.0,68.0,54.0,29.33710543,90.81781439,6.739170045,202.0572747,papaya
42.0,68.0,68.0,21.50823084724104,18.32971122921907,6.283302466555805,70.1922128599722,chickpea
98.0,22.0,47.0,29.07265321,91.91533173,6.341400922,28.83568362,muskmelon
114.0,27.0,28.0,24.99451759,57.93250202,7.162802357,192.8736822,coffee
30.0,44.0,16.0,29.73013036,82.89166381,6.442335592999999,50.91511275,mungbean
60.0,54.0,19.0,18.74826712,62.49878458,6.417820493,70.23401597,maize
66.0,46.0,37.0,22.16307011859372,77.992099822478,6.33144885854701,163.1208797064193,jute
11.0,44.0,22.0,26.82152930264043,85.74435064247629,5.610433756336669,40.91057142997459,mungbean
22.0,138.0,195.0,27.83487131,83.51444973,6.208196881,73.02882766,grapes
59.0,51.0,36.0,24.270942881461863,74.18395024801951,5.775215559032668,198.7755013926133,jute
44.0,48.0,37.0,23.373266322491308,85.16052978447462,6.50614892703958,218.9438759704427,rice
71.0,55.0,46.0,26.5771816818675,91.27514122276044,6.505045641613644,140.31647319312998,jute
57.0,68.0,81.0,17.17012591,17.30457712,8.081095263,72.78624223,chickpea
23.0,59.0,25.0,30.14734983952655,48.13409228980978,5.438709960567608,155.30139432126475,pigeonpeas
14.0,65.0,23.0,19.659446319107623,24.04401415790641,6.07308108910146,94.67197137455555,kidneybeans
30.0,59.0,24.0,31.017178630664933,60.484457936141226,6.814899827856005,67.07806621846932,blackgram
40.0,64.0,47.0,32.50037548,93.47888842,6.893509446,71.73759526,papaya
105.0,60.0,23.0,23.53371386,77.21705554,6.207652157,87.54004943,cotton
86.0,79.0,45.0,27.81251452,82.69285419,5.80766417,99.20961514,banana
30.0,122.0,197.0,21.37784654,92.72043743,5.573241391,106.1417017,apple
14.0,65.0,21.0,18.582704309576823,66.76973742725816,6.319188833290667,37.795275003561294,lentil
60.0,37.0,39.0,26.59104992,82.94164078,6.033485257000001,161.2469997,jute
21.0,73.0,25.0,19.46183601301012,62.98836250561338,6.440908198507528,39.82013885601239,lentil
18.0,23.0,8.0,21.49118657,93.43949693,6.41354791,101.4819888,orange
22.0,8.0,33.0,28.43572863,95.8840407,5.665785202,203.9283708,coconut
38.0,52.0,25.0,26.687444722766266,46.55649485878723,6.767538169334415,33.964274257626194,mothbeans
28.0,67.0,21.0,31.618526030669653,60.07732367571942,5.765998754831612,106.96817878596396,pigeonpeas
54.0,47.0,42.0,27.145354394522958,87.72980814461113,6.686189261076626,184.0093138762545,jute
66.0,35.0,34.0,24.942310909264805,83.54616142413936,6.189562289700642,134.35243093021228,jute
56.0,76.0,16.0,28.27265858,61.18956161,7.5131510760000015,63.29900785,blackgram
71.0,51.0,24.0,26.18445747175758,74.65172696485934,6.432134632243203,66.97485752735514,maize
70.0,43.0,21.0,25.852978750593078,74.02457008063806,6.500868237527594,53.169038076134605,maize
87.0,6.0,45.0,29.82729394,90.79007335,6.40077205,22.84203589,muskmelon
24.0,74.0,19.0,28.27415616644145,60.88418861579933,5.19156982034118,40.42660019869448,lentil
36.0,60.0,27.0,28.09466314531512,61.54004092147237,6.894741929282578,72.586586145,blackgram
16.0,58.0,24.0,18.9258022139808,24.51601081353229,6.664376661303767,133.1753697904146,kidneybeans
18.0,42.0,21.0,30.3454689152549,79.31758295440827,5.805483971909691,38.73736681888602,mungbean
10.0,57.0,25.0,25.296889804831835,60.01774616739398,6.198311973058036,43.840345442432245,lentil
26.0,57.0,27.0,26.686934543960664,47.4495222468469,5.759948553379336,137.2606393029862,pigeonpeas
22.0,51.0,20.0,29.672876985807363,79.1832688078387,6.240698537112025,48.913613988264544,mungbean
35.0,55.0,28.0,28.36741676269108,64.09391265542116,5.490188868918691,68.31330097009436,blackgram
100.0,74.0,52.0,25.43480512,81.53977797,5.837258235,96.47800391,banana
55.0,48.0,23.0,20.05836424106006,65.6193238572592,5.849538249096873,68.62880161846603,maize
9.0,122.0,201.0,29.58748357,80.91934392,5.570290539,68.06417307,grapes
51.0,57.0,55.0,24.70528368,90.14732171,6.6764073370000006,108.4103158,papaya
14.0,140.0,197.0,23.35225078,90.90054697,6.071255131,113.0381382,apple
2.0,120.0,203.0,23.12652652,94.71203306,5.893492998999999,108.62118329999998,apple
27.0,54.0,26.0,22.39460074727828,19.26699880285287,6.625765964351474,126.54021136445002,kidneybeans
10.0,56.0,27.0,28.31611796923056,90.27979943787582,6.2619503964821375,37.46131255796685,mungbean
38.0,24.0,33.0,28.28905147,97.00396405,5.973853124,142.9403233,coconut
18.0,26.0,31.0,32.611261400000004,47.74916499,5.418475257000001,91.10190759,mango
109.0,26.0,45.0,28.27973674,90.38971208,6.224535448999998,21.58992507,muskmelon
17.0,65.0,26.0,24.36004409615168,68.05971757675404,6.193928577686941,35.963015042151234,lentil
25.0,132.0,198.0,22.31944084,90.85174383,5.732757516,100.1173443,apple
14.0,25.0,40.0,20.07386547,90.97819712,6.407872061,103.7084055,pomegranate
29.0,35.0,28.0,28.347161100000005,53.53903102,6.9674177660000005,90.40260445,mango
11.0,53.0,26.0,28.43723447713325,65.15154563975894,5.2636978863422925,49.96519142562105,lentil
46.0,59.0,67.0,19.402201441561505,15.636114564798293,5.874785940829986,78.28522693185215,chickpea
36.0,56.0,67.0,17.66819110529184,16.73298417122934,6.479846926265285,62.182457225008086,chickpea
71.0,56.0,29.0,24.5433140404485,72.37785678019742,5.228659567299504,52.56640874627427,maize
25.0,64.0,22.0,32.12884007824467,67.99373586135901,5.774913046162706,85.350769080907,pigeonpeas
33.0,79.0,20.0,24.79450610920887,21.131831415750312,6.0543409016924805,83.2341546786,kidneybeans
47.0,80.0,77.0,17.18248372,16.42891834,7.561108006,72.85017344,chickpea
11.0,10.0,45.0,22.63045168,88.45577158,6.397995609,109.0357597,pomegranate
7.0,56.0,23.0,26.33908791,40.00933429,5.545219232000001,55.50429227,mothbeans
20.0,74.0,16.0,36.04353699,43.61444121,4.759490199,159.8938645,pigeonpeas
76.0,54.0,25.0,26.070650241886806,60.54475771371738,6.694016710296028,74.14716113344605,maize
22.0,11.0,29.0,28.03380598,95.01630593,5.955742971,218.0055713,coconut
0.0,49.0,18.0,29.68361658,87.93598094,6.990095452,41.82490236,mungbean
15.0,68.0,25.0,32.878800654934444,32.679995550697626,6.3601717434941625,132.65525456836065,pigeonpeas
117.0,25.0,54.0,28.68275966,92.50969311,6.150686363999999,29.11187663,muskmelon
88.0,35.0,35.0,27.55906475,58.45742907,6.784460602,117.9389993,coffee
8.0,59.0,18.0,29.50523036,35.72032498,6.216814453,187.8961851,pigeonpeas
117.0,43.0,25.0,24.68854799,78.51206972,7.839849298,69.31153566,cotton
13.0,46.0,22.0,32.130524059152805,39.71622726542751,6.477839086068384,52.1585778668336,mothbeans
68.0,51.0,39.0,24.4027169802967,72.59014472917613,6.805907395734328,188.8250212494501,rice
69.0,66.0,49.0,40.00439101,90.17015833,6.52711001,92.11877372,papaya
44.0,54.0,22.0,26.484307724297533,68.02022314427155,5.655478968270288,66.29467565301614,blackgram
19.0,64.0,25.0,30.239447343774486,80.92317485291639,6.67003039265837,38.516391646089566,mungbean
14.0,76.0,20.0,29.05941162,62.10652364,7.042474679,36.5011366,lentil
37.0,62.0,17.0,25.68576704,69.84354028,7.121254928,74.62068748,blackgram
51.0,45.0,20.0,21.75999872755714,69.08144722670454,6.004904421620808,76.78164827989434,maize
22.0,9.0,44.0,24.72235539,88.87651295,5.744361602000001,112.1926517,pomegranate
12.0,20.0,10.0,24.45132792,93.10527686,6.528354932,109.4711098,orange
22.0,62.0,26.0,25.766036850297283,47.54954386228483,6.582920736787035,31.08021595351317,mothbeans
38.0,59.0,21.0,27.09879632250104,65.634647784299,6.918156978599991,70.3310637473044,blackgram
84.0,55.0,38.0,26.8748389,79.78725152,6.956682742999999,173.1017097,jute
61.0,53.0,43.0,26.792810313723145,86.09978226020058,6.207159815092662,205.43667761509184,rice
49.0,52.0,61.0,20.68565805492916,17.242051426773962,6.030392290188456,78.28867485319269,chickpea
97.0,35.0,26.0,24.91461008,53.74144743,6.334610249,166.2549307,coffee
24.0,58.0,24.0,18.047465332596648,54.7019446021851,5.988665152238344,170.72847806397615,pigeonpeas
28.0,56.0,26.0,33.52041539560538,46.49453963002992,5.328150856187653,62.78783246165935,mothbeans
59.0,48.0,37.0,26.7750102802292,79.97468489460894,6.013719453898457,239.8407760800156,rice
130.0,59.0,19.0,25.07278712,82.50257909,6.520403794,93.51042684,cotton
61.0,42.0,34.0,25.561375425350555,78.17491604978896,5.511936601128691,215.511969102008,rice
133.0,57.0,19.0,23.54234715,75.98203329,7.947011366,84.12536744,cotton
62.0,52.0,16.0,22.27526694,58.84015925,6.9670577620000005,63.87020584,maize
95.0,37.0,35.0,27.31317116,68.42333909999999,6.348337518999998,192.4288139,coffee
55.0,44.0,37.0,22.935428761233343,80.04618710755972,6.2352649520128685,218.65526818371512,rice
101.0,58.0,18.0,25.66891439,81.38103349,6.652143699,78.59595817,cotton
27.0,60.0,17.0,26.41768321,63.64698302,7.026795358999999,64.42177127,blackgram
111.0,15.0,54.0,27.7058373,92.91185695,6.194090172,22.06207161,muskmelon
63.0,42.0,21.0,23.26237612,72.33125523,5.798423907999999,67.10225139,maize
56.0,48.0,33.0,19.74342794999218,78.61697009730621,6.388368251524771,245.76008670653428,rice
4.0,36.0,22.0,27.60887393,86.13316408,7.012740397000001,43.80041104,mungbean
17.0,50.0,26.0,25.625255697686747,59.87215097795607,6.120365774181569,43.51763858296937,mothbeans
23.0,62.0,22.0,19.02673648486972,19.35484344750156,6.696345219155068,107.11893437256433,kidneybeans
101.0,17.0,55.0,24.37118217,87.1269128,6.451499763999999,44.63907691,watermelon
27.0,41.0,28.0,25.576528657992668,57.20633216061823,6.798710651550956,44.13380080541548,mothbeans
13.0,61.0,24.0,18.29783597,69.6897615,7.629910252999999,49.39111479,lentil
17.0,58.0,24.0,19.001280551611966,62.18785982382737,5.767823728770735,36.62536029612977,lentil
22.0,72.0,22.0,25.848835032395804,65.8738049332813,6.625021399988917,31.44046100358853,lentil
90.0,49.0,21.0,24.84016732,68.3584573,6.4725232870000005,74.05474936,maize
24.0,60.0,21.0,26.471998505771147,70.25183963450287,5.6695143706788365,59.90045876391714,blackgram
61.0,41.0,35.0,24.97178693,79.47557931,6.842966478999998,195.7571622,jute
29.0,68.0,21.0,29.505512971026253,56.60292475050118,6.160869151837975,38.59703633204911,lentil
54.0,67.0,38.0,25.852734413595577,69.17688447692109,6.038958674057796,148.71423217447705,jute
37.0,56.0,25.0,22.05592283,19.60379304,5.774755143999999,126.7265372,kidneybeans
19.0,120.0,195.0,18.73932187,81.12109244,5.931538447,73.55807954,grapes
44.0,62.0,21.0,28.68570962049598,58.399869426350016,6.799122064076606,66.93010612967626,blackgram
31.0,68.0,45.0,42.92325255,90.07600528,6.938313356,196.2408242,papaya
63.0,43.0,17.0,19.28889933,65.47050802,6.807487794,71.3195307,maize
32.0,47.0,23.0,28.4151314626654,83.27687690689491,5.942123038447506,39.65799305546464,mungbean
29.0,39.0,26.0,30.29755483432456,59.18756494787464,6.047277450032245,60.50193562467251,mothbeans
13.0,48.0,26.0,30.28095155172877,60.66241111216839,5.277769936329026,29.33121687246118,mothbeans
68.0,46.0,38.0,24.68397198956521,89.01027572291457,5.996208155369155,154.7770130910207,jute
8.0,45.0,24.0,30.06474771891957,98.5772498002854,6.440931109510437,40.23722925125095,mungbean
15.0,42.0,24.0,27.46511905142529,62.34247620596054,6.493898351511524,60.43542225407642,mothbeans
77.0,44.0,41.0,25.55260697000297,92.62168039591216,6.038418137265001,157.44333349277576,jute
102.0,28.0,54.0,25.15623099,80.27525115,6.862157042000001,55.49541453,watermelon
25.0,68.0,22.0,21.058636140313443,23.059032277086096,5.656902168786102,58.11933356782837,kidneybeans
83.0,94.0,47.0,27.39872329,81.10523402,6.469370954,112.1355384,banana
28.0,68.0,65.0,19.919888933143643,16.63472481278867,6.576641850155914,74.2161139089954,chickpea
0.0,19.0,33.0,27.1326009,95.23797989,6.234458417000001,204.7206567,coconut
30.0,17.0,31.0,31.20478173,54.49960506,6.804437106,94.62954663,mango
23.0,67.0,21.0,33.491679879781366,68.91605690680616,6.065495644435376,50.96471540366499,blackgram
33.0,46.0,22.0,29.57750075320956,62.21380895181461,5.750248045880356,38.63107050631615,mothbeans
24.0,42.0,20.0,30.69283867319028,50.4638684705659,6.144828984858747,52.89075276507057,mothbeans
20.0,51.0,21.0,32.0131670760769,67.97871215646174,6.899835903850978,52.904706367789686,blackgram
40.0,143.0,201.0,24.97256132,82.72828653,6.476757723,66.70016285,grapes
32.0,25.0,9.0,10.35609594,93.75652041,7.796034006,101.1456947,orange
106.0,21.0,35.0,25.627355,57.04151119,7.4285236339999985,188.5506536,coffee
44.0,71.0,59.0,18.17487272281357,15.763872086415002,6.778643031435533,69.83711537087372,chickpea
10.0,67.0,20.0,16.5591581214408,20.688760981642663,6.122983012111338,63.19687844848435,kidneybeans
111.0,39.0,22.0,22.60361557,80.35090459999998,6.135025006,88.57395505,cotton
22.0,67.0,78.0,17.16606398,14.42457525,6.204090835,72.32667516,chickpea
26.0,72.0,22.0,28.76794904,37.57792132,4.674941549,91.72084869,pigeonpeas
60.0,55.0,40.0,24.9949957,88.95692783,7.02777956,151.4935635,jute
24.0,62.0,30.0,18.19083842809355,65.57868643733308,6.854304807495686,48.64925492382238,lentil
62.0,52.0,26.0,19.993467321563067,56.21871176749165,5.920619206063417,72.75238559242868,maize
30.0,55.0,25.0,34.68213324514649,67.94367398366651,5.932671370840206,98.1497413156574,pigeonpeas
6.0,60.0,26.0,32.49654665724681,72.0736013578311,6.686311950899033,50.70661216493871,lentil
95.0,57.0,41.0,23.24925555,73.65346838,6.434610995,184.7674863,jute
25.0,68.0,19.0,29.39982732,64.25510719,7.1084501210000015,67.47677295,blackgram
66.0,59.0,37.0,19.98599694027691,75.03459557289042,6.836566049570531,191.94761248172617,rice
68.0,62.0,50.0,33.20258348,92.76437927,6.977700268,197.5282582,papaya
29.0,47.0,22.0,27.291770650101505,83.25293168029283,6.76436518730222,47.99307919291476,mungbean
58.0,53.0,16.0,21.083405323265232,67.26765831906526,6.64851328413714,95.1328396180092,maize
95.0,38.0,22.0,19.84939404,61.24500053,5.730617109,100.7689246,maize
134.0,56.0,18.0,23.80834611,83.91902605,6.691268104,70.97358303,cotton
61.0,52.0,41.0,24.97669518,83.891805,6.880431223,204.8001847,rice
8.0,136.0,201.0,41.65602996,82.22118237,5.6092559920000005,74.19664838,grapes
38.0,72.0,27.0,27.359809097352187,65.57849101514714,6.742599513381037,64.76741036539448,blackgram
29.0,45.0,16.0,28.43683487,87.91332682,6.583381939,43.12063289,mungbean
10.0,5.0,5.0,21.21306973,91.35349216,7.817846496,112.9834361,orange
36.0,52.0,31.0,37.15628078574668,41.78554051315209,6.503990330419963,149.28232626765387,pigeonpeas
68.0,40.0,36.0,25.485420832386552,90.18265816939316,5.794843240590563,168.94708883483503,jute
40.0,62.0,63.0,16.477415361622093,19.259414687450985,6.540769335863299,68.07465689257802,chickpea
58.0,70.0,84.0,20.6543203,16.60820843,6.231049027999999,74.6631118,chickpea
33.0,51.0,73.0,20.88098706179428,17.124464491333416,5.341384365256112,79.20195556014946,chickpea
86.0,59.0,35.0,25.78720567,82.11124033,6.946636369,243.5120414,rice
11.0,41.0,19.0,26.85911286,41.81420849,5.131779302,44.13827124,mothbeans
47.0,52.0,32.0,24.486788236647797,76.70681283128947,6.872972866211152,155.29080788235163,jute
85.0,25.0,47.0,26.11440416,87.64081095,6.29542477,58.48160844,watermelon
56.0,58.0,20.0,25.78985518334273,66.29244682100749,6.341888382737519,60.455618225112815,maize
23.0,65.0,24.0,33.27991982422354,33.10834090613935,5.975432753113825,93.43176736461052,pigeonpeas
60.0,42.0,37.0,25.01472508190116,85.96721794839492,6.371322607490314,223.18953517146775,rice
14.0,67.0,22.0,23.82576704,24.75485098,5.624690247999999,84.64143632,kidneybeans
51.0,55.0,25.0,24.9179304039322,71.8080369176508,5.878209776968364,98.38544826154066,maize
91.0,7.0,52.0,25.07803672,83.46230461,6.405054243,56.39962921,watermelon
27.0,65.0,21.0,25.199840198332723,63.728915917695296,5.515887609002984,42.2429849155238,lentil
8.0,37.0,33.0,28.07802689,54.9640534,6.128167757000001,97.45373619,mango
31.0,66.0,60.0,17.146247922047017,16.16164308040668,6.597228817407655,65.49795181819695,chickpea
20.0,129.0,201.0,23.41044706,91.69913296,5.587905967,116.07779309999998,apple
66.0,43.0,42.0,23.301739816493438,75.96079101016232,6.297656221525191,187.0797132316613,jute
95.0,39.0,29.0,27.35152643,55.99375012,7.13411409,148.98125249999995,coffee
10.0,37.0,22.0,28.7275267,89.12760359,7.069747813999999,58.52974279,mungbean
73.0,60.0,27.0,24.30673670640189,65.28125437361054,6.0091775701982,75.84020660298408,maize
37.0,52.0,20.0,34.2194065513655,30.843760043864613,6.033324589286641,105.39971880678416,pigeonpeas
12.0,27.0,26.0,29.09382275,45.5661059,5.32307197,96.23520043,mango
28.0,58.0,81.0,17.47500984,16.54314829,6.18042747,93.35034262,chickpea
23.0,58.0,25.0,31.548323635940584,66.50497194959596,6.401546132937859,58.17911285228429,blackgram
18.0,52.0,24.0,26.01643814622929,46.725818298368,5.501755526629388,44.9985458076,mothbeans
28.0,76.0,82.0,20.56601874,14.25803981,6.654425315,83.75937135,chickpea
16.0,38.0,24.0,28.44257844511272,89.54082681308029,5.777758322472787,55.034878802535815,mungbean
16.0,69.0,23.0,27.938739950819876,47.84928773231442,6.198077318336416,58.772566361273576,mothbeans
26.0,24.0,34.0,31.27180992,52.23810152,6.811291098,89.74409017,mango
25.0,63.0,20.0,15.78601387,21.14544088,5.502999119,95.17028129,kidneybeans
14.0,63.0,25.0,17.57720479166329,65.7503161634375,5.674517019893253,41.05921089829672,lentil
13.0,63.0,24.0,18.873409172294647,70.80645746246728,6.220664082055087,41.59672843964205,lentil
55.0,45.0,38.0,26.70476420653131,100.3087328153909,7.077447986144356,146.28168448191613,jute
37.0,70.0,22.0,27.84980082051198,73.4542619572969,6.272351456521027,52.68128098606377,blackgram
29.0,76.0,15.0,28.541723600000005,64.2020154,7.0256077060000015,69.68862306,blackgram
37.0,77.0,20.0,25.93381964,68.70533022,7.080506001,51.02372773,lentil
97.0,12.0,47.0,25.28784623,89.63667876,6.765094963999998,58.28697664,watermelon
82.0,40.0,38.0,25.501490394301506,79.54150429123041,6.197493799848956,188.8867649500833,rice
32.0,52.0,17.0,26.24439405068042,58.921699680653546,6.286472883219743,58.83215706808707,mothbeans
45.0,64.0,60.0,17.764608215776025,16.313519341035462,5.923135374217801,81.04673499660001,chickpea
38.0,49.0,26.0,33.42499510894092,70.02887359062466,5.382829577224262,55.12598559767336,blackgram
17.0,60.0,27.0,23.335034382849333,71.58275900254124,6.749355147859248,30.332657616186427,lentil
28.0,44.0,20.0,29.878293746181814,83.63193544339677,5.828445995268886,47.01081545403387,mungbean
29.0,44.0,20.0,30.04132304,63.56222995,8.620107545,31.83192392,mothbeans
19.0,35.0,24.0,27.11030369,83.64274107,6.883308033,49.11964582,mungbean
49.0,68.0,71.0,17.911554203895058,15.495794314896733,6.509624004861079,74.71352334129168,chickpea
24.0,80.0,19.0,29.67892453,69.0854554,6.8080417220000005,65.66436565,blackgram
25.0,71.0,70.0,14.84245559640628,15.89739566103434,6.153044258337609,62.20011927086167,chickpea
12.0,59.0,23.0,14.27230855801922,19.11599912722267,6.017638946314901,125.02683172737385,kidneybeans
21.0,61.0,21.0,19.37935893754744,23.268492368679937,6.296649265906885,85.38884070234462,kidneybeans
22.0,56.0,24.0,29.299447414065416,90.96850096415244,6.19138947500561,43.53574715178274,mungbean
0.0,18.0,14.0,29.77149434,92.00719952,7.207991261,114.41617859999998,orange
60.0,57.0,21.0,20.69773239978933,62.1570631479778,6.835611783491659,96.83400788841304,maize
29.0,45.0,27.0,31.018997587480516,51.71199055730916,5.428213643976554,43.82254439182135,mothbeans
42.0,59.0,21.0,26.40446311317316,67.87355926060478,5.803622891759478,55.98424770764718,blackgram
26.0,70.0,63.0,21.521853001794245,19.59973549138205,5.770230868056699,60.49705373955214,chickpea
104.0,23.0,47.0,26.98212846,86.70068316,6.770434148,42.91292205,watermelon
35.0,47.0,26.0,33.34132575364616,58.28075696075286,6.441444457238275,56.93840680548311,mothbeans
73.0,66.0,37.0,25.64544082054304,88.13212510510915,5.861241154610236,133.48949448285936,jute
55.0,55.0,23.0,21.417586677481275,59.9821360027054,6.345428253125326,97.1967955102505,maize
89.0,60.0,17.0,25.37548751,57.21025565,5.983952675,101.7004306,maize
96.0,46.0,22.0,20.58314011,69.00128641,6.499936446,66.29390357,maize
22.0,30.0,12.0,15.78144173,92.51077745,6.354006743999999,119.035002,orange
57.0,56.0,40.0,20.866571310983076,79.43660811612807,6.900618704448362,190.42019659882828,rice
22.0,16.0,27.0,29.1797902,90.27214288,6.006784979,188.9252083,coconut
11.0,57.0,19.0,17.211024113885937,20.47385579884603,6.184335793239308,130.26732650473704,kidneybeans
14.0,18.0,30.0,29.80747243,52.13797867,5.191265116,95.74606104,mango
19.0,26.0,29.0,26.93141945,98.80313612,5.67154928,166.5712879,coconut
59.0,53.0,20.0,26.03866943793282,71.43423492982447,6.702487959883974,80.28902368071684,maize
31.0,45.0,23.0,27.129173974877727,51.669419112706336,6.604574488750984,37.02627016239745,mothbeans
32.0,66.0,17.0,34.9466155,65.26774011,7.162357641,70.1415139,blackgram
30.0,120.0,200.0,38.06099482,82.24729637,6.234904253,65.70148216,grapes
108.0,35.0,25.0,23.98143338,61.10935084,6.971963169,161.5279095,coffee
8.0,46.0,19.0,27.645764840633447,65.83905818915042,6.377996166429644,67.2261033555905,mothbeans
32.0,46.0,22.0,26.618200886067054,61.430655526093325,6.015729715552156,28.33819877073612,mothbeans
15.0,133.0,199.0,23.99686172,91.61001707,5.8247786360000005,117.6102915,apple
99.0,6.0,45.0,26.12588914,86.5507939,6.000975617000001,40.71210074,watermelon
54.0,65.0,47.0,27.92765919,91.55594211,6.721835879,149.91075569999995,papaya
12.0,65.0,26.0,31.94033582825004,48.78729983403822,6.1335644086066505,49.24198068640152,mothbeans
24.0,57.0,26.0,29.99633111527039,92.44331232486644,5.786479710856376,50.73007082329707,mungbean
133.0,47.0,24.0,24.40228894,79.19732001,7.231324765,90.8022356,cotton
29.0,25.0,14.0,30.49183837,90.4582865,7.781988584,113.3302105,orange
33.0,70.0,67.0,21.649414276154957,14.273164470038086,6.34102759112447,80.02210738384423,chickpea
41.0,75.0,68.0,18.919220401562136,18.07046995930133,6.057628337439996,69.3295860354385,chickpea
74.0,40.0,40.0,25.13842773,83.12053888,6.386259977999999,169.33884650000005,jute
86.0,37.0,16.0,20.51716779,59.21235483,5.561510732,67.61013737,maize
117.0,30.0,50.0,24.90123934,87.20772913,6.744966312000001,46.59207341,watermelon
30.0,55.0,27.0,23.80168289957194,40.693502831669306,5.924832432738628,60.822811558659104,mothbeans
37.0,65.0,16.0,22.8352024,18.97267518,5.683548308,63.59276673,kidneybeans
40.0,5.0,29.0,28.48444906,97.76865458,5.820978791,160.389421,coconut
13.0,60.0,30.0,21.0723895769619,40.90398811844109,6.827534776933359,118.87480941337604,pigeonpeas
11.0,27.0,30.0,27.69637763,48.56224879999999,6.39474303,89.85646496,mango
34.0,59.0,64.0,17.826293879110104,13.86694990942307,6.179829153336756,80.60227245105011,chickpea
26.0,55.0,26.0,29.622604385593945,68.10012437560087,6.180818241895086,58.442609722467786,blackgram
24.0,63.0,19.0,19.3479443,55.96805489,4.681576043,194.5921148,pigeonpeas
27.0,69.0,22.0,17.91652287,24.90814655,5.932323085,69.14681022,kidneybeans
32.0,61.0,21.0,19.58419542748257,25.601237180785347,5.863434791230418,94.22201855792062,kidneybeans
66.0,46.0,20.0,25.01697494741121,73.59931041435371,5.526001957558953,58.7376909948084,maize
34.0,71.0,79.0,17.927806,15.85622899,7.728998197,74.63872762,chickpea
31.0,136.0,197.0,31.11047251,83.34010951,5.653776057999999,71.43001582,grapes
31.0,59.0,27.0,27.797783794749662,68.1462635704844,6.47195416346588,65.27902985618354,blackgram
24.0,53.0,19.0,30.426339997608967,59.49724842390468,6.4449203337669125,71.5068151752,mothbeans
14.0,58.0,28.0,15.749808862413175,21.55792526911712,5.716404174660287,117.278624932024,kidneybeans
106.0,16.0,54.0,28.96017885,91.69532178,6.585872508,24.7458198,muskmelon
29.0,138.0,197.0,22.19055385,92.43764169,5.830892252000001,121.6622761,apple
33.0,80.0,22.0,28.57006111,65.71765781,6.593961761,70.0866434,blackgram
71.0,50.0,38.0,21.885838672123395,87.98724050776477,6.770022890852412,185.35451963350087,rice
39.0,127.0,202.0,15.3246651,81.67215994,6.477768039,71.60102999,grapes
23.0,49.0,20.0,30.96334471271288,77.30183202869542,6.885611583795056,39.03571247354618,mungbean
63.0,44.0,38.0,25.782383889054003,76.582657254011,5.233684360436949,147.10524954903116,jute
70.0,44.0,35.0,24.67972059169118,77.55854213431586,6.338594245686357,170.87225550148003,jute
11.0,122.0,195.0,12.14190714,83.56812483,5.647202395,69.63122027,grapes
25.0,17.0,40.0,18.91251245,87.74938524,6.608023872,111.28005159999998,pomegranate
16.0,48.0,21.0,30.89853200909149,40.25011148718785,6.027208063197669,52.115186807934144,mothbeans
18.0,53.0,22.0,29.128022224186587,87.62977604796212,6.465972776487587,36.30375678885166,mungbean
35.0,131.0,203.0,22.42776057,93.91722423,5.893490899,102.7230739,apple
108.0,72.0,46.0,25.16278237,84.97849241,6.110844721,90.94554618,banana
59.0,54.0,24.0,19.53952995319935,61.82428610837519,6.642322343775695,48.77106631399642,maize
22.0,54.0,20.0,28.56149805,83.63802195,6.689825155,41.013132,mungbean
25.0,71.0,24.0,28.49538735,60.44848407,7.187721817999999,74.91559514,blackgram
18.0,56.0,23.0,18.9504947204486,53.19991171902266,5.797796569250337,147.47134415503993,pigeonpeas
91.0,84.0,52.0,29.14827211,78.71024836,6.390741836,117.536781,banana
50.0,55.0,37.0,25.682449828987703,72.15378405002687,5.8954211784023896,143.60211718790887,jute
8.0,54.0,27.0,24.10382239196274,46.68287393964487,6.807266106922872,169.51588268536528,pigeonpeas
20.0,77.0,23.0,34.87248659,38.83786012,5.180271502,148.25027859999997,pigeonpeas
44.0,47.0,45.0,38.73218907,94.73613484,6.579441304,218.142147,papaya
16.0,54.0,26.0,27.2798744539183,39.16168959738394,6.723388495127773,55.92298960387824,mothbeans
54.0,67.0,52.0,35.67667332,93.30641944,6.586107335,141.3381168,papaya
26.0,50.0,24.0,33.6506781863664,50.61514313475525,5.7836464238533205,62.87065227630876,mothbeans
36.0,68.0,20.0,17.06104474,23.77201471,5.86442953,81.83420522,kidneybeans
45.0,56.0,65.0,20.18611336874095,17.391850839611006,6.916459757703647,67.9611467004785,chickpea
17.0,66.0,28.0,18.581763432754475,19.53794554177672,5.78558977059175,128.87913769186298,kidneybeans
81.0,49.0,20.0,18.04185513,60.61494304,5.513697923,104.2321615,maize
17.0,59.0,25.0,29.217902494478796,92.81206352472924,6.225872438990086,32.05463161542186,mungbean
11.0,55.0,23.0,30.48963970201009,81.55508214837494,6.854465281824208,38.15693610280838,mungbean
29.0,58.0,23.0,35.17549940825511,62.30653482723094,5.654293396995486,108.77396552551008,pigeonpeas
77.0,55.0,43.0,25.49941707,75.99987588,6.663559451,193.71418280000003,jute
39.0,72.0,61.0,20.36162978273584,20.250273612333498,5.388655947840836,70.95692855516053,chickpea
16.0,73.0,19.0,18.41645629,34.80541039,4.684079249,163.27474730000003,pigeonpeas
89.0,47.0,38.0,25.52468965,72.24850829,6.002524871,151.8869972,jute
21.0,63.0,64.0,17.717366841613924,14.83202669844351,6.70318949257837,60.68490179521805,chickpea
78.0,35.0,44.0,26.54348085,84.67353597,7.072655622,183.6222657,rice
87.0,21.0,52.0,27.350629600000005,94.29119509999998,6.067665497999999,27.21244021,muskmelon
40.0,45.0,20.0,29.37687468,57.69622912,6.878498176,38.34303462,mothbeans
53.0,49.0,40.0,21.535653753454184,88.48084728989825,6.849577351861961,227.57453531597784,rice
85.0,42.0,23.0,25.13144250912889,55.637913505645294,6.071888747714614,89.81387323495318,maize
28.0,67.0,69.0,19.992986405946574,15.69485598525203,6.833999084652143,78.83891163110957,chickpea
37.0,6.0,13.0,26.03097313,91.50819306,7.511755067999999,101.2847738,orange
33.0,64.0,18.0,25.94824681122093,18.17764726275175,5.959755649561725,52.59924884990553,kidneybeans
99.0,57.0,38.0,24.80624984,82.09281674,6.356295567999999,156.3616174,jute
69.0,53.0,27.0,20.22312309056042,64.1074749535899,6.628289241048998,78.32007736756518,maize
27.0,40.0,24.0,27.84026517,89.99615558,7.063022095,52.84626009,mungbean
20.0,58.0,22.0,29.514731851597592,88.58002516276959,6.473231320213847,39.33957964540941,mungbean
71.0,51.0,38.0,24.35605847616437,80.3761275069218,6.071712313364086,211.9930577605745,rice
53.0,55.0,55.0,33.32315744,91.25271223,6.709668804,234.496633,papaya
1.0,27.0,36.0,23.98598756,93.34236582,5.684995235,104.991282,pomegranate
70.0,44.0,19.0,23.31689124,73.4541537,5.852607099,94.29712821,maize
34.0,43.0,26.0,28.91814960205864,83.43240045158318,5.90511589380998,36.54482734899278,mungbean
36.0,61.0,21.0,34.53823889,39.04468913,5.617008201,168.5948318,pigeonpeas
68.0,56.0,38.0,22.14042386651104,80.14118922128536,6.177816516374569,200.9456532334933,rice
5.0,35.0,20.0,28.92952635,53.57014709,9.679240873,66.35634104,mothbeans
37.0,57.0,26.0,28.06555381592896,68.68839180119632,6.7198642330113065,61.60585344044864,blackgram
19.0,68.0,22.0,18.34392174425753,20.97664994405427,6.884316295839358,105.83176780273564,kidneybeans
87.0,48.0,38.0,23.81579631,80.94023552,7.161865733,190.312216,jute
82.0,75.0,55.0,27.34585147,78.48738349999998,6.281069505,92.15524332,banana
29.0,70.0,61.0,20.325494792343758,15.592408746455028,5.530939524441509,70.18595641959077,chickpea
17.0,55.0,21.0,28.430525444431662,90.38730776456885,6.338187016788002,38.174545466941815,mungbean
28.0,48.0,15.0,25.16125354,55.25435777,9.254089438,40.89732789,mothbeans
48.0,54.0,35.0,25.306112178549512,90.5328657208934,6.236141671403254,130.56399246126617,jute
36.0,67.0,77.0,18.36952567,19.56381041,7.152811172000001,79.26357665,chickpea
24.0,53.0,21.0,27.520990252082115,80.28521001204007,5.818225777994715,40.91687728929943,mungbean
34.0,41.0,27.0,28.525997057968983,46.126067166627074,5.850526507083337,34.4778899905863,mothbeans
65.0,39.0,40.0,27.50170601430791,83.19515929038596,6.390732606238097,163.99171464642768,jute
77.0,36.0,23.0,24.71417533,56.73426469,6.648725327,88.45361858,maize
40.0,63.0,22.0,29.60139103509956,44.15484083316544,5.600039795030762,65.13051874251084,mothbeans
32.0,139.0,198.0,35.89307536,82.66850729,6.358186848,66.53946559,grapes
31.0,58.0,15.0,27.11026483,84.96771717,7.121571293,51.52617423,mungbean
25.0,7.0,35.0,28.38503882,99.18843684,5.55771171,189.67113490000003,coconut
56.0,62.0,32.0,18.59005022024004,71.05924483266922,6.397167956915501,71.51558754904292,maize
69.0,61.0,23.0,20.41271074016396,61.101679418406455,6.353986316681799,58.20166591469746,maize
70.0,65.0,52.0,30.42012134,93.12659793,6.583528529,75.95295,papaya
24.0,44.0,25.0,29.15666466351757,88.47889213065721,5.868471794119182,36.15958601054087,mungbean
64.0,58.0,30.0,18.887947536816345,56.84529335300508,6.139906751264102,53.579491510756775,maize
28.0,136.0,200.0,23.06204373,92.39544055,6.245858905,114.7399101,apple
20.0,51.0,26.0,19.1973938379203,50.6316677314821,6.758308259541656,195.21950716675704,pigeonpeas
35.0,58.0,27.0,31.01441945544233,59.17470015428822,5.479918420620028,35.16296477602185,mothbeans
36.0,69.0,24.0,28.367121423424763,72.2899179295615,6.421682145854177,55.96164885536923,blackgram
83.0,58.0,45.0,25.75528612,83.51827127,5.875345751,245.6626799,rice
129.0,60.0,22.0,24.58453146,79.12404171,5.947448589,71.94608134,cotton
95.0,55.0,42.0,26.79533926,82.1480873,5.950660556,193.3473987,rice
53.0,53.0,24.0,26.34810494241477,59.66976590616731,6.597941571023605,73.14607013615138,maize
25.0,59.0,21.0,29.44325274483936,70.35784160209127,6.269412767579995,58.52317381981998,blackgram
38.0,135.0,203.0,23.76121837,93.661643,5.9655513110000005,100.825956,apple
48.0,47.0,38.0,22.647389516844395,90.11106035586158,6.7823643286986615,204.2285586539608,rice
35.0,65.0,69.0,17.817102192159343,14.301721049175429,6.805859299899403,55.99371190499562,chickpea
76.0,47.0,42.0,20.08369642,83.29114712,5.739175027000001,263.6372176,rice
27.0,75.0,23.0,30.627340937581923,71.88454249454607,5.955343957091574,57.82185892376739,blackgram
20.0,63.0,23.0,30.88278858416841,61.12333138481215,6.449783713659343,116.11709765953134,pigeonpeas
20.0,73.0,22.0,16.03768615,22.33195853,5.976312537999999,130.3900798,kidneybeans
23.0,59.0,24.0,26.725862664436097,91.8746249760858,6.758195797644646,49.32225137179514,mungbean
1.0,15.0,9.0,29.98364695,94.55239717,7.53350946,115.3560318,orange
87.0,44.0,43.0,23.87484465,86.79261344,6.718725189,177.5147313,jute
99.0,50.0,15.0,18.14710054,71.09445342,5.573286437,88.07753741,maize
23.0,54.0,20.0,19.956794814407367,69.37443941733883,5.968401958359795,173.47377572150833,pigeonpeas
10.0,44.0,24.0,30.99256944,43.02151392,8.0344125,58.27600682,mothbeans
49.0,48.0,25.0,18.28137593367912,57.25746196263557,6.7719049355260506,56.29255317840833,maize
37.0,55.0,82.0,19.45591848,18.02235902,8.423873703,78.44910564,chickpea
120.0,23.0,55.0,27.84492803,91.60666594,6.732049075,26.47844429,muskmelon
63.0,58.0,47.0,26.83054058,90.75379971,6.864143752,144.66564440000005,papaya
74.0,39.0,23.0,22.6265115,65.77472881,6.78073637,88.17251033,maize
57.0,56.0,78.0,17.34150229,18.75626255,8.861479668,67.9545435,chickpea
67.0,49.0,27.0,17.229985367976838,56.97954676598042,5.9573028954828855,71.57421353430442,maize
34.0,69.0,25.0,32.4481223301546,69.96219264263402,6.089062256340712,58.587638843798096,blackgram
59.0,62.0,52.0,43.67549305,93.10887229,6.608667683999999,103.8235658,papaya
59.0,55.0,19.0,31.74379487,62.51007687,7.332375138,68.97097538,blackgram
28.0,46.0,16.0,29.008124,84.96089355,6.664187809,45.91011391,mungbean
2.0,129.0,201.0,22.78234161,94.36803516,5.682343744,122.1449949,apple
76.0,39.0,24.0,24.2547451,55.64709899,6.995843776,64.23845455,maize
27.0,24.0,41.0,24.32770134,90.88292835,6.610251186,110.4606459,pomegranate
35.0,55.0,22.0,30.88883074,52.62696801,8.634929739,55.51932414,mothbeans
4.0,134.0,200.0,28.57828803,80.95628959,5.840256272,73.34232097,grapes
38.0,56.0,25.0,25.74095321,45.38497051,7.88118645,67.43488235,mothbeans
72.0,56.0,31.0,19.59704987859841,72.47537682759793,6.666859782073569,64.56966770013396,maize
90.0,52.0,25.0,25.97482359,69.36385721,6.822586546,103.2234212,maize
34.0,76.0,80.0,20.65691793,15.84572566,7.985417393,65.23811143,chickpea
111.0,5.0,52.0,29.8843055,94.0371147,6.135996372,21.0000988,muskmelon
20.0,67.0,19.0,19.24462755,50.54495302,5.671419084,180.6465282,pigeonpeas
33.0,54.0,24.0,29.173851822600614,69.35179079530135,6.528616970801255,84.80610304300596,pigeonpeas
29.0,70.0,26.0,20.409078083909243,23.42643308921961,6.608847835476989,98.91551410980892,kidneybeans
27.0,120.0,200.0,21.45278675,90.74531921,6.1102188260000005,116.7036582,apple
36.0,80.0,21.0,33.64769646,48.41490082,7.066087261,100.4673278,pigeonpeas
31.0,75.0,63.0,16.765419797387956,17.47812939611481,5.838369479377938,80.15438129179715,chickpea
28.0,61.0,68.0,19.843959492692512,14.700875184380198,6.2979573137469,93.9076291212,chickpea
33.0,59.0,22.0,31.134586997262915,65.47830865265422,6.320728484360108,89.82637779778419,pigeonpeas
21.0,51.0,15.0,29.36488409,89.1886954,6.679127482,48.30159325,mungbean
86.0,18.0,45.0,28.96586565,90.71832938,6.566759102000001,22.25838137,muskmelon
16.0,51.0,21.0,31.01963639,49.97675220000001,3.532008668,32.81296548,mothbeans
88.0,50.0,40.0,25.63215038,79.95150917,7.0518224720000005,182.2582277,jute
28.0,68.0,74.0,22.112914395737025,19.117986276351804,6.544147854462424,69.39422072898387,chickpea
32.0,70.0,20.0,20.89342749,46.24856523,6.208843215,195.5697875,pigeonpeas
92.0,60.0,23.0,18.66746724,71.516474,5.721667141,69.93293255,maize
41.0,78.0,21.0,25.19857725,60.37332688,6.581313137,70.88787207,blackgram
85.0,35.0,32.0,26.24928198,54.28617819,6.854011265,133.1120232,coffee
15.0,64.0,23.0,17.83315748197459,24.76714558308731,6.69628658858229,118.0844114765691,kidneybeans
68.0,51.0,34.0,26.93135349061235,80.77107424984453,5.317576305081415,163.47783722399998,rice
86.0,46.0,35.0,25.705263901419205,73.85793519062017,6.55570994884059,174.63748385142588,jute
115.0,48.0,16.0,25.54359718,84.09229796,7.175934962,88.94245493,cotton
17.0,58.0,28.0,24.360148665218777,62.11625637929502,5.444456158402159,49.84270528375904,lentil
99.0,41.0,36.0,24.45802087,82.74835604,6.738652179,182.5616319,rice
25.0,64.0,20.0,33.15122581,32.45974539,4.807776748999999,105.03802749999998,pigeonpeas
26.0,72.0,27.0,27.38735912874774,64.65027532024466,6.27082702522447,40.86285651220047,lentil
101.0,13.0,54.0,25.42900869,82.91481799,6.828982708,56.34144589,watermelon
38.0,81.0,18.0,23.328248153825477,62.38383302450159,5.678015475415003,38.86407365844472,lentil
65.0,53.0,25.0,26.44688506474605,73.79268592782438,5.849281381484135,73.61075167635181,maize
14.0,57.0,22.0,32.53648134762531,43.92786124606122,5.97939093388944,45.55994466848212,mothbeans
111.0,79.0,53.0,28.31193338,75.77363772,6.165001277999999,119.695765,banana
29.0,68.0,23.0,24.1638445,19.27907819,5.82738029,116.7324324,kidneybeans
75.0,55.0,40.0,24.9975841003926,79.53106387009363,5.979510777176409,125.4254295571124,jute
60.0,36.0,43.0,23.43121862,83.06310136,5.286203711000001,219.9048349,rice
50.0,59.0,47.0,40.76998685,92.09278584,6.747975732,209.8678411,papaya
32.0,53.0,21.0,30.057342446931266,79.99758428427185,5.323637516551112,45.26264165914967,mungbean
4.0,19.0,42.0,23.83185873,87.84034604,6.306605528,111.2232716,pomegranate
32.0,50.0,27.0,29.426468384030976,86.40059307800057,6.619362614435143,33.82397163003216,mungbean
30.0,57.0,24.0,33.21368271708237,52.703178203867004,6.378113515931712,163.09756766979396,pigeonpeas
33.0,56.0,23.0,30.009964797898355,37.59575225407347,6.584742267597643,184.3382317588583,pigeonpeas
56.0,41.0,40.0,26.153853872161545,73.21180244870126,7.05541636789222,233.14691178573668,rice
40.0,55.0,18.0,30.38257873,40.5926071,7.115994051,47.95406479,mothbeans
34.0,140.0,198.0,21.70416965,93.44006288,5.751707342,115.1781396,apple
88.0,38.0,15.0,25.08239719,65.92195844,6.455116637000001,62.49190812,maize
28.0,69.0,24.0,20.505122344257995,28.509889305220057,6.724942505095744,154.44023377168514,pigeonpeas
56.0,54.0,37.0,24.78803776802467,88.17650364913064,5.999839118085515,150.37407109303751,jute
92.0,75.0,45.0,29.01207743,77.95192527,5.674403358999999,90.43495443,banana
90.0,50.0,44.0,26.91643698,73.48655995,6.253408852000001,171.4716375,jute
17.0,29.0,26.0,26.14162144,93.28415295,6.071897347,195.4115025,coconut
23.0,73.0,27.0,34.40478865731417,38.40145509826704,6.6596310490555,140.38576303765487,pigeonpeas
131.0,60.0,17.0,25.32023717,81.79475917,7.4250413160000015,83.46532547,cotton
33.0,77.0,15.0,23.89736406,66.32102048,7.802212437,40.74536757,lentil
35.0,55.0,22.0,25.727790355033815,62.452961105638565,6.6670282531601615,66.84497011279741,blackgram
49.0,71.0,76.0,19.71098332,17.63879418,6.613072145,85.57925437,chickpea
84.0,50.0,44.0,25.48591986,81.40633547,5.9353444060000005,182.6549356,rice
12.0,66.0,23.0,21.414785354889773,22.09462630000995,6.620520769894956,68.34310625367175,kidneybeans
31.0,61.0,20.0,23.14553476774723,63.98683298275618,5.376449852034679,37.5316469480485,lentil
60.0,49.0,33.0,28.77405772832674,76.99611803288307,5.824012667369569,164.48228289885236,jute
116.0,40.0,33.0,24.91370487,54.15319242,7.042089492000001,129.5481144,coffee
64.0,35.0,23.0,23.02038334,61.89472002,5.680361037999999,63.03843397,maize
28.0,62.0,23.0,20.82020158991669,23.437144716540743,6.366519473349817,119.45642237380764,kidneybeans
91.0,24.0,55.0,26.27061608,83.09194521,6.259086582999999,46.76837499,watermelon
117.0,24.0,53.0,29.17220859,92.21405224,6.293486295,21.30290472,muskmelon
108.0,38.0,24.0,23.41022496,76.43836957,7.442217061,78.82199603,cotton
12.0,73.0,21.0,21.89665382124222,65.16786854886762,6.73266776717651,29.781993237794048,lentil
8.0,133.0,195.0,20.46657776,80.97598029,6.456079585,71.29813872,grapes
38.0,51.0,52.0,32.66160599,90.78931681,6.927803911,78.85085502,papaya
69.0,46.0,41.0,23.64124821,80.28597873,5.012139669,263.1103304,rice
133.0,47.0,23.0,24.88738107,75.62137159,6.827354668,89.76050416,cotton
103.0,51.0,20.0,22.80213132,84.14668447,7.0466074339999984,91.6389565,cotton
0.0,70.0,21.0,36.30049702,56.03021253,4.672437054,101.6073988,pigeonpeas
37.0,39.0,21.0,29.30883248858587,80.97109385913896,6.163262927583335,50.49547166150659,mungbean
28.0,80.0,17.0,19.62207826,18.67170854,5.809419584,144.1567454,kidneybeans
24.0,67.0,22.0,20.120043,22.89845607,5.618844277000001,104.6252153,kidneybeans
66.0,54.0,21.0,25.19008683,60.200168700000006,5.919045532,72.12375573,maize
24.0,66.0,72.0,17.89974927035169,15.53492728389968,6.426015687687721,80.76272727643808,chickpea
84.0,51.0,35.0,22.30157427,80.64416466,6.043304899,197.9791215,rice
14.0,50.0,22.0,29.417092873880907,80.36964685932706,6.142884684172296,31.68707982470096,mungbean
9.0,11.0,8.0,24.85903405,94.39000473,6.559236744,111.78037340000002,orange
10.0,75.0,24.0,22.05749801552089,71.11650607313221,6.449412320646129,41.91945562722263,lentil
25.0,64.0,22.0,25.0030757444514,58.71612208417947,6.680660275079169,83.52218452271856,pigeonpeas
117.0,19.0,55.0,28.80311922,91.78336933,6.121745389,25.16359891,muskmelon
33.0,59.0,19.0,23.19305333,62.74710773,7.641024177,49.55213308,lentil
18.0,17.0,31.0,31.74592134,45.16127859,5.667507706,93.75441586,mango
34.0,60.0,61.0,19.707170977654872,15.801510607866131,5.837964572224394,87.4543941938,chickpea
25.0,57.0,25.0,27.328010566256783,61.747037305961584,6.614814144893051,35.509341906752404,mothbeans
27.0,79.0,82.0,17.06579293,17.54024066,6.307004922999999,70.87150577,chickpea
12.0,61.0,19.0,19.33162606,24.13995025,5.655726817000001,68.51253427,kidneybeans
17.0,64.0,18.0,36.75087487,58.25799145,6.07938452,124.6028153,pigeonpeas
2.0,78.0,23.0,21.31852148,66.43934593,7.320514721,45.42616802,lentil
63.0,41.0,45.0,25.29781791,86.88705350000002,7.121933578999999,196.6249511,jute
16.0,15.0,42.0,19.67832052,89.08935702,6.890784045,108.5468633,pomegranate
103.0,72.0,51.0,26.12643374,81.81365007,6.099478745,104.4812858,banana
102.0,53.0,21.0,23.03814028,76.11021529,6.913678684,91.49697481,cotton
76.0,48.0,43.0,20.980792788542903,87.3922620471282,6.357892020761889,213.20742095259013,rice
23.0,72.0,19.0,24.229915614115487,65.85358760330425,5.932770863795166,43.3258303320643,lentil
43.0,69.0,23.0,36.30014409316672,61.29266710784634,6.218853117310831,59.514923126415,blackgram
116.0,28.0,34.0,23.44372334,60.39523266,6.42321105,122.2103248,coffee
120.0,87.0,52.0,28.0764455,76.05522115,5.905494703,118.99235729999998,banana
40.0,18.0,43.0,19.38603815,86.79058496,5.767372539,109.91309840000002,pomegranate
86.0,40.0,33.0,26.1387869,52.26311691,7.432322234,136.3027766,coffee
23.0,59.0,19.0,21.98560799,24.87304788,5.852046999,129.5650601,kidneybeans
28.0,58.0,24.0,19.72702528,18.28173015,5.748190462999999,143.7630894,kidneybeans
18.0,79.0,20.0,20.27514686,23.2353604,5.877347515,139.7521543,kidneybeans
24.0,39.0,27.0,27.691440637341085,88.39757801576252,6.245872100050102,38.33475095561983,mungbean
26.0,58.0,25.0,30.750761292536808,54.94550938418297,6.404345146262134,146.79231346858109,pigeonpeas
22.0,71.0,17.0,18.15300153,19.38602098,5.509295379,107.6907964,kidneybeans
29.0,34.0,26.0,33.88004781,54.39416048,6.2739536760000005,89.29147581,mango
30.0,57.0,24.0,28.61961678126511,81.39227486512179,6.012534081184247,39.9897050698975,mungbean
33.0,12.0,15.0,30.25578031,92.03272799,6.052318465,116.7173125,orange
102.0,24.0,54.0,27.72338349,90.93897939,6.698468621,22.81863447,muskmelon
113.0,38.0,20.0,22.10718988,78.58320116,6.364729934,74.94136567,cotton
37.0,51.0,21.0,28.41472034274925,50.54050386044747,6.835674026336583,35.38568281733717,mothbeans
42.0,59.0,55.0,40.10207731,94.35110201,6.979102243,149.1199989,papaya
20.0,76.0,60.0,18.4907545517598,14.938422303489515,6.004305868493932,70.53373354861054,chickpea
2.0,38.0,33.0,32.38697531,53.2328243,4.691396195,90.21633216,mango
67.0,47.0,36.0,23.38169527159014,76.31462680468763,6.372060512775638,168.7819184497526,jute
87.0,28.0,35.0,26.5602777,57.1621814,6.759211911,152.0616227,coffee
75.0,56.0,41.0,25.136953258101403,72.24900282185537,6.711961114927547,179.04638395119096,rice
56.0,45.0,39.0,24.799132644067264,86.02341183854422,6.533128929063846,177.9013744799081,jute
83.0,79.0,55.0,25.14748006,83.34688193,5.565028635,98.66679427,banana
40.0,64.0,16.0,16.43340342,24.24045875,5.926676985,140.3717815,kidneybeans
60.0,48.0,39.0,24.28209415,80.30025587,7.042299068999999,231.0863347,rice
34.0,56.0,17.0,33.4126864,35.42910045,4.548202098,139.6702541,pigeonpeas
13.0,49.0,26.0,31.895247706582456,51.25641702951117,5.967009470939621,56.14659223676802,mothbeans
39.0,76.0,76.0,19.96837462,15.57324389,8.135900726000001,69.15759062,chickpea
7.0,40.0,17.0,31.2123945,40.92604945,8.532078732999999,53.78769958,mothbeans
10.0,79.0,18.0,21.0643684,55.46985938,5.624731337999999,184.6226709,pigeonpeas
37.0,62.0,22.0,24.02037872,61.62313345,7.397546271,49.78102578,lentil
37.0,36.0,27.0,27.552973600000005,47.90859131,5.910634533,90.40332704,mango
64.0,60.0,40.0,18.85564828093776,78.82996084075856,6.319779208871098,185.81411566766727,rice
72.0,63.0,34.0,23.124966275357988,76.14852266694848,5.460142988371035,154.4712230568568,jute
22.0,60.0,85.0,18.8392908,14.74071856,7.811997977000001,94.78189594,chickpea
19.0,54.0,24.0,19.219652993306894,47.46453276768089,6.355114340896996,170.3747990167023,pigeonpeas
25.0,78.0,76.0,17.48042641,15.7559405,7.228963452,66.96980581,chickpea
26.0,52.0,21.0,29.22448415495255,62.31590241369296,6.114768142070762,63.1036659534,mothbeans
16.0,60.0,33.0,24.828350872160467,55.99948433164049,6.269625116903301,44.406629033613896,lentil
31.0,62.0,67.0,16.653352272398234,15.614968403429208,6.017041896931463,69.02391616107879,chickpea
0.0,55.0,22.0,22.98666928,20.57940608,5.916779289,143.85849380000005,kidneybeans
27.0,52.0,23.0,19.81203265373085,27.825545431656494,6.889109702762745,81.07561537216687,kidneybeans
19.0,51.0,25.0,26.80474415,48.23991436,3.5253661,43.87801983,mothbeans
81.0,30.0,31.0,24.65090184,51.93952357,7.027585558999999,135.1386537,coffee
26.0,66.0,22.0,18.06486101,65.1034354,6.300479414,51.54922825,lentil
18.0,12.0,35.0,26.13958446,96.38580769,6.338720873,131.3387935,coconut
12.0,49.0,25.0,29.42313299910001,91.90505947787578,5.3844023200915565,30.52504842160376,mungbean
75.0,52.0,41.0,25.40902403311008,68.52684993882346,5.82580562650588,131.74899548945237,jute
33.0,61.0,27.0,26.01130974739897,40.94545243890985,6.737651641308423,63.114177331537846,mothbeans
39.0,24.0,31.0,33.55695561,53.72979826,4.757114897,98.67527561,mango
39.0,61.0,65.0,19.6342730384748,18.894236068347126,6.92061138052976,75.58032824055836,chickpea
55.0,46.0,36.0,23.207416060775092,88.51116438946033,6.842612896797902,168.97299572161097,jute
29.0,121.0,196.0,22.84852833,94.32130209,6.079497202000001,123.5977843,apple
37.0,23.0,12.0,31.52675982,90.50621806,6.395258356,113.1169398,orange
72.0,41.0,36.0,26.50838667,86.84264005,6.065898282999999,152.9801697,jute
11.0,56.0,19.0,17.612542830084898,23.47365021066111,6.032677415802305,63.72854966850792,kidneybeans
3.0,9.0,45.0,23.89162561,89.61850203,6.535244251,104.617522,pomegranate
29.0,63.0,17.0,30.02629908,67.88811637,7.26154329,66.47264636,blackgram
0.0,29.0,32.0,28.05912437,98.3670985,5.868255858,171.65163959999995,coconut
23.0,45.0,23.0,28.77653519,86.69133979,6.983130466,56.12443206,mungbean
61.0,51.0,51.0,39.30050027,94.16193416,6.574677594,120.9512466,papaya
26.0,57.0,22.0,25.789586282759792,65.3058650347173,6.289721843563887,52.19513536302957,blackgram
17.0,62.0,27.0,28.825942649649864,45.57755625100157,6.668762604611519,164.70133766607498,pigeonpeas
45.0,61.0,78.0,19.48649305,16.06240074,6.489389282,81.52842690000001,chickpea
49.0,53.0,58.0,16.62280526330875,19.18391676068186,6.162020194666589,58.31224991651816,chickpea
15.0,60.0,27.0,26.679264013539957,45.00415633829718,6.618769650241483,153.58698517634946,pigeonpeas
16.0,65.0,20.0,30.0635772617133,31.255293032541346,6.383567608652527,166.35010278401214,pigeonpeas
15.0,28.0,32.0,28.84270971,99.64328526,6.2185718739999984,224.4016682,coconut
32.0,68.0,25.0,19.037252395727823,69.70667922594062,6.835986690168872,35.35175129913848,lentil
16.0,57.0,25.0,31.13072154909745,58.16155187121444,6.141468435181007,60.71742768655385,mothbeans
40.0,30.0,35.0,20.89273273,91.07776977,6.269663962999999,104.4407083,pomegranate
66.0,44.0,20.0,19.0781471,69.02298571,6.740000687999999,80.72515943,maize
16.0,44.0,26.0,31.83421537212152,65.63418779166562,6.154336432580728,42.8492833173246,mothbeans
24.0,70.0,21.0,19.14729038,45.3733757,5.517208078,132.7748215,pigeonpeas
59.0,57.0,41.0,20.48580956280425,77.5132560691921,5.912247147186388,165.9549170760589,rice
8.0,26.0,26.0,25.54759871,91.64194826,5.702484758,212.867626,coconut
114.0,21.0,55.0,25.4438391,87.93923120000002,6.472756256,57.51549686,watermelon
22.0,60.0,24.0,18.78226261,20.24768314,5.630664753,104.2570723,kidneybeans
72.0,45.0,35.0,25.42977518,82.94682591,5.758506323,195.3574542,rice
39.0,57.0,19.0,29.32379604,45.93248374,6.421748487,165.4113371,pigeonpeas
14.0,67.0,25.0,25.28710601,60.85993533,7.241151936,49.37369982,lentil
118.0,33.0,30.0,24.13179691,67.22512329,6.362607851,173.32283859999995,coffee
16.0,56.0,21.0,30.96668518760193,57.6514607207418,6.656111166255191,29.982247226205896,mothbeans
8.0,60.0,27.0,29.3505774076157,69.81523786413875,5.29035204663148,49.86876056534506,lentil
23.0,61.0,67.0,20.69029149033805,17.483266696335342,6.485402888590472,86.64448593895511,chickpea
34.0,66.0,19.0,32.97030511,60.18122078,7.586642101,73.44678678,blackgram
64.0,42.0,42.0,20.52543817528096,81.90966518795558,6.153378229161891,210.22524942956895,rice
68.0,69.0,52.0,25.65492304,92.74501561,6.813383387000001,52.95477913,papaya
35.0,62.0,23.0,21.93158214494812,58.6640610933025,6.662354731496151,41.37637071578218,lentil
28.0,56.0,25.0,22.656371474499466,58.43210377110124,5.691454992287775,45.4169082753831,lentil
28.0,47.0,21.0,28.543657741365195,80.62094185333358,5.866598279591123,44.64508395093269,mungbean
21.0,9.0,40.0,24.51147697,90.64498715,5.956401828,105.6209954,pomegranate
19.0,55.0,20.0,27.43329405,87.80507732,7.18530147,54.73367631,mungbean
57.0,47.0,42.0,29.350982539666884,89.40153996175619,6.2426327577253,254.6898059538372,rice
30.0,70.0,79.0,20.26942271,19.96978871,7.313122235,69.64449182,chickpea
45.0,53.0,66.0,19.71025076829837,18.62214244685404,6.103216391722471,84.06965254023369,chickpea
30.0,71.0,26.0,20.50469687773152,31.54423558149912,7.002778714452922,153.79711785148666,pigeonpeas
23.0,64.0,22.0,25.03403009597015,64.300920033024,5.7687121419794645,47.88359457899957,lentil
14.0,75.0,24.0,28.43017916316281,63.53010505702181,6.051252749080505,34.58768325554515,lentil
16.0,145.0,199.0,26.91624843,80.76838926,5.953966361,69.30927185,grapes
1.0,30.0,29.0,28.33333307,51.39586505,6.4341977560000005,91.67241761,mango
5.0,16.0,31.0,35.96054636,48.69677802,4.555688532,98.00644238,mango
0.0,137.0,195.0,22.4359017,80.18612085,6.329499832000001,65.3973168,grapes
1.0,67.0,21.0,27.52135365,60.53657684,6.551577598,48.06491307,lentil
131.0,35.0,18.0,24.49112609,82.24415809,7.0576933660000005,64.02949379,cotton
32.0,47.0,23.0,29.584146104178515,43.44812836738655,5.513164771009617,36.16883209877444,mothbeans
7.0,17.0,10.0,10.16431299,91.22320999,6.465913274,106.362551,orange
72.0,57.0,21.0,25.80662792188864,60.25949828573928,5.515631710292263,85.52955783068738,maize
34.0,60.0,23.0,32.784395535685,40.96415601656879,5.776414249853432,47.553320427088536,mothbeans
61.0,41.0,17.0,25.1420613,65.26185135,6.021902237000001,76.68456006,maize
29.0,74.0,22.0,28.978925376115548,59.40615801906757,6.565320000256766,106.93257596789827,pigeonpeas
120.0,20.0,45.0,25.66576039,88.6984228,6.114128685,54.22722466,watermelon
24.0,65.0,26.0,28.79783132287606,64.89986584127081,6.50279415225058,31.2420932750615,lentil
31.0,70.0,77.0,20.88818675,14.32313811,6.492546046,90.46228334,chickpea
67.0,49.0,39.0,21.373640682364783,83.34284730527374,5.226548384112823,175.4446291475512,rice
117.0,25.0,53.0,29.11858526,92.12543021,6.413927319,24.52020164,muskmelon
32.0,55.0,67.0,17.842519973192246,13.987756476021776,6.614759535806496,63.225756313945496,chickpea
28.0,75.0,21.0,24.7741949,50.54621094,6.007508163,114.2821387,pigeonpeas
39.0,59.0,19.0,28.785576929949404,63.9053291441162,6.73129933083458,59.36793034333497,blackgram
45.0,41.0,27.0,25.49139402066721,62.8159465101857,5.5186920212398975,77.08648117872292,maize
73.0,51.0,35.0,20.76679386825068,81.02393036281346,5.587738994901588,168.74786504696985,rice
9.0,59.0,25.0,30.39321309,60.16299493,7.699200949,35.37493212,mothbeans
54.0,66.0,52.0,36.56769731,93.79503425,6.867554147000001,104.4218596,papaya
26.0,64.0,22.0,25.95058595,40.58227261,5.16516459,109.1821183,pigeonpeas
27.0,59.0,18.0,29.879289434315847,64.06735236660553,6.1684096945230165,59.70220668955021,blackgram
72.0,41.0,36.0,24.09874353,80.57226761,6.187746776,176.8604109,jute
52.0,70.0,16.0,33.66855394,66.60416867,7.534811832999999,67.32520551,blackgram
29.0,72.0,24.0,23.17409556,36.67847052,6.962386495,162.5931264,pigeonpeas
12.0,34.0,28.0,33.36140093,45.02236377,6.13526938,98.81596545,mango
64.0,56.0,38.0,21.52087134350205,78.81387287808158,6.538659014270411,202.66695088528635,rice
73.0,44.0,23.0,23.439901240012396,77.14793360554575,6.887565880854045,90.82473711414156,maize
107.0,36.0,21.0,25.29250148,75.66653335,6.205263534,62.64174227,cotton
81.0,34.0,30.0,25.17787724,62.26244581,6.6477659970000005,135.0119649,coffee
7.0,15.0,32.0,25.03512351,95.89739958,6.182232762000001,174.796583,coconut
15.0,9.0,11.0,11.54785707,94.14861001,7.907956251,108.82891709999998,orange
94.0,89.0,48.0,28.55980972,84.51602322,5.653437902,111.0843029,banana
0.0,17.0,30.0,35.47478322,47.97230503,6.279133738,97.79072474,mango
35.0,73.0,63.0,20.020588018584142,14.078231141011186,6.564349407281621,82.67253929045565,chickpea
26.0,56.0,25.0,22.56208509566853,22.274964620934835,6.047819468716336,88.07464834976415,kidneybeans
69.0,64.0,46.0,27.347904818585032,85.98634604076076,6.225373315069064,251.7022494999915,rice
29.0,54.0,26.0,30.088770885800653,57.07188092252885,6.575917743628619,31.912716534632064,mothbeans
32.0,138.0,197.0,9.535585543,80.73112694,5.908724337000001,69.44115171,grapes
60.0,55.0,36.0,26.12797248,80.49172597,7.132389299,150.6326874,jute
29.0,70.0,25.0,18.941403711673264,19.14000486488889,6.926228611375201,125.75692382341768,kidneybeans
32.0,74.0,25.0,32.08430928377653,45.76109365976393,6.659459035691743,127.64809694909228,pigeonpeas
38.0,138.0,204.0,25.11108456,83.25447587,6.325480034,73.01026829,grapes
31.0,67.0,24.0,22.93100667837744,57.95604036323294,5.812168004008631,142.28381808412595,pigeonpeas
105.0,30.0,50.0,25.29954705,81.77527562,6.37620108,57.04147057,watermelon
36.0,59.0,22.0,26.38717491107317,85.51263502452113,5.947842290107814,55.53731738404083,mungbean
16.0,130.0,201.0,29.12033769,82.79092939,5.682395429,68.8503047,grapes
22.0,44.0,24.0,24.30935081,56.32938343,6.030447288,58.99536268,mothbeans
27.0,61.0,15.0,25.2653291,67.10004577,6.958054839,48.33941188,lentil
34.0,68.0,51.0,27.34734861,94.17756725,6.687088097999999,40.35153141,papaya
31.0,25.0,38.0,24.96273236,92.40501423,6.4973666770000005,109.4169192,pomegranate
118.0,44.0,23.0,22.08458267,82.82904143,6.6916904760000016,67.06459777,cotton
89.0,53.0,44.0,24.88692811,71.91711523,7.319735475,150.2498675,jute
117.0,82.0,45.0,25.29391516,79.29122198,5.614471478,105.4220251,banana
26.0,10.0,33.0,28.27298134,96.93649473,6.07071786,198.8234862,coconut
31.0,58.0,15.0,28.31886863,60.19461399,6.167855382000001,45.36521251,lentil
25.0,55.0,25.0,18.656845894699813,19.550829309903406,6.123989579993144,96.3279837018843,kidneybeans
101.0,70.0,48.0,25.36059237,75.03193255,6.012696655,116.5531455,banana
25.0,46.0,25.0,30.650408581590774,52.500794835662944,5.5607086664102825,60.4229343201395,mothbeans
59.0,64.0,22.0,19.425725667583816,57.18208922065241,6.19880501701668,60.94888611606167,maize
63.0,51.0,37.0,25.804134552774435,91.03474692626487,6.005091919758363,171.00382438320818,rice
18.0,57.0,21.0,27.37659643,63.93927841,6.155915975,49.47371773,lentil
114.0,79.0,51.0,26.21009246,82.34429458,6.313197204,112.0700033,banana
44.0,60.0,55.0,34.2804607,90.55561637,6.825371185,98.54047745,papaya
10.0,59.0,21.0,28.485206213574248,56.474788269517326,6.616857818721885,44.560463325909694,mothbeans
60.0,46.0,22.0,24.89364635,65.61418761,6.625404347999999,87.9298085,maize
82.0,77.0,46.0,28.9470467,82.1888998,5.901100841,95.83016448,banana
30.0,75.0,81.0,19.41789736,16.80472243,6.4084378860000015,68.4951189,chickpea
79.0,51.0,40.0,26.02538544791583,79.33311722658513,5.597126511630879,125.76373560013889,jute
38.0,63.0,23.0,32.64026084905325,57.61923366351705,6.139108911866404,49.99071794991634,blackgram
3.0,28.0,33.0,30.33723921,48.88704844,5.755049971,94.42850522,mango
16.0,62.0,28.0,17.215178739083655,19.5972472537005,6.702908087936611,92.662894823337,kidneybeans
67.0,50.0,39.0,25.700862575425653,90.44524400862711,6.800476507405374,158.79371445251203,jute
108.0,89.0,53.0,29.12036889,80.18080728,5.908770059,112.3982055,banana
29.0,142.0,203.0,29.67229086,83.71498986,5.891195653,66.48490371,grapes
23.0,65.0,20.0,23.0429097,22.42610972,5.833940084,108.3684316,kidneybeans
68.0,70.0,54.0,31.29986342,92.76039164,6.986228647000001,54.77830202,papaya
22.0,79.0,17.0,21.42451099,20.39659714,5.912289889,116.5206923,kidneybeans
24.0,51.0,25.0,26.24258938488632,62.98290524223344,5.313352817894242,52.9589841234,lentil
57.0,57.0,75.0,17.09104223,18.25142068,7.785039076,87.27444866,chickpea
33.0,53.0,23.0,19.26397434243945,17.052145676014124,6.714670293580348,91.68461283071416,kidneybeans
22.0,55.0,20.0,33.95309131,69.96100028,7.423530351,61.16350463,blackgram
66.0,39.0,35.0,20.90489078440951,74.24716331720182,5.971425476548473,180.21662401736776,rice
8.0,25.0,36.0,19.91330523,94.95031368,6.828522375,104.0277061,pomegranate
30.0,75.0,25.0,30.33276599,42.35249879,6.446091759,149.299952,pigeonpeas
34.0,57.0,65.0,18.0666737189417,15.062587768798624,6.52624730217378,63.87748869464497,chickpea
64.0,49.0,37.0,25.409148324960977,71.60423913571027,6.813983847630947,165.94923521816798,jute
29.0,60.0,22.0,27.10688259789829,68.67341261681162,6.702382420470028,64.77038232520682,blackgram
35.0,18.0,26.0,31.99490489,50.84881347,5.279388967,97.38741498,mango
32.0,130.0,196.0,40.66012294,81.24995984,6.372959542,74.03030056,grapes
109.0,23.0,25.0,25.11711046,68.48030408,7.00733163,194.8773479,coffee
93.0,56.0,36.0,24.01497622,82.05687182,6.98435366,185.2773389,rice
74.0,59.0,19.0,22.25491144051352,58.75153119394915,6.557360172645393,83.70945453,maize
59.0,50.0,20.0,25.685999631359305,72.17917435632849,5.33282764934444,58.64665766319579,maize
25.0,73.0,28.0,16.15424524379754,19.646692353670613,6.260581712754833,91.74751161238147,kidneybeans
24.0,44.0,17.0,29.8596912,80.03499648,6.666380512000001,50.66487502,mungbean
34.0,49.0,23.0,16.231648412400848,21.130674313458755,5.243489430722617,98.58408830432812,kidneybeans
29.0,50.0,25.0,24.246506389649337,59.43791071085178,6.076657623742385,61.69593291330522,mothbeans
31.0,66.0,21.0,21.23127385376965,62.078962910869976,5.932425359360256,48.1021653793876,lentil
37.0,62.0,21.0,14.91669980944009,22.954269475429623,5.8246384037695655,130.65183569495534,kidneybeans
5.0,74.0,21.0,16.24469193,21.35793891,5.591704013999999,66.97053257,kidneybeans
47.0,50.0,44.0,24.837309597113983,82.4876915480371,6.139896680683697,188.6763873755148,jute
7.0,59.0,25.0,27.02097675912645,61.87397676688278,7.010699207874931,126.13674609327174,pigeonpeas
38.0,21.0,35.0,20.33691147,89.38003827,5.841367187,110.9653137,pomegranate
20.0,43.0,25.0,28.4557030517182,53.15503980601913,6.640277550752006,53.04193535502188,mothbeans
23.0,46.0,22.0,25.58897477686024,53.8216244919953,6.062402552300519,56.856341090774464,mothbeans
48.0,62.0,15.0,25.36586097,66.6379724,7.538631462000001,65.81655892,blackgram
23.0,75.0,25.0,31.07508973,47.19847683,7.077170002000001,91.31256412,pigeonpeas
72.0,51.0,40.0,23.20683504,74.09956958,7.422318499,199.4766779,jute
21.0,74.0,15.0,29.49096726,67.10604388,6.471862118,153.2504506,pigeonpeas
90.0,46.0,42.0,23.97898217,81.45061596,7.50283396,250.0832336,rice
34.0,65.0,23.0,28.80665268394944,62.49667019064996,6.646340968085979,61.30716963318973,blackgram
11.0,48.0,20.0,28.50777669713056,51.67684921127727,5.655933970355695,56.92452947220001,mothbeans
2.0,21.0,35.0,25.02887163,91.53720922,6.293662362999999,179.8248944,coconut
34.0,56.0,25.0,31.61081318314469,89.53902998371022,5.887646001322602,48.89505980224536,mungbean
43.0,64.0,47.0,38.58954491,91.58076549,6.8256647820000005,102.2708231,papaya
25.0,68.0,27.0,24.555881731195896,55.64169387093792,5.8377735454070665,85.304264640404,pigeonpeas
56.0,60.0,35.0,24.904255124753107,80.47049018891742,6.328347605501784,133.42299503126563,jute
88.0,5.0,47.0,25.86475496,86.67468041,6.662244646,41.16554802,watermelon
9.0,8.0,40.0,22.48720144,89.9224883,6.553509673,111.6631582,pomegranate
33.0,53.0,27.0,29.663251780446963,54.57170399546771,6.711855449236079,47.870036433299326,mothbeans
37.0,74.0,15.0,24.92360104,18.22590825,5.582178402,62.7089169,kidneybeans
110.0,22.0,47.0,29.03157242,91.82172592,6.243673725,24.93861254,muskmelon
81.0,18.0,50.0,26.44019475,80.91934337,6.507110986,47.81847573,watermelon
7.0,79.0,23.0,19.6365349,19.68751084,5.821649914,96.65888933,kidneybeans
71.0,52.0,18.0,25.10787449,55.97732754,5.790770202999999,78.16077693,maize
71.0,51.0,39.0,25.577465816288285,68.99864073872158,6.249402823240586,254.68674936713768,rice
14.0,59.0,25.0,17.96497428026169,44.988557780772325,5.412559873406409,126.90081092601608,pigeonpeas
60.0,46.0,37.0,21.38977789202512,86.30606252599188,5.587524786053534,178.3314186885729,rice
41.0,54.0,63.0,18.32761820967068,16.422915510002774,6.274377610755688,70.19698838954322,chickpea
26.0,81.0,63.0,17.137948477750896,15.401938553044856,6.731057313004169,72.27053715309759,chickpea
22.0,26.0,38.0,22.92052307,85.12912161,6.988035315,110.2437841,pomegranate
46.0,66.0,27.0,29.424157079996213,60.72998450006098,6.024070998373847,50.19888850352009,blackgram
90.0,44.0,38.0,23.83509503,83.88387074,7.473134377,241.20135130000003,rice
19.0,72.0,15.0,28.83600962,69.76112921,6.890760124,44.08562546,lentil
51.0,54.0,67.0,18.58042365004725,16.76086057653661,6.616258791727407,66.25225701478945,chickpea
64.0,38.0,25.0,21.69576766068637,67.99662096393153,6.40430461027755,77.63220209850375,maize
109.0,29.0,28.0,23.26316991,60.51600210000001,6.724688502999999,194.1755471,coffee
28.0,49.0,19.0,25.42847865030424,94.03026675982768,6.966325318446329,32.07981257688663,mungbean
25.0,48.0,21.0,28.438097,83.48991368,6.267684328,52.55469976,mungbean
7.0,77.0,18.0,20.5591255,60.54880693,6.655918077999999,191.0895109,pigeonpeas
39.0,145.0,201.0,36.73126647,80.58931938,5.775600435,72.24230804,grapes
25.0,53.0,26.0,27.89122519422483,57.92792980856012,6.841797211824906,61.28757822073215,mothbeans
22.0,61.0,26.0,20.457904468991337,22.8112141674572,6.806585015999844,99.29813934836004,kidneybeans
24.0,65.0,23.0,15.328250148601825,19.9212822542214,5.975292301339436,103.97758385696903,kidneybeans
84.0,44.0,21.0,21.869274,61.91044947,5.850439831,107.2681929,maize
107.0,12.0,46.0,29.57240298,93.61870344,6.559763394,27.56918621,muskmelon
8.0,127.0,196.0,27.02766138,83.17093908,5.833302165,70.95666003,grapes
100.0,17.0,48.0,29.72791119,94.29753295,6.367800632000001,26.52364146,muskmelon
22.0,78.0,23.0,17.940545740751837,63.68962276269104,6.7578721157120265,39.75409952947675,lentil
76.0,57.0,39.0,20.010585380063738,85.29686813229605,6.4464994187046525,271.56935021042835,rice
58.0,46.0,24.0,27.452431918667603,77.04055871256497,5.597856520817979,77.2909947631557,maize
14.0,64.0,22.0,16.86967895955326,39.16932902255237,6.385302790346724,83.60587807042916,pigeonpeas
63.0,44.0,43.0,25.376396280841263,96.21274421681376,6.75778671607425,161.2689778393802,jute
54.0,52.0,25.0,22.563984638181346,60.54293399490472,6.078959182686876,62.463620701933095,maize
57.0,47.0,41.0,24.11582212998103,85.09905223740459,5.255057963243663,165.0397118360346,jute
19.0,60.0,27.0,17.558436355688336,19.008464885874467,6.623395821103992,125.22157764752048,kidneybeans
13.0,59.0,24.0,28.83581903540967,37.36420022985152,6.467365324324889,171.38745544819727,pigeonpeas
20.0,45.0,17.0,28.17458662,83.69659318,6.770955317,37.2464655,mungbean
38.0,61.0,21.0,30.27374995,67.38680755,4.696518678,127.7767134,pigeonpeas
37.0,62.0,63.0,19.40857110432129,19.43242725728304,6.15846789975526,74.819651453229,chickpea
65.0,60.0,22.0,25.36768364,72.52054555,6.6069840860000015,107.9124111,maize
2.0,39.0,15.0,28.07219563,82.9116472,6.478557136,49.61865305,mungbean
51.0,66.0,66.0,18.267395555799443,14.273070327281278,6.404319477006711,86.88238257334052,chickpea
21.0,62.0,20.0,21.60667541617075,23.9426281259609,6.75566535946115,133.67328305146603,kidneybeans
93.0,81.0,50.0,27.71822477,76.57853189,6.0360792660000016,102.2099836,banana
28.0,67.0,21.0,21.79792649,63.73086065,6.250994222999999,46.62370222,lentil
23.0,58.0,25.0,26.45730109612657,45.0050352278567,5.8100914707578335,137.5813391207873,pigeonpeas
46.0,37.0,38.0,22.4246064169568,83.3454603605403,6.102558421081167,180.9277243991041,rice
12.0,44.0,21.0,26.721164788223952,38.960076395805885,6.41753544174811,45.22071605298376,mothbeans
81.0,40.0,45.0,25.7629429,80.76238215,6.427726565,174.5071843,jute
17.0,18.0,43.0,24.4880844,90.83687246,5.843005428,103.1969341,pomegranate
40.0,22.0,6.0,24.53610067,91.90997228,6.488221135,115.9787989,orange
57.0,46.0,19.0,23.13811723274458,68.08532326450454,6.767528245762854,76.07000765359759,maize
52.0,64.0,67.0,18.61696334448039,19.06794968624135,6.094993544242119,74.81529119274805,chickpea
71.0,61.0,37.0,21.55136488674612,92.1814328618956,5.719472019827727,221.9610820516349,rice
139.0,35.0,15.0,25.248679,83.4630147,5.898293044,86.55517751,cotton
33.0,120.0,205.0,35.12158265,82.26890793,5.550832177999999,69.71518491,grapes
104.0,35.0,28.0,27.51006055,50.66687215,6.983732393,143.9955548,coffee
36.0,128.0,204.0,25.23542319,80.68700527,5.695792761,67.03840888,grapes
50.0,53.0,24.0,23.951865683977385,59.20924563405812,5.278451475456435,57.27252102716783,maize
9.0,60.0,21.0,29.94413861,67.31323084,7.52178027,40.37113729,lentil
22.0,62.0,16.0,34.6455408,54.32342534,4.828936119,180.9009998,pigeonpeas
15.0,61.0,24.0,21.27586274933407,63.146914523216,6.648010928178167,43.776478801196006,lentil
103.0,27.0,31.0,27.15998538,51.59100753,6.691541233,126.1752206,coffee
55.0,50.0,37.0,22.616036813966197,75.64264779155098,5.841171962893022,233.75072026383495,rice
36.0,66.0,15.0,30.08545364,69.34811988,6.668238556,67.1367443,blackgram
50.0,53.0,38.0,21.987708743396656,94.78373157301924,6.852107707003015,224.62652389124383,rice
55.0,77.0,22.0,31.4345059,62.99303471,7.76061831,64.77651469,blackgram
112.0,73.0,48.0,29.244063800000006,77.32017166,5.7074889870000005,90.66727868,banana
79.0,51.0,16.0,25.33797709,68.49835977,6.586244581,96.46380213,maize
9.0,57.0,28.0,26.51649597914825,46.039877512469744,6.415584646760676,41.57470302880496,mothbeans
27.0,59.0,19.0,19.975372105509557,21.663466956183093,6.162470078593535,60.494447470326335,kidneybeans
26.0,32.0,32.0,30.91471455,49.92963856,6.810186079,90.14047759,mango
28.0,122.0,197.0,19.89363946,82.73366439,5.856575335,69.66256816,grapes
75.0,54.0,32.0,24.602711510345312,88.66117739713381,6.320854528265542,244.81339678754773,rice
36.0,26.0,26.0,30.17294105,51.0845903,6.814630246,95.23444287,mango
47.0,75.0,18.0,33.065576112274684,55.55330756854988,6.21650529365641,58.58304635809911,blackgram
32.0,54.0,21.0,29.52481737748396,62.073430520555874,6.757781829075626,55.82790044154289,blackgram
27.0,76.0,83.0,19.12829388,14.92241479,6.289614016,89.61857826,chickpea
77.0,36.0,37.0,26.88444878,81.46033732,6.136131869,194.5766559,rice
16.0,56.0,17.0,33.80020039,40.03262418,7.445444882999999,176.6165894,pigeonpeas
100.0,10.0,53.0,24.54356968,84.60808277,6.211748957,42.00660251,watermelon
104.0,26.0,30.0,24.40726724,62.65692638,6.410992833,148.6977358,coffee
118.0,21.0,34.0,24.38534644,64.72543073,7.234258375,119.6324109,coffee
15.0,54.0,22.0,26.950699315945155,79.8012071902132,5.597623309434272,31.434687388415945,mungbean
4.0,20.0,25.0,28.93270187,47.94053996,5.664587011,99.9834242,mango
81.0,46.0,31.0,25.36356907760399,74.66622597374379,6.573998771602227,168.10426843028316,jute
43.0,61.0,20.0,26.87187036,61.61367264,6.804253866,63.51822045,blackgram
34.0,60.0,23.0,20.12574053,24.96969858,5.659254981,100.0497183,kidneybeans
19.0,74.0,22.0,32.61727435925776,68.31905888580258,6.013598322741128,53.12527166896739,blackgram
60.0,38.0,17.0,18.41932981,64.23580251,6.474476516,76.41312437,maize
140.0,45.0,15.0,25.5308271,80.04662756,5.801047545,99.39557151,cotton
66.0,57.0,37.0,28.52909755643693,79.66330585340867,6.470041190365325,236.0878957936748,rice
37.0,5.0,34.0,25.79490531,93.84150618,5.779032666,152.42387119999995,coconut
78.0,58.0,15.0,25.00933355,67.816568,6.5286312660000005,62.91359494,maize
42.0,56.0,22.0,25.072845212480583,64.848455899222,6.8945255151235685,63.01064598227096,blackgram
2.0,79.0,15.0,21.53577883,65.47227704,7.505283615,35.75107592,lentil
14.0,58.0,21.0,18.04035336638817,24.75008271793797,5.906502986468189,54.68277644349739,kidneybeans
21.0,46.0,23.0,26.91934705360796,45.88744533840838,6.310578578567141,33.91928381897714,mothbeans
28.0,67.0,29.0,30.95485825502455,31.269903671291264,6.680370739016602,93.5124074239462,pigeonpeas
5.0,68.0,20.0,19.04380471,33.10695144,6.12166671,155.3705624,pigeonpeas
27.0,139.0,205.0,22.48403042,93.40819246,5.7721799460000005,105.5473627,apple
5.0,24.0,40.0,24.692258,93.87030088,6.297907578999999,104.6735454,pomegranate
7.0,60.0,25.0,28.2753171,82.76020821,6.397636709,56.04995423,mungbean
60.0,58.0,51.0,42.07213781,92.92203105,6.840802254,165.7412972,papaya
29.0,17.0,29.0,29.20394909,95.66997327,5.959493188,211.2506267,coconut
19.0,59.0,22.0,19.970472935410285,24.97730938281145,5.90652475081407,113.98078388102547,kidneybeans
32.0,58.0,29.0,27.76257956465207,64.18354744938453,6.3948613083394,52.9589841234,lentil
11.0,66.0,22.0,28.65237837176887,66.94206049535525,6.212950958874148,160.48188307252832,pigeonpeas
73.0,63.0,24.0,19.030584563727544,75.37482224050895,5.56081629529374,67.55182062981929,maize
26.0,122.0,202.0,22.44516988,94.73763514,5.617227184,107.1843273,apple
32.0,59.0,22.0,31.71446886839813,33.9476300992952,5.915507195601101,140.1012764726415,pigeonpeas
13.0,48.0,25.0,29.011388134910224,68.64064460548605,6.968142766366025,71.880730386,mothbeans
26.0,68.0,24.0,28.04849594,64.07691942,7.504930973,37.15824966,lentil
51.0,51.0,19.0,22.26095026838851,67.02189594027755,5.086311427092383,75.9453685944806,maize
53.0,47.0,38.0,25.90025072408297,69.79727615116407,6.155561326168596,167.39707435127394,jute
18.0,66.0,22.0,25.87990287,67.55109024,6.347379185,47.89645224,lentil
6.0,61.0,26.0,25.063893102188263,47.55742818285932,5.698310276893667,55.181494588804114,mothbeans
51.0,68.0,23.0,34.46899449814981,61.37817885158783,5.543437500490951,62.89944167290738,blackgram
0.0,69.0,21.0,25.86928193,61.88321072,7.072923306,36.68284038,lentil
32.0,61.0,21.0,34.92859237840615,67.03793938660513,5.899683525927868,60.59325308286243,blackgram
60.0,37.0,29.0,25.9649010872878,55.49005982472095,6.27378763385195,51.678501801750194,maize
11.0,44.0,17.0,26.34043268,55.59160391,8.016210782,35.1051197,mothbeans
70.0,43.0,40.0,24.35564134,88.80391021,6.176860192,169.11680280000004,jute
20.0,69.0,25.0,18.21654762470864,66.6781974995646,6.816972478306298,41.680368002515074,lentil
86.0,39.0,43.0,26.14576648,71.23690851,6.432051512,193.1007598,jute
12.0,65.0,25.0,25.18540274939962,23.48455342634033,6.609655197076873,110.04748383363048,kidneybeans
21.0,63.0,20.0,19.24690752727492,23.04045210595069,6.694344490792678,123.46182374265416,kidneybeans
71.0,56.0,40.0,24.347711683047105,82.06728804458095,6.66904812976192,171.18218167896745,rice
123.0,50.0,16.0,23.04920461,75.53835214,6.498052108,70.65644296,cotton
7.0,31.0,27.0,31.32863689,47.59319575,6.524114355,94.67344737,mango
96.0,13.0,55.0,29.5275305,94.57459443,6.700337732,21.13545688,muskmelon
18.0,55.0,24.0,29.55862665305405,88.7380803733423,6.770044621319655,49.49737687014972,mungbean
13.0,47.0,20.0,29.21780035,87.93724219,6.54450214,43.1386631,mungbean
49.0,68.0,22.0,28.56840626,61.53278622,7.127064207,63.49726331,blackgram
74.0,61.0,28.0,20.36296514955105,75.92497739219506,6.581270128234313,56.64286656752454,maize
5.0,68.0,20.0,18.72987676,61.33186249,5.001038726,139.8710041,pigeonpeas
27.0,138.0,201.0,23.66682067,93.90191078,5.952367662,105.4004751,apple
40.0,60.0,22.0,28.768305321991928,61.72706508099501,6.789047233804717,66.54678248220002,blackgram
16.0,63.0,22.0,19.70883004528534,20.590362710458617,6.022309543139504,79.48589206683359,kidneybeans
81.0,30.0,48.0,28.52379742,92.09688432,6.041027474,29.86681385,muskmelon
28.0,64.0,26.0,22.634431117316723,34.47115977000457,5.838228880227838,162.66441856199887,pigeonpeas
25.0,74.0,72.0,16.847501698215623,16.694153436781367,6.058775275290029,63.840641368970346,chickpea
2.0,38.0,18.0,27.53632932,89.92908171,6.619891497999999,45.48591922,mungbean
81.0,45.0,23.0,19.32666088,68.03449300000001,6.192360002999999,84.22969177,maize
106.0,49.0,24.0,23.03887865,76.47039772,6.983395572999999,90.64770699,cotton
90.0,40.0,39.0,25.72668885,81.86171563,6.626503893,191.9649389,jute
20.0,69.0,21.0,18.86185632868929,49.3156432199384,6.070085342453885,155.5686608016485,pigeonpeas
24.0,42.0,23.0,28.22471276,82.35916228,6.428054409,44.01206619,mungbean
18.0,30.0,29.0,26.762749300000007,92.86056895,6.4200187170000005,224.5903664,coconut
47.0,59.0,37.0,22.593755595259253,87.36962816076323,6.75008038831578,200.650448692831,rice
34.0,38.0,31.0,35.37775595,45.58110023,6.454045329,97.41586402,mango
34.0,59.0,18.0,23.38002569,21.98879437,5.744117663,87.66898664,kidneybeans
32.0,18.0,13.0,13.8377282,91.74780462,6.044167236,107.9873218,orange
21.0,63.0,17.0,15.77370214,19.2303162,5.979973965,108.3441414,kidneybeans
24.0,130.0,195.0,29.99677232,81.54156612,6.112305667,67.12534492,grapes
63.0,37.0,43.0,23.41798979,85.08640476,6.661957897000001,185.7446728,jute
42.0,53.0,63.0,18.258434044986355,16.410360555552124,5.180517172778983,72.51366365977306,chickpea
39.0,29.0,29.0,26.50908611,94.48414544,6.143662699,199.8778403,coconut
82.0,48.0,36.0,25.79351957,81.76904006,6.352076782999999,193.2418382,jute
101.0,33.0,33.0,26.97251562,62.0183627,6.908671378999999,142.8610793,coffee
45.0,69.0,30.0,28.52657095851453,56.035300495439806,6.0256606443608,58.48321926092685,blackgram
20.0,50.0,22.0,26.25364027847993,45.997676195617885,6.053750570301668,59.70818303898683,mothbeans
4.0,47.0,20.0,25.97948991,64.95585424,4.193189124,72.19245835,mothbeans
22.0,54.0,23.0,26.07296994178618,51.355941792119424,5.629458074928427,33.26895575211516,mothbeans
10.0,74.0,26.0,21.187256515891335,67.03746770771811,6.093202782483626,41.60674353175234,lentil
119.0,44.0,15.0,22.14593688,82.85975490000001,7.091992365,60.65381719,cotton
5.0,53.0,22.0,19.069643796983687,36.83212741854157,5.407209896621663,103.23203065509026,pigeonpeas
31.0,55.0,22.0,22.91350245,21.33953114,5.873171894,109.225556,kidneybeans
14.0,59.0,27.0,21.81197719466591,58.12921258144,6.6197362667692,50.20532273337787,lentil
61.0,59.0,17.0,23.33844615,59.24580604,6.47444292,105.0083144,maize
38.0,19.0,31.0,34.73823882,49.08864345,5.855119267999999,90.65022183,mango
16.0,77.0,22.0,31.48469278,35.6395615,6.574209678,100.546816,pigeonpeas
24.0,44.0,26.0,29.35259080445472,87.87747756952864,6.025195219563551,43.29126842064038,mungbean
4.0,59.0,19.0,26.25070298,67.62779652,7.621494566,40.8106299,lentil
33.0,62.0,26.0,15.745887147960318,26.560068638741992,6.623764076045771,66.69559360773397,kidneybeans
42.0,63.0,59.0,19.288447768659413,18.0764803361058,5.936068730396926,67.74185813886308,chickpea
20.0,50.0,26.0,32.69239505416887,46.96170142960218,6.445512467699563,34.6655437651962,mothbeans
93.0,22.0,48.0,29.12533739,91.52291141,6.776987974,21.90440445,muskmelon
72.0,58.0,41.0,24.964495708121007,78.11969015575455,6.180386852177059,232.74960274657045,rice
21.0,52.0,21.0,28.261066676586648,59.46952962431156,5.959939495555061,43.92236050792671,mothbeans
0.0,145.0,205.0,21.22503442,90.09877774,5.52078314,113.9760462,apple
18.0,125.0,204.0,22.35548159,94.47811755,6.046673619,116.7366261,apple
44.0,45.0,26.0,23.78329853646776,71.99252611367667,6.128034140328475,62.85544410620128,maize
40.0,58.0,15.0,29.46416042,87.60890009,6.978400282000001,43.15411472,mungbean
40.0,62.0,19.0,27.32198928,34.13737127,4.697750704,96.51524028,pigeonpeas
32.0,79.0,25.0,27.836024927380954,42.06407888992641,6.463527838817583,134.57133522820192,pigeonpeas
64.0,57.0,41.0,28.24555634540069,75.70422615887401,6.615430380223748,231.44304044898243,rice
33.0,52.0,26.0,29.93688050417341,46.7485218790277,6.733619648984462,35.044936059195365,mothbeans
13.0,126.0,204.0,23.1094265,92.79630809,6.3831802710000005,108.183792,apple
50.0,56.0,34.0,23.764964620990867,90.72573833180763,6.449301752477904,140.0130404531827,jute
24.0,57.0,66.0,16.669586620984674,15.06840838520433,6.376794973029972,65.45025450409405,chickpea
2.0,143.0,196.0,22.71271308,90.45261746,5.669489065,109.8852597,apple
21.0,63.0,21.0,25.930512181964577,43.38756408995814,6.553784315135123,105.1351982409104,pigeonpeas
80.0,46.0,37.0,24.033970821804623,66.8358634051683,6.418202655587639,175.15208123695842,jute
126.0,38.0,23.0,25.36243778,83.63276077,6.176716425,88.43618918,cotton
73.0,45.0,37.0,23.70467146,74.63745355,6.742688094,181.2783964,jute
33.0,139.0,203.0,33.34214482,82.51034633,5.693287415,70.68098614,grapes
37.0,79.0,19.0,27.54384835,69.3478631,7.143942758,69.40878198,blackgram
89.0,85.0,55.0,26.671983500000003,76.48541655,6.275384607,91.73358569,banana
14.0,29.0,32.0,35.63627319,48.97047762,6.942520105,97.51952041,mango
24.0,71.0,24.0,29.59627980951134,68.5311231786031,6.518089759966482,55.57411086111441,blackgram
78.0,40.0,38.0,26.46428311,83.85642678,7.549873681,248.2256491,rice
39.0,77.0,21.0,22.99774444,60.24218572,4.603563116,159.689339,pigeonpeas
42.0,59.0,24.0,30.24336198328757,69.41255975104973,5.600392310518811,56.42413858712169,blackgram
39.0,64.0,53.0,23.012401800000006,91.07355541,6.598860305,208.3357976,papaya
31.0,63.0,67.0,16.838241027708452,17.661094928299487,5.821458209591707,72.71973742756788,chickpea
59.0,59.0,25.0,17.753293574552302,74.13425364753415,6.633626929607576,70.52591454800331,maize
70.0,45.0,36.0,24.56559943468561,85.29480138289381,6.405051665321289,221.0794784930008,rice
71.0,43.0,35.0,23.651940076641797,88.07528072695378,6.348055627406104,213.63434643654784,rice
118.0,31.0,34.0,27.54823036,62.88179198,6.123796057000001,181.4170812,coffee
21.0,71.0,76.0,19.24706753482432,15.012491329967723,5.601926675254464,75.10729464485651,chickpea
37.0,144.0,197.0,11.18994268,80.8084305,6.415555956,66.34234944,grapes
119.0,19.0,55.0,25.18780042,83.44621709,6.818261382999999,46.87420883,watermelon
33.0,47.0,46.0,29.20300896,93.96834049,6.839443833,209.4083305,papaya
107.0,38.0,29.0,26.65069302,57.56695719,6.35118177,145.105065,coffee
53.0,50.0,25.0,20.94490161601177,61.09368401437567,6.0410013262041415,77.97754493419977,maize
29.0,11.0,5.0,23.13338811,91.94670335,7.639788459,104.4224145,orange
33.0,55.0,21.0,29.794316543007326,86.2107103011584,6.70161587287805,56.5930905951645,mungbean
62.0,48.0,38.0,21.243256455275223,72.97822745876582,6.849938186872904,167.81685416924515,jute
19.0,21.0,34.0,30.01592643,53.19212381,5.074272692,97.72843182,mango
34.0,52.0,21.0,20.13694188891844,75.46916500911877,6.221927490265317,41.289351606635535,lentil
68.0,45.0,35.0,27.07593663488515,84.0535607099011,6.656151902501903,238.1659070343672,rice
26.0,18.0,30.0,32.06097197,51.08494181,6.336234623999999,96.59816497,mango
56.0,50.0,36.0,24.415365467550643,84.53534073801222,6.305409472379132,243.0959905710579,rice
40.0,49.0,47.0,42.93368602,91.1756748,6.501521192,246.36132680000003,papaya
13.0,61.0,22.0,19.44084326,63.27771461,7.728832424,46.83130119,lentil
6.0,77.0,25.0,20.61162204,24.36314135,5.792744849,69.63833855,kidneybeans
20.0,43.0,23.0,28.066223100395828,89.52494042970974,6.807947722574087,44.97687617482492,mungbean
23.0,44.0,25.0,29.204339483088585,87.35836521547488,6.1916960765887845,47.72767594111578,mungbean
18.0,53.0,24.0,26.25006038469265,91.48801343111916,6.050509116723172,48.534124783910286,mungbean
39.0,139.0,201.0,41.18664903,81.01783402,5.5399808120000005,68.68895899,grapes
26.0,51.0,28.0,28.038939308081133,45.87012166614954,6.553654701289795,145.17697505399997,pigeonpeas
73.0,42.0,22.0,21.16755181137556,65.05862285142184,5.77184242989025,72.8761526468376,maize
32.0,60.0,83.0,19.69141713,19.44225438,8.829273328,91.76071648,chickpea
32.0,14.0,37.0,22.73031253,88.48567856,6.825256236,104.6843243,pomegranate
55.0,45.0,18.0,21.115741176763365,62.653673147042895,5.957488735386469,73.42212803201404,maize
52.0,66.0,33.0,20.96910648902341,79.34556265369122,5.933757754995135,226.09075841735577,rice
32.0,63.0,22.0,29.237538719779536,64.18582368125254,6.358484114241772,62.163725440674845,blackgram
17.0,73.0,18.0,19.50112224,34.51086611,5.632353113,197.3752649,pigeonpeas
35.0,59.0,17.0,18.32134449527669,59.87892923499911,6.179528201209676,44.12339034731509,lentil
70.0,61.0,36.0,21.8272535517537,73.04823168296878,5.601392951232757,211.30799427344164,rice
17.0,66.0,23.0,16.41391400012821,20.02968096993339,6.768831313624467,102.5088327626839,kidneybeans
14.0,49.0,22.0,24.67513080656046,53.14229007146565,5.963720074292346,31.73278179359428,mothbeans
62.0,47.0,38.0,26.22687776854077,84.73442849373029,5.4464776865811,244.74273745149387,rice
32.0,121.0,199.0,39.37102553,81.25353895,6.129812716,74.08101744,grapes
25.0,60.0,22.0,21.63149148,21.17919701,5.887263027,134.3649948,kidneybeans
18.0,74.0,21.0,30.663501793499933,58.84648698768738,6.314955930544331,124.454966766,pigeonpeas
80.0,52.0,39.0,26.41915161,76.85691248,7.165696848,197.2101782,jute
18.0,12.0,8.0,12.59093977,91.81668769,6.206053072,119.39167179999998,orange
58.0,53.0,29.0,25.18932481039215,63.62022500137758,6.584594557318829,54.29406084598678,maize
114.0,40.0,17.0,24.32630461,80.13456404,6.363406102000001,69.45072055,cotton
29.0,122.0,196.0,41.94865736,81.15595212,5.638328481,73.06862952,grapes
27.0,71.0,23.0,23.45379018,46.48714759,7.10959773,150.87122019999995,pigeonpeas
83.0,11.0,53.0,29.54097171,92.91778307,6.163921247999999,21.9653077,muskmelon
23.0,64.0,58.0,21.247513247198523,15.241976789161628,5.8008648472451645,82.25347537958099,chickpea
13.0,73.0,20.0,30.50420876,35.48885969,5.391560417999999,162.59277230000004,pigeonpeas
44.0,59.0,78.0,20.67526473,19.85388984,7.599033472,84.78344008,chickpea
6.0,123.0,203.0,12.7567962,81.62497448,6.130310493,66.77844567,grapes
21.0,63.0,22.0,25.09737391,67.72837887,6.859409487000001,74.61649888,blackgram
64.0,42.0,38.0,24.07219600050557,87.25841006727109,6.27688092761468,148.80861072018183,jute
2.0,21.0,44.0,18.92157197,87.31290342,6.56893406,102.8013275,pomegranate
12.0,80.0,19.0,21.91041045,65.21662467,5.962001484,36.10211371,lentil
44.0,64.0,54.0,29.80744318,91.38048469,6.74274935,232.7046126,papaya
15.0,125.0,199.0,18.426993600000007,80.55625868,5.569230319,69.75734306,grapes
110.0,39.0,25.0,22.60612115,77.34264002,7.208795456,75.13617229,cotton
69.0,45.0,25.0,24.54124967863692,66.26350412703503,6.946485860980466,59.123388116781605,maize
7.0,141.0,195.0,23.8812458,93.45067555,5.514253142,104.9116663,apple
76.0,54.0,45.0,24.29496635,77.62976013,6.176618831,184.9800516,jute
105.0,95.0,50.0,27.33368994,83.67675197,5.849076099,101.0494791,banana
107.0,10.0,49.0,25.83202912,89.00481725,6.755192025,45.24690619,watermelon
20.0,76.0,23.0,32.52003636552278,56.31675841127735,6.331741434043696,112.50836286954323,pigeonpeas
62.0,34.0,39.0,24.140863454512186,87.79638583321483,5.54183246343676,143.23773803861351,jute
37.0,70.0,25.0,19.73136909,24.89487354,5.819403771,84.06354115,kidneybeans
108.0,33.0,31.0,23.69287069,66.76090123,7.393825704,144.6576424,coffee
31.0,52.0,18.0,30.842681599153234,60.582094171568265,6.423335488657046,59.69927757209948,blackgram
62.0,42.0,43.0,26.322753109616507,81.1513250463621,6.752657605865527,152.50721953716393,jute
24.0,57.0,26.0,25.22450866524202,68.27225464845516,5.550843214694043,69.05803144360371,blackgram
84.0,40.0,43.0,25.01157559,88.33130229999998,7.228268227999999,169.4168014,jute
49.0,55.0,78.0,18.65580107,16.17772668,7.863113671,81.70769297,chickpea
11.0,6.0,25.0,28.69164799,96.65248672,6.081568052000001,178.9635457,coconut
8.0,54.0,20.0,28.3340432,80.77275974,7.034214276,38.7976407,mungbean
4.0,14.0,41.0,19.85139326,89.80732335,6.430163481,102.8186358,pomegranate
63.0,50.0,18.0,23.57415182039609,69.41606651396069,6.657461421391057,99.169000586948,maize
31.0,78.0,76.0,17.57212145,14.99927489,8.519975748,89.31050665,chickpea
38.0,55.0,19.0,33.18184225,38.23184742,5.864623352000001,198.8298806,pigeonpeas
34.0,65.0,19.0,23.43974653,63.22011726,5.94239222,45.40277297,lentil
29.0,51.0,19.0,29.441213856016123,85.65224431938825,6.806430333153654,42.005046743682215,mungbean
101.0,37.0,18.0,22.92360984,82.68738535,7.63737841,92.91915074,cotton
6.0,67.0,25.0,35.95245442814322,63.592828122884505,5.08174906770513,116.59494837406876,pigeonpeas
15.0,140.0,195.0,13.28504331,83.54193816,5.69945282,65.80006004,grapes
11.0,69.0,24.0,18.90510765840895,34.91443610728956,6.008753210752384,130.86956882382154,pigeonpeas
17.0,58.0,22.0,36.895116280489376,38.51733017485798,6.825983194156403,165.22043514583692,pigeonpeas
93.0,43.0,38.0,23.61475336,86.14290267,6.987332927000001,150.2355238,jute
40.0,58.0,75.0,18.59190771,14.77959596,7.168096055,89.60982451,chickpea
19.0,77.0,16.0,24.90465218772117,61.469221663431775,6.281423428856519,46.80831962877818,lentil
3.0,134.0,199.0,20.28370163,81.32235739,5.81717753,71.06611222,grapes
13.0,61.0,21.0,28.812823480836336,81.30247258016253,6.177830519687598,49.220226018808944,mungbean
49.0,51.0,41.0,23.811379477307057,90.77737865476082,6.022754886551522,137.3074662209881,jute
62.0,42.0,36.0,22.78133816,82.06719137,6.430010215,248.7183228,rice
76.0,40.0,22.0,25.311794185649493,65.38217591670461,6.40955845893868,62.6397330715921,maize
39.0,70.0,15.0,20.76774783,63.90164154,6.366355781,47.9271552,lentil
27.0,46.0,24.0,24.18734577882308,59.43292284415988,5.996496791219104,35.42243027615268,mothbeans
33.0,62.0,24.0,30.8932697031588,70.40202323931001,5.88408553310939,48.5961705372,blackgram
84.0,57.0,25.0,22.53510514,67.99257471,6.489040367,64.40866039,maize
78.0,48.0,36.0,25.63035479715638,70.5231757922944,6.800281842323491,173.7904595820635,jute
37.0,30.0,34.0,27.53907547,53.63549533,6.797779227,99.35408185,mango
68.0,53.0,38.0,23.50885419164989,77.32497390289046,6.594663076005681,190.52304805714053,rice
61.0,53.0,46.0,26.15729185822588,82.70980873289089,6.5740774240402775,159.45976176701717,jute
77.0,49.0,20.0,19.3492523080391,68.2336960096379,6.377995443908539,90.36222738902788,maize
34.0,16.0,25.0,30.07202564,50.96040505,6.10729559,92.09609766,mango
14.0,61.0,20.0,23.18736257499756,70.71876141524302,6.288032993787285,43.64938781615228,lentil
53.0,55.0,21.0,20.00858951356336,58.73684461822513,5.851530110251803,48.7092069678369,maize
38.0,135.0,203.0,41.36106301,82.79782954,6.444373116,69.92107482,grapes
33.0,61.0,24.0,17.001646011948502,18.321595548066675,6.211919703888006,115.20722360320184,kidneybeans
20.0,20.0,10.0,11.86631922,93.68394562,6.976997772000001,106.060149,orange
60.0,42.0,44.0,28.664735360545688,77.22701353822578,6.676240477509662,147.15154567079776,jute
15.0,76.0,24.0,28.305644010821744,65.75829334381865,5.564005657013335,36.78600258504049,lentil
1.0,8.0,26.0,27.5136304,94.18955816,5.562911913,156.6732553,coconut
20.0,30.0,27.0,27.81005614,51.59445462,4.74910393,95.89898581,mango
29.0,54.0,22.0,30.47214956882953,86.69607887530017,6.275000691528502,49.93684705349615,mungbean
34.0,59.0,24.0,16.18859057878938,22.917320861004423,6.606605520596168,63.9835411007982,kidneybeans
40.0,65.0,61.0,19.156214866931705,15.746640544934529,6.87688749322435,65.26485634442582,chickpea
21.0,51.0,28.0,27.444245334098813,49.391367828196046,5.606736545231221,50.12983706419798,mothbeans
24.0,70.0,29.0,32.48399419644952,39.206502086477336,6.716850453325887,133.2465093962968,pigeonpeas
4.0,19.0,43.0,18.07132963,93.14554876,5.7794274020000005,106.3602023,pomegranate
34.0,68.0,25.0,28.746100155810616,69.10873199043672,6.55673827880331,69.04124737457896,blackgram
33.0,63.0,24.0,21.371202822160917,65.33423949042664,6.587468120235996,39.63876073884622,lentil
6.0,77.0,20.0,25.78746268,60.2816298,6.058306161,49.14337177,lentil
40.0,136.0,202.0,22.85267372,94.57645809999998,5.935336307999999,117.53140259999998,apple
31.0,25.0,12.0,18.05142392,90.03969587,7.016482298,111.7793889,orange
8.0,55.0,26.0,27.677581041442775,45.45858486633293,6.644959141012197,98.96521401784558,pigeonpeas
33.0,62.0,21.0,27.32374202415452,53.81024773134041,6.6871866918758345,27.303263962050305,mothbeans
8.0,15.0,33.0,28.97318719,98.09861043,5.50158009,213.9011021,coconut
28.0,66.0,23.0,21.53989176,24.25386207,5.99616119,120.6913038,kidneybeans
31.0,69.0,65.0,20.287423325878702,15.19877226334522,5.959674675752872,55.082550934415934,chickpea
32.0,65.0,23.0,19.68762620660779,21.41537343838989,6.5850175320911575,73.97325789612965,kidneybeans
17.0,54.0,19.0,29.08264602546376,83.10149724461314,6.595796517165489,37.40123764849427,mungbean
22.0,18.0,31.0,30.764551500000003,47.93791463,5.956027059,90.38503469,mango
77.0,48.0,36.0,25.86705009,84.09985284,7.36008498,154.83908469999997,jute
119.0,90.0,48.0,28.66725136,79.59242542,5.986442306,118.2583441,banana
37.0,135.0,205.0,11.82768186,80.2827185,5.510924848999999,74.10225057,grapes
90.0,23.0,54.0,28.55852465,90.45773041,6.159020864,27.26588346,muskmelon
27.0,60.0,17.0,28.8813623901848,57.0537523261584,6.072269301408758,64.24906128243366,blackgram
58.0,55.0,47.0,26.05375792,93.69111672,6.7424900270000006,240.6863901,papaya
120.0,25.0,50.0,28.05457761,94.81637388,6.327210469,21.84869328,muskmelon
57.0,50.0,35.0,22.05051765461096,82.86793327947291,5.999411430468038,230.85449005991867,rice
32.0,74.0,62.0,19.46952133576917,14.7138679732309,6.690155379858992,61.92020831565969,chickpea
11.0,45.0,19.0,28.70012137,44.359648,3.828031463,44.11622138,mothbeans
34.0,34.0,35.0,27.27433181,47.16808054,6.422710539,95.257992,mango
83.0,23.0,55.0,26.89750174,83.89241484,6.463271076,43.97193745,watermelon
3.0,27.0,44.0,24.56811204,92.03009222,6.591302797000001,110.9633894,pomegranate
93.0,20.0,50.0,29.93061247,93.22980899,6.448792688999999,24.34814338,muskmelon
75.0,41.0,35.0,24.97042599,78.62697699,6.856833064,166.6415254,jute
55.0,44.0,21.0,22.41296259664096,59.21083318652083,6.228750229119457,94.6340056620266,maize
29.0,63.0,23.0,26.30947096426204,84.98538309169761,6.165157802373655,46.045524982584645,mungbean
28.0,65.0,24.0,34.03348908816736,62.986065702538816,6.471912621217642,66.9483675086645,blackgram
61.0,40.0,25.0,20.251625677458254,67.87544006522903,6.146777268084647,88.40146235393101,maize
37.0,59.0,25.0,29.52414570747933,70.3039758526014,6.052658967733184,54.828335889620725,blackgram
19.0,62.0,19.0,20.153108267112767,65.84140077676189,6.0874537389431,40.63281029550688,lentil
113.0,28.0,48.0,28.87726019,92.48839665,6.170520517999999,24.44267592,muskmelon
15.0,14.0,8.0,10.01081312,90.22399223,6.22094286,119.3941064,orange
102.0,11.0,45.0,29.03167341,93.12603235,6.35544263,24.15591199,muskmelon
72.0,50.0,35.0,25.080774713936805,86.81360990334373,6.820981988813904,181.27509638211436,jute
1.0,132.0,200.0,16.27852801,82.94270065,5.620745638,66.57462809,grapes
20.0,68.0,23.0,25.54960633,63.95425534,7.707332484,63.1830529,blackgram
9.0,68.0,21.0,30.58201309354099,68.55669938116912,5.837748160901191,38.4827599331311,lentil
2.0,51.0,17.0,25.87682261,45.96341933,5.838508699,38.53254678,mothbeans
22.0,71.0,25.0,18.395464754309245,42.95320694326743,6.73701185701695,119.90679980594612,pigeonpeas
66.0,50.0,43.0,25.615937933234257,83.70793849889431,5.993438149621316,173.46360966662567,rice
25.0,121.0,201.0,30.50734778,82.71775569,5.594240602999999,70.08200379,grapes
14.0,59.0,15.0,21.35135729,22.91244883,5.779090476,146.4548645,kidneybeans
22.0,40.0,21.0,27.61765814373497,82.12360461252548,5.4222884855506175,43.37797047811547,mungbean
27.0,21.0,30.0,35.3915464,52.48823147,5.061081874,91.22881052,mango
40.0,55.0,19.0,31.678911654097767,66.01820208830821,6.191916460049337,57.9151965800688,blackgram
21.0,137.0,196.0,23.6119202,91.70293849,5.812781806,123.5900822,apple
114.0,94.0,53.0,26.33544853,76.8532006,6.190757458999999,118.6858263,banana
48.0,57.0,66.0,17.500372422019108,16.774482357526896,6.014774309904954,81.880997353798,chickpea
57.0,63.0,20.0,20.58048818710723,52.68747190221119,6.437594278138459,97.92003759822607,maize
34.0,80.0,19.0,31.49338309,63.0563645,6.521217963,71.48327008,blackgram
18.0,54.0,21.0,29.437663454306104,55.73178152673778,5.9073913229739095,36.132671027038974,mothbeans
3.0,77.0,25.0,24.84906168,22.89464642,5.608165195,62.21292186,kidneybeans
60.0,49.0,34.0,30.254967735488457,86.61289308336201,6.043162693963688,182.4132170341264,rice
78.0,42.0,42.0,20.13017482,81.60487287,7.628472891,262.7173405,rice
28.0,80.0,23.0,26.38720914250441,64.4015651040143,5.9021409495471895,50.60186941990968,lentil
18.0,71.0,24.0,25.29939391053461,66.72717928548278,5.885549376937287,45.24826945965346,lentil
52.0,68.0,78.0,17.48504075,16.96070581,6.89655198,86.05078037,chickpea
29.0,56.0,59.0,17.99660246432832,14.911742793813604,5.619199035756002,71.4428546391391,chickpea
81.0,36.0,38.0,23.76554749,87.98329901,6.334837865,150.31661519999997,jute
16.0,71.0,24.0,18.33124824,38.40975482,4.946369874,139.64833169999997,pigeonpeas
6.0,9.0,12.0,31.08368929,90.14362642,7.028746406000002,109.6894658,orange
88.0,21.0,27.0,24.43011925,66.02411187,7.231166546,181.6368274,coffee
23.0,74.0,21.0,31.163405681717943,66.73864912241494,5.951079719484484,54.84498261207792,blackgram
51.0,57.0,22.0,35.009532930824406,68.64441361665723,6.225722138420909,61.67304677563773,blackgram
41.0,60.0,20.0,31.722797396334368,69.9968695227208,6.488235486965811,63.147917921111166,blackgram
37.0,50.0,23.0,29.65296893,88.48587386,6.5304707,56.01913159,mungbean
5.0,58.0,19.0,21.09411319377053,21.82399385726884,6.024432647711905,80.69868446455699,kidneybeans
19.0,43.0,26.0,25.482365040852358,57.921608375190985,6.307362396190325,46.36554661655905,mothbeans
126.0,37.0,21.0,25.84997269,84.16855231,6.61448588,77.03421249,cotton
59.0,50.0,24.0,19.44723118522788,71.3203492393693,6.15641946461231,79.33588891379051,maize
26.0,47.0,21.0,29.92823218403449,78.90019357409905,6.382724712687431,43.02892234826293,mungbean
0.0,65.0,15.0,23.46168338,23.22197648,5.645435626,95.84253438,kidneybeans
91.0,38.0,36.0,26.5232969,77.17331847,7.287318722999999,157.8548562,jute
12.0,53.0,25.0,25.87115655542592,68.3574807454649,5.409248729550949,35.466743625875324,lentil
38.0,141.0,198.0,13.05809741,80.28297993,5.757009965,70.75633584,grapes
89.0,83.0,47.0,28.09577643,77.79586769,5.63127166,109.5408614,banana
34.0,46.0,23.0,31.99333760830641,45.92045983805593,5.903295131930828,35.53626598992003,mothbeans
8.0,75.0,23.0,22.84903329823894,47.629440313684775,5.615738274954483,165.65100426118832,pigeonpeas
75.0,53.0,38.0,20.696632705494597,91.46480478189169,6.107428616847827,246.61635584237447,rice
21.0,48.0,23.0,30.940546432610763,60.36161255007146,5.964707335489725,41.31060706895212,mothbeans
28.0,71.0,24.0,25.86756268720219,40.165833212504765,5.62123971293067,96.90935710067582,pigeonpeas
21.0,72.0,17.0,31.52104732,66.55723677,7.580527339,61.71111448,blackgram
22.0,23.0,44.0,20.13037175,89.31505137,6.1438746910000015,107.3416913,pomegranate
120.0,8.0,46.0,29.55657523,90.70937262,6.732834334,28.36535596,muskmelon
22.0,49.0,22.0,28.23494706,61.5620517,3.71105919,72.66666443,mothbeans
13.0,67.0,23.0,37.75076374189516,50.96226865408666,6.741546102752284,109.92785790621132,pigeonpeas
99.0,54.0,37.0,21.14347496,80.33502926,5.5948196260000005,198.6730942,rice
27.0,74.0,20.0,24.69487673,59.96669215,5.8598134160000015,91.95792434,pigeonpeas
6.0,13.0,29.0,27.31155708,99.96906006,5.832608027999999,201.8258633,coconut
98.0,27.0,27.0,24.71384065,51.29142534,7.238109556,197.6439711,coffee
19.0,79.0,23.0,20.448041751511425,54.91457056020826,6.802010085088609,188.315124318,pigeonpeas
55.0,66.0,22.0,30.91219459,68.79427388,7.747775262999999,66.63830637,blackgram
29.0,49.0,19.0,28.89072985404777,87.19279671801209,6.361636174894814,43.11985637474619,mungbean
9.0,8.0,15.0,14.34320488,94.35734702,7.994465371,110.22231229999998,orange
48.0,62.0,47.0,25.34756111,93.02871078,6.803094965,174.40123369999995,papaya
27.0,80.0,15.0,19.07096165,21.21092266,5.7883869510000014,86.21917578,kidneybeans
24.0,72.0,21.0,32.7496355554831,70.05254771005382,6.683974868992324,54.185903434309,blackgram
18.0,56.0,27.0,28.20367426646777,86.81409519919967,5.967334019460824,46.813283741465376,mungbean
10.0,24.0,27.0,27.57283516,94.90485697,5.7084096010000005,145.9298935,coconut
46.0,42.0,39.0,24.57219493154981,78.90458277150218,5.793749940768052,196.67062392419035,rice
10.0,76.0,26.0,31.314608074583116,50.74365589322972,5.892517790703177,169.58493116959696,pigeonpeas
12.0,29.0,40.0,19.68291173,89.75272999,6.594037135,111.2818551,pomegranate
10.0,53.0,28.0,26.54563345891387,84.58551337368284,6.750069785448017,31.712401387044,mungbean
2.0,123.0,198.0,39.64851881,82.21079946,6.253034534,70.39906054,grapes
52.0,54.0,22.0,25.685630081844703,57.0542432813026,6.201868082124204,73.57005590028612,maize
94.0,53.0,40.0,20.27774362,82.89408619,5.718627177999999,241.9741949,rice
26.0,80.0,83.0,17.08498521,16.14565756,7.528599957000001,71.31007253,chickpea
26.0,15.0,6.0,17.22034507,94.78797376,6.912033409,108.0054343,orange
28.0,123.0,198.0,23.46260321,91.45665004,5.682751473,111.7763395,apple
34.0,45.0,21.0,28.18837136,82.60629652,6.2873801170000005,37.01110438,mungbean
46.0,43.0,21.0,26.52789638216003,69.91287339643303,6.647383394159626,92.86873412798552,maize
10.0,56.0,18.0,27.99627907,68.6428593,7.32710972,46.10585191,lentil
62.0,55.0,23.0,26.141330266061782,68.84147375137391,6.566017490810255,60.491125940790624,maize
64.0,48.0,39.0,24.584746522943508,84.11536894005958,5.732754645207186,246.28258939127545,rice
113.0,41.0,20.0,25.0017188,80.53965818,7.256877571,96.32600992,cotton
102.0,45.0,16.0,23.65629976,77.52425987,7.2942193,74.8984994,cotton
67.0,53.0,23.0,26.89069114028416,63.7709815715134,5.20893865366509,105.86725388742455,maize
67.0,50.0,35.0,26.20354499928915,70.85350457107894,5.901992643054156,138.01943522052184,jute
9.0,70.0,18.0,21.67172683450938,54.896393609014986,6.83808925385593,172.02304303029615,pigeonpeas
32.0,50.0,19.0,27.727690849513063,84.60594709858204,6.406566498249718,47.53174442732952,mungbean
31.0,20.0,30.0,32.17752026,54.01352682,6.207495815,91.88766069,mango
42.0,59.0,28.0,32.2697837890058,61.49995076692016,6.445857891847375,66.26775955014018,blackgram
35.0,65.0,22.0,25.016206605153133,18.696694221305503,6.615984748580635,124.82744035761289,kidneybeans
47.0,74.0,62.0,19.92662356544722,14.94104397074556,6.838530976206058,69.1027466594396,chickpea
12.0,29.0,13.0,22.45616931,91.52781832,7.57125447,118.0069295,orange
31.0,137.0,196.0,22.14464104,93.82567435,6.400321212000001,120.6310784,apple
22.0,55.0,22.0,17.16914194961566,21.199923248686236,6.598411426863112,88.67990807291017,kidneybeans
84.0,21.0,55.0,28.47090661,94.79453182,6.494251024,21.08484101,muskmelon
65.0,44.0,35.0,24.531649720678264,80.41710387241528,5.58013376584993,199.63807093771496,rice
58.0,42.0,41.0,25.275740313718263,83.08319031093586,5.223503244659682,164.7487107037888,rice
71.0,58.0,21.0,24.257394749187736,56.576376973167385,5.367597568821971,85.27330844780317,maize
62.0,48.0,20.0,21.70181447,60.47470519,6.708446922,95.71388473,maize
11.0,60.0,23.0,27.33684386,88.50229102,7.033012777000001,51.09802625,mungbean
40.0,50.0,18.0,29.54487871945428,71.88034653523731,5.976469088439995,56.963572901188165,blackgram
67.0,43.0,38.0,25.21622704,70.88259632,7.299304715,195.8645552,jute
23.0,23.0,27.0,34.72413192,51.4271781,5.161148592,97.31258083,mango
90.0,39.0,37.0,24.81441246,81.68688879,6.86106911,190.7886386,jute
16.0,6.0,29.0,29.28725038,91.95614918,5.868285082000001,132.1491176,coconut
36.0,43.0,22.0,27.82684262,87.16679147,6.3898821660000005,58.37249772,mungbean
26.0,50.0,17.0,27.234732147810167,56.367149830075846,6.283007786788077,39.28016080466857,lentil
27.0,8.0,32.0,27.00648436,96.46168931,5.627860548999998,144.3331315,coconut
32.0,57.0,22.0,28.6899851,87.50436797,6.769415887999999,44.56598352,mungbean
36.0,11.0,13.0,17.34083741,93.04897191,7.1917274,112.7194284,orange
10.0,69.0,21.0,21.799125755593423,19.018758052833856,6.3462797775706505,83.2928845749915,kidneybeans
66.0,51.0,34.0,25.122959407585835,79.41643904347347,6.587622045411748,148.44352848,jute
13.0,144.0,204.0,30.7280404,82.42614055,6.092241627000001,68.38135469,grapes
12.0,53.0,24.0,29.43911143383568,51.28720861815515,5.716292904066316,40.47445355740223,mothbeans
34.0,65.0,48.0,41.41968393,90.03863107,6.665024507999999,199.3096432,papaya
5.0,77.0,19.0,31.08564994,66.68832981,6.242052013,175.9303271,pigeonpeas
87.0,48.0,25.0,18.65396672,61.37879671,6.656730007999999,93.62039175,maize
30.0,79.0,22.0,18.28766124,69.48515056,6.254216611,48.60449438,lentil
75.0,48.0,40.0,28.0309055611135,80.59138678478317,5.961541835017737,239.20992347355983,rice
1.0,30.0,10.0,11.89925671,91.34663797,7.291405641,103.5771468,orange
8.0,55.0,24.0,23.93028125804121,46.4789062776897,6.165970578061258,44.59811262707198,mothbeans
33.0,138.0,198.0,22.29423493,90.69033986,6.222390797999999,122.7418744,apple
54.0,60.0,21.0,23.912257827544305,69.15080179825625,6.638164113573389,78.32230751045056,maize
58.0,73.0,16.0,33.36984395,65.67718163,6.874142175,64.89517488,blackgram
52.0,62.0,38.0,20.98384936873101,76.7707528747004,6.264038419459041,220.26767206866256,rice
29.0,144.0,204.0,22.43324518,92.48667725,5.800448951,119.1025189,apple
69.0,36.0,21.0,23.2589267516726,64.8347643703098,6.111120637051709,70.76273319972191,maize
33.0,37.0,19.0,27.92678579,86.5543196,7.183189922,43.4826194,mungbean
55.0,63.0,24.0,22.87837619014922,70.4924083689711,6.223360473395409,78.26456718802805,maize
32.0,62.0,64.0,17.41023502624822,16.423042768556957,6.67755631692449,85.42592604749477,chickpea
40.0,63.0,18.0,30.41588462,67.66323804,6.74441168,63.02473185,blackgram
9.0,29.0,34.0,29.38471637,45.88744691,5.72742254,100.8124659,mango
22.0,54.0,61.0,16.752218148048605,15.48462964768266,6.681312482499692,77.0894619168,chickpea
34.0,47.0,19.0,27.31372793,85.44815232,6.568795403999999,53.15223123,mungbean
22.0,17.0,5.0,24.12188673,90.72351622,6.945562889,102.835632,orange
28.0,48.0,19.0,30.510729555333675,80.68633406583533,6.064656420717935,40.226994890628966,mungbean
27.0,62.0,23.0,22.439781261794213,47.08063626993487,6.161050620709531,152.54443425,pigeonpeas
110.0,71.0,54.0,28.67208915,82.20793613,5.725418961,94.37987496,banana
1.0,6.0,35.0,27.02269204,95.71935435,6.231662767,147.16824590000004,coconut
59.0,56.0,38.0,25.348098002401212,88.73297578933507,6.121988132466629,227.5765503189765,rice
11.0,53.0,24.0,28.52396666,55.77264351,7.39389918,61.32935611,mothbeans
97.0,22.0,26.0,23.60567546,59.68849145,6.074190142000001,185.1568059,coffee
29.0,44.0,25.0,30.12585374431958,90.88873370413724,5.77186857873921,46.64317279266435,mungbean
58.0,40.0,21.0,23.277764733683124,66.6877770795839,5.747862316879002,109.380859332,maize
12.0,42.0,22.0,27.64544079309632,52.2201924856162,6.399667073512648,67.68346786080001,mothbeans
23.0,55.0,16.0,21.01142393,69.69141302,5.111488821,185.2039114,pigeonpeas
28.0,66.0,22.0,29.849554371333685,59.254051947695054,6.260634969810225,111.76098586183356,pigeonpeas
4.0,13.0,6.0,15.63211033,94.25966183,7.5611432239999985,101.4705704,orange
34.0,29.0,8.0,31.87859192,91.15248149,6.450640306,105.3437825,orange
22.0,75.0,22.0,32.38822167459859,68.97332601296776,6.243866956267211,63.8351328627912,blackgram
39.0,24.0,39.0,23.65374106,93.32657504,6.431265737,109.8076178,pomegranate
49.0,76.0,18.0,27.05365239,67.7017527,7.393631868,60.4693835,blackgram
82.0,26.0,47.0,28.50416396,93.46806467,6.565312652999999,24.20007242,muskmelon
42.0,60.0,47.0,33.46873719,92.12746225,6.834808347999999,136.8277041,papaya
26.0,61.0,21.0,24.122139403049648,22.579074926397,6.242847895143363,98.96691956555028,kidneybeans
22.0,49.0,28.0,26.326153924535,54.779075908336246,6.023257449953392,42.39078869508293,mothbeans
30.0,68.0,66.0,16.560113584995616,21.51474145731211,6.455959248803204,70.79545373985273,chickpea
101.0,87.0,54.0,29.07311132,76.50045221,6.376756632999999,100.1692639,banana
22.0,133.0,201.0,23.81995682,80.12211649,6.00299607,67.27398640000001,grapes
36.0,56.0,56.0,17.813071074775724,14.990296718680096,6.173304217000744,79.42550980010634,chickpea
82.0,40.0,45.0,26.21312799,81.70476368,6.667633355,180.1237765,jute
37.0,23.0,28.0,25.61294367,94.3138837,5.7400545670000005,224.3206759,coconut
21.0,78.0,19.0,27.16159076,66.76017239,6.92009048,69.85112265,blackgram
33.0,14.0,35.0,27.14865285,96.66355213,6.027707171,149.2433497,coconut
19.0,76.0,25.0,17.514255223989974,17.839692014447028,6.538127650585819,87.72242533350243,kidneybeans
82.0,40.0,40.0,23.83067496,84.81360127,6.271478837999999,298.5601175,rice
27.0,59.0,22.0,21.81167649,23.20591245,5.794158503999999,130.0608093,kidneybeans
98.0,26.0,52.0,27.33897716,90.69759008,6.150090898999999,28.69113835,muskmelon
67.0,59.0,41.0,21.94766735,80.97384195,6.012632591,213.3560921,rice
36.0,55.0,20.0,27.01470397,84.34262707,6.635968697999999,55.296354,mungbean
13.0,61.0,26.0,20.54924283232028,66.81709667722535,5.641383294029672,44.24251209314844,lentil
48.0,67.0,60.0,18.39070461388046,18.613536724646924,6.482447436335568,68.08733557050056,chickpea
77.0,52.0,17.0,24.86374934,65.7420046,5.714799723,75.82270467,maize
34.0,62.0,55.0,27.58548913,90.72526502,6.585346229,238.5008779,papaya
100.0,35.0,36.0,25.31042337,72.01364411,6.346715209,190.5577618,jute
34.0,65.0,47.0,23.48546973,93.71043692,6.833768535,191.7760562,papaya
28.0,41.0,19.0,30.763795862590506,64.33472471276373,6.5177448452239775,63.7680847991922,mothbeans
62.0,51.0,36.0,27.108129900235223,71.04442527421763,5.285536796665074,147.2863007516578,jute
10.0,55.0,23.0,21.18853178,19.63438599,5.728233081,137.1948633,kidneybeans
30.0,60.0,21.0,28.87667593,62.4901206,5.457871272999999,182.2688175,pigeonpeas
40.0,29.0,42.0,24.63228709,89.01574455,7.104094929,110.6956184,pomegranate
12.0,43.0,20.0,28.253568171704423,40.24949082401606,6.709042398478754,34.4278515672,mothbeans
0.0,12.0,7.0,20.18432263,90.65458473,6.969249676,116.8130969,orange
55.0,63.0,28.0,18.432206276280134,63.9004614249549,6.872186383070044,75.91160471016303,maize
38.0,66.0,24.0,31.12756323655827,66.00539131160065,5.952658986822405,60.04183798485291,blackgram
14.0,44.0,24.0,27.7564886426392,44.48378903736122,6.759202147892386,39.80859040906338,mothbeans
37.0,66.0,85.0,20.93175255,18.91295403,6.456148474,78.06910795,chickpea
78.0,48.0,22.0,23.08974909,63.10459626,5.588650585,70.43473609,maize
49.0,78.0,24.0,30.88189275322228,60.89302852464795,5.456823675714769,49.5880787142,blackgram
74.0,53.0,38.0,25.695900568176636,85.88369559874997,6.365376722074696,219.1071378846499,rice
58.0,46.0,39.0,25.326525684838103,77.81813112042175,6.715554708292937,122.554774056,jute
67.0,49.0,39.0,21.075310578592223,82.4037509607753,5.785713724774142,173.11907364437567,rice
73.0,57.0,41.0,21.44653958,84.94375962,5.824709117,272.2017204,rice
91.0,56.0,37.0,23.43191632,80.56887849,6.363472207999999,269.5039162,rice
51.0,56.0,18.0,28.12787838,64.2097765,6.706505915,70.86340755,blackgram
111.0,6.0,53.0,26.493064500000006,88.59143088,6.313512998999999,46.06382209,watermelon
29.0,58.0,24.0,18.374861167296693,18.41339453536035,6.721293969607312,136.40278202362617,kidneybeans
2.0,140.0,197.0,22.69780133,92.82223419,5.53456749,105.0508234,apple
110.0,7.0,45.0,26.63838589,84.69546874,6.189213927000001,48.32428609,watermelon
110.0,39.0,18.0,24.54795322,75.39752705,7.766259768999999,63.88079866,cotton
70.0,68.0,45.0,33.83508569,92.85470152,6.991626158,203.4044028,papaya
61.0,55.0,47.0,25.037008089725244,85.9007846176898,6.678633277559017,218.69875515183224,rice
4.0,24.0,43.0,22.40423537,88.1508343,7.199504273,109.8695196,pomegranate
111.0,50.0,15.0,25.16820129,80.30351815,7.884550475,84.62419032,cotton
28.0,65.0,23.0,28.38686534,61.88871127,7.405176138,74.24459122,blackgram
23.0,69.0,21.0,28.49609980376521,68.56554463224228,6.014605976591275,35.091551348716074,lentil
24.0,30.0,11.0,32.39523995,94.51768464,6.601395755,113.25373,orange
46.0,57.0,20.0,27.76488969454084,60.29386835343865,6.0083317644267655,64.94047645932852,blackgram
29.0,62.0,20.0,23.159710232558265,73.97382485248369,6.751158906967516,71.45473794379687,blackgram
95.0,75.0,50.0,28.08166093,75.26429821,5.623615687000001,118.2761894,banana
7.0,23.0,35.0,19.75088482,88.71691157,7.054313822999999,102.5538035,pomegranate
68.0,58.0,38.0,23.22397386,83.03322691,6.336253525,221.2091958,rice
32.0,25.0,35.0,18.09903225,85.70786282,5.892913826,107.0050976,pomegranate
119.0,72.0,55.0,25.99069521,83.33983116,6.220643671,112.0777152,banana
9.0,56.0,17.0,26.13708256,66.7729209,6.261937875,46.48280681,lentil
22.0,80.0,20.0,23.00884744,18.86880997,5.669560726,100.118612,kidneybeans
49.0,42.0,44.0,25.15687347835419,80.9570144945799,5.492928741322767,201.4813385340348,rice
9.0,21.0,32.0,32.26935342,53.56092806,5.870116071,95.94035356,mango
24.0,73.0,65.0,18.22677566660278,15.591458088288434,6.03412590275495,68.3460887981444,chickpea
81.0,56.0,36.0,23.39605743,72.60512854,7.097586415,174.78764109999997,jute
7.0,51.0,21.0,25.57526038263397,46.95016778089304,6.011458949248513,35.13012305461453,mothbeans
36.0,25.0,33.0,27.98392787,53.33018851,5.548584852,99.61465679,mango
11.0,50.0,19.0,30.683511241191614,82.61603389215483,5.630271711680412,51.05203131357687,mungbean
34.0,45.0,23.0,28.88013545872872,83.11266488278258,6.093247235333141,49.11936082993398,mungbean
93.0,22.0,52.0,26.58740671,81.32563243,6.932739726,41.87540028,watermelon
5.0,21.0,38.0,22.43377991,90.3396556,6.107054807999999,112.459697,pomegranate
91.0,35.0,38.0,24.8972823,80.52586088,6.13428721,183.6793207,rice
24.0,68.0,22.0,25.31157678909589,70.35337704528868,6.140522826341622,40.563358322039534,lentil
15.0,58.0,27.0,28.230728646761893,80.40645545957283,6.879573485727887,48.96310062987355,mungbean
62.0,39.0,27.0,27.53180071279002,69.4045916588966,6.222644657883108,68.85577591419977,maize
33.0,67.0,72.0,19.220808970588244,16.270316615634222,5.75311123236456,65.09537963465692,chickpea
108.0,23.0,51.0,26.84366082,83.85039964,6.106500787000001,40.228644,watermelon
105.0,93.0,46.0,25.01018457,78.76260938,5.760457558,108.3690513,banana
15.0,69.0,22.0,31.43209820765281,68.72759012997489,6.145416032715158,170.1369526939407,pigeonpeas
13.0,50.0,30.0,28.97022870028091,90.02637813662795,6.558589352712658,28.818012327,mungbean
30.0,41.0,28.0,29.58970381652748,87.80466636614571,5.578535327443419,40.4231948145022,mungbean
32.0,79.0,15.0,23.90910104,20.74619325,5.706198621,81.60211243,kidneybeans
56.0,57.0,24.0,18.601725709210196,69.06490541221478,5.818678802989735,85.1553371881932,maize
36.0,27.0,26.0,26.58413917,95.78923137,6.25449571,171.6262299,coconut
6.0,30.0,40.0,22.77035608,91.45498527,6.36137446,106.9659201,pomegranate
86.0,95.0,49.0,28.05484146,78.04602887,6.458714879,108.3957179,banana
25.0,35.0,20.0,28.90245417,43.35365671,8.923095695,71.90018566,mothbeans
83.0,25.0,53.0,26.49195283,80.04678201,6.057697106,57.72799157,watermelon
50.0,67.0,66.0,19.427582633750895,18.23228794696431,6.159422424167118,80.01107351088929,chickpea
4.0,18.0,37.0,22.91843172,85.40695044,7.13147457,106.2817706,pomegranate
36.0,69.0,70.0,18.197720922191344,17.63120036863652,5.982170818485903,60.24315846574997,chickpea
24.0,21.0,42.0,20.82210727,87.22815682,6.999014379,109.4429934,pomegranate
14.0,42.0,21.0,27.335817378906597,79.27905370600224,5.880456090515744,33.76940829202863,mungbean
32.0,53.0,28.0,27.98832304969981,85.7226321678298,6.080031554493148,49.48284748019335,mungbean
45.0,66.0,68.0,18.37771420098717,18.04920823430517,5.407255849512255,60.66528189184892,chickpea
86.0,31.0,35.0,27.01207284,60.76645256,6.485761419,191.4508931,coffee
29.0,63.0,23.0,33.35385115872392,62.903757181104055,6.075924804032577,60.35744534662094,blackgram
91.0,21.0,26.0,26.33377983,57.36469955,7.261313694,191.6549412,coffee
78.0,58.0,33.0,21.1504116153236,81.55093657140912,6.050388118944354,238.00687409066396,rice
42.0,54.0,39.0,19.635860181078307,83.43686386029263,5.922865207257876,215.1895893756828,rice
39.0,69.0,53.0,25.9300384,93.02357765,6.964955435,241.8202079,papaya
31.0,6.0,26.0,29.12859129,91.30924833,5.741367375,157.2388553,coconut
51.0,64.0,60.0,20.86024335248276,16.560322944749178,6.481219924758532,67.1808268873138,chickpea
47.0,79.0,78.0,17.48395377,14.76014523,6.609696734,65.11365631,chickpea
25.0,69.0,70.0,19.85062777621314,14.350497987258253,6.504828380522964,77.05576658574257,chickpea
34.0,66.0,17.0,18.81097271,21.27833035,5.889614577000001,125.084915,kidneybeans
60.0,54.0,40.0,26.40762995609249,82.72561221985846,6.8333828035234845,147.5836416969671,jute
36.0,19.0,32.0,27.10710832,50.70880979,4.94295037,92.37238878,mango
16.0,65.0,19.0,27.61204997,69.29786244,7.043160241,42.72374404,lentil
23.0,61.0,55.0,19.914699575607465,18.23678262720284,6.838159843329685,70.26464383909205,chickpea
32.0,68.0,52.0,32.68067385,92.61715632,6.800321319,248.8592986,papaya
45.0,57.0,47.0,23.16855863,90.78821158,6.656458831,161.68920930000004,papaya
65.0,53.0,25.0,19.717611932317755,65.16943986199703,6.870285727607411,49.73637040351717,maize
27.0,56.0,20.0,19.25975367,20.51346956,5.542690119,94.9533526,kidneybeans
115.0,17.0,55.0,27.57826922,94.11878202,6.776533055,28.08253201,muskmelon
9.0,76.0,25.0,28.88302142,50.12323801,5.70951224,179.2155874,pigeonpeas
14.0,54.0,22.0,31.47022447582621,37.83284949789597,5.359665047684839,144.00491001140853,pigeonpeas
33.0,62.0,28.0,35.64224838500638,36.337112438068736,6.169372886699575,123.88779145779104,pigeonpeas
63.0,44.0,41.0,24.17298839,83.7287574,5.583370042,257.0343554,rice
108.0,22.0,47.0,28.53545677,91.72742702,6.161123579,25.1290048,muskmelon
13.0,57.0,27.0,28.902641693071523,61.46168593107723,6.561322300050669,31.81808078465876,mothbeans
102.0,11.0,47.0,27.98780984,92.78226196,6.504906978999999,27.14509034,muskmelon
90.0,86.0,55.0,27.96236771,84.15403614,5.644486582000001,97.55986676,banana
19.0,47.0,22.0,29.560084363974227,84.60936185998973,5.398037095371199,37.54589707420129,mungbean
49.0,55.0,51.0,24.87212063,93.90560147,6.676578778,135.16945249999998,papaya
18.0,41.0,20.0,30.623276880872087,91.2619023979273,6.0382284430475615,28.836217508144543,mungbean
53.0,49.0,40.0,27.288918823104627,94.21698584733646,6.797983861099485,218.17533582393588,rice
21.0,29.0,12.0,22.30318989,92.15987039,6.438668989,117.3688104,orange
27.0,44.0,22.0,27.56705575735653,47.4558006129405,6.544412736735036,32.36850300662828,mothbeans
51.0,48.0,39.0,24.98859330665769,78.58300452205694,6.738530872511415,192.88491108892333,rice
48.0,51.0,32.0,25.18910670265096,85.84240675803487,6.672087247141588,162.3539443188208,jute
94.0,70.0,48.0,25.13686519,84.88394407,6.195152442,91.46442491,banana
23.0,60.0,23.0,19.440869708863087,48.51880378473506,5.884198156698605,192.0169307384884,pigeonpeas
15.0,63.0,21.0,18.298677568240336,17.861929440955407,6.5241087727319655,127.15920589099898,kidneybeans
50.0,55.0,38.0,26.02599132438515,82.43408668356633,6.53331560862286,205.60683043475456,rice
21.0,51.0,26.0,29.091432421171056,50.15752099224603,6.784850674467826,51.01001354801802,mothbeans
29.0,58.0,23.0,31.33810713086128,30.36181556224477,6.077050506069287,85.36675193761576,pigeonpeas
1.0,66.0,23.0,19.54317155,56.92831399,4.803564468,173.1686574,pigeonpeas
35.0,64.0,15.0,28.47442276,63.53604453,6.500144962,69.5274407,blackgram
34.0,56.0,22.0,23.43721887289504,21.23613587186541,6.618159889636169,79.79974094408252,kidneybeans
23.0,45.0,21.0,31.46511256,51.79939437,8.985348193,74.44330654,mothbeans
28.0,64.0,67.0,17.966807224685457,14.710762917184171,5.714822936576319,79.28065105623878,chickpea
23.0,55.0,23.0,23.324796429519772,63.00659196040786,6.147237146845188,50.03533731225099,lentil
49.0,71.0,69.0,17.289374348696793,14.429934025954744,6.271674271114443,75.8068285540313,chickpea
39.0,24.0,14.0,30.55472573,90.90343769,7.189259647,106.0711985,orange
57.0,38.0,26.0,25.820895404116172,62.90325223033238,6.49618825101455,97.8326882421517,maize
26.0,66.0,26.0,20.420265465219277,23.822966617768017,6.729632351662426,94.5336529314322,kidneybeans
56.0,49.0,20.0,24.52395880560278,76.77351450750328,6.198908706830867,54.07476518066398,maize
26.0,59.0,26.0,27.64962764509852,54.132880342882935,6.147190439389941,32.31847847664135,mothbeans
40.0,45.0,18.0,30.43683729,55.20522037,5.261285926,30.92014047,mothbeans
73.0,45.0,21.0,24.60532218,73.58868502,6.636803222999999,96.59195302,maize
62.0,39.0,36.0,24.899796657224694,80.17960519226293,5.545324599001726,169.05363325059534,rice
58.0,79.0,17.0,27.24766491,66.10123083,7.04174124,62.31842057,blackgram
77.0,49.0,26.0,24.74286197898873,56.00371824968703,5.9624507367037225,90.69151393990369,maize
112.0,17.0,28.0,27.62975458,61.26002598,6.777417989,196.6492664,coffee
14.0,38.0,22.0,25.642537941803507,82.99911567267885,6.642807493168044,38.68574417549009,mungbean
4.0,59.0,25.0,27.68515114,81.94268594,6.227134139,54.62243308,mungbean
27.0,49.0,20.0,31.49828493481305,51.21684985585777,6.195381784589841,38.94180859993567,mothbeans
45.0,54.0,22.0,27.37611943159408,66.89438120587948,5.467157204898166,61.41295343684224,blackgram
100.0,58.0,41.0,23.17403323,87.88255345,6.6587699910000016,160.6217342,jute
55.0,57.0,39.0,26.49253332119744,80.73921891571904,6.725063843268968,257.9396409532082,rice
86.0,40.0,39.0,25.72100868,88.16513579,6.207459637,175.60866969999995,jute
104.0,47.0,18.0,23.9656349,76.97696717,7.633437412,90.75616738,cotton
19.0,79.0,19.0,20.06003985,67.76252583,6.677262562,42.89509057,lentil
34.0,35.0,21.0,28.44524991,82.67639542,6.684381357,58.18713162,mungbean
34.0,61.0,49.0,28.12971499,93.3210737,6.502675132,117.8201907,papaya
73.0,42.0,40.0,21.82364880389389,84.0032274407403,6.030471246668685,254.0791941742822,rice
100.0,14.0,49.0,29.48882958,91.07574233,6.365956657999999,26.01909355,muskmelon
50.0,64.0,25.0,28.84079155,63.37230676,6.734447425,70.25496749,blackgram
15.0,50.0,25.0,29.942507536586223,45.648018775351176,6.180538888066137,46.30588009683017,mothbeans
33.0,69.0,21.0,26.68568536672515,52.16134309773425,5.508847182997832,95.55068481874734,pigeonpeas
92.0,20.0,55.0,25.10474753,87.52676159999999,6.5877912620000005,59.26519444,watermelon
30.0,55.0,25.0,25.789695802263104,46.44624897811239,6.6883548707044085,65.68047058878794,mothbeans
26.0,9.0,32.0,25.9490364,94.73860514,6.470465614,144.15711090000005,coconut
13.0,132.0,203.0,23.60115364,82.48336987,6.423216506,73.23901752,grapes
49.0,40.0,40.0,26.559000002374777,87.93133307636835,5.436394551964052,169.7692869832363,jute
47.0,40.0,39.0,21.479260235210784,76.48450241366636,6.388109488338666,247.58580362746795,rice
74.0,49.0,39.0,26.565084893598357,70.65867543702822,6.513442731151122,175.38784515490366,rice
33.0,72.0,22.0,23.586239672587443,64.54587097715479,6.43237428109584,47.58202760880399,lentil
117.0,86.0,48.0,28.6956201,82.54195839,6.225225238999999,116.1616839,banana
79.0,45.0,24.0,19.052857241732937,67.1193768397519,5.793439304248414,78.52469359749517,maize
6.0,18.0,37.0,19.65690085,89.93701023,5.937649577999999,108.0458926,pomegranate
64.0,50.0,36.0,21.28352699343669,76.8926621781725,6.323345559834217,164.51074254600792,jute
60.0,51.0,36.0,22.69657794,82.81088865,6.028321557999999,256.9964761,rice
126.0,46.0,25.0,24.43847399,81.69801729,6.757457943,60.79645852,cotton
31.0,11.0,45.0,24.83954414,86.88738076,6.034612928,107.6435771,pomegranate
31.0,55.0,25.0,28.13899559834764,47.20326653205588,6.448771495757754,39.840471525795735,mothbeans
106.0,46.0,20.0,23.43821725,78.63388824,6.2006719760000015,81.15072105,cotton
117.0,56.0,15.0,25.99237426,77.0543546,7.368258226,89.1188212,cotton
80.0,90.0,47.0,26.59743595,79.35898915,6.21084479,107.3944717,banana
46.0,57.0,22.0,29.44063291008345,65.04856289653296,6.54407124223787,61.75025965305648,blackgram
36.0,67.0,25.0,35.95176642,36.52780776,6.418062652000001,136.0456753,pigeonpeas
22.0,55.0,23.0,18.68942342094245,23.24319094722617,6.351906827390992,114.2761343202554,kidneybeans
77.0,51.0,40.0,26.284435646098373,75.84647057330365,5.884605955725359,133.2029871999781,jute
118.0,12.0,47.0,27.96872279,92.17444796,6.010739645,28.94766949,muskmelon
32.0,141.0,203.0,21.25941052,92.84416234,5.821347769,109.06584709999998,apple
26.0,50.0,19.0,27.3179125,51.66921088,6.005242945,32.55919573,mothbeans
18.0,66.0,27.0,22.273788122272983,22.26012760525115,6.164654290768836,135.55594760525625,kidneybeans
27.0,80.0,24.0,28.42062847,61.77336343,7.815210661,49.02366803,lentil
24.0,66.0,20.0,27.10335014814649,60.63019111104548,6.606521915013494,30.85293921681572,lentil
18.0,56.0,25.0,28.85546683201712,87.23420721796427,5.945914777445579,49.57732541885407,mungbean
32.0,20.0,35.0,26.52166434,98.38227669,5.588655387,144.6261698,coconut
18.0,44.0,22.0,30.15628668075824,52.424407620753904,5.119834576942783,29.15120258380904,mothbeans
107.0,21.0,26.0,26.45288458,55.32222678,7.235070264,144.68613359999995,coffee
17.0,57.0,21.0,19.88394011,20.31564139,5.789214288999999,60.91974792,kidneybeans
16.0,43.0,21.0,31.051254847624826,40.16248340167089,5.591119928283422,47.98375875104367,mothbeans
35.0,65.0,25.0,35.65110601712202,58.635268555395385,5.846965306186262,62.986749561154745,blackgram
49.0,62.0,67.0,20.66165097797469,20.42415946761684,6.12273112428062,80.45493636664078,chickpea
11.0,49.0,22.0,28.369090035749068,36.72131167295481,6.1385145218029855,164.65345776588978,pigeonpeas
24.0,73.0,20.0,19.63736208,32.31528909,4.608695247,176.4134092,pigeonpeas
27.0,73.0,79.0,19.16288268,15.83500655,7.354973451,82.69766829,chickpea
93.0,41.0,17.0,25.6217169,66.50415474,6.047906679,105.4654703,maize
17.0,11.0,32.0,28.74013335,93.39676499,5.620733794,156.76508230000005,coconut
11.0,14.0,5.0,11.50322938,94.8933184,6.946354724,115.56837759999998,orange
56.0,43.0,22.0,18.844264854269596,67.73271888304545,6.24913824313365,63.80536027784692,maize
12.0,63.0,24.0,19.769529248754463,57.19602299498309,6.275299389606762,125.01708043059958,pigeonpeas
29.0,80.0,24.0,28.368346696861405,58.41645003592101,6.351741728544724,101.91915554051212,pigeonpeas
14.0,59.0,28.0,19.776331855528976,21.73977852229049,6.182418459421637,111.58455928242114,kidneybeans
46.0,72.0,20.0,28.99563483675761,67.36067343949308,5.8687007205202,55.71858867038464,blackgram
45.0,73.0,19.0,31.876342706159708,59.29608739168016,6.579667458095856,69.78074436849076,blackgram
87.0,14.0,48.0,29.69238699,92.58862544,6.606033244,29.1102594,muskmelon
64.0,41.0,35.0,25.4554708261226,84.69311925300636,6.208803499165965,171.27599345293137,rice
20.0,59.0,21.0,17.965072525130207,33.01975013318966,6.164256091225386,147.46268597396158,pigeonpeas
23.0,77.0,66.0,19.425204589844466,15.688582652698283,5.911215719432615,66.41610686705228,chickpea
30.0,59.0,66.0,20.28586784741449,13.967177643649215,6.131284517972637,64.93022206171638,chickpea
30.0,30.0,35.0,25.00872392,95.59224018,6.001936419,165.8092179,coconut
61.0,38.0,20.0,18.47891261,62.69503871,5.970458434,65.43835393,maize
59.0,70.0,84.0,17.3348681,18.74926979,7.550808267000001,82.61734721,chickpea
75.0,39.0,24.0,21.44372683185829,66.42908252176545,5.467583991171431,79.9129656042,maize
64.0,53.0,41.0,24.13727592890953,89.94078168810208,6.281749380309316,149.3485616475239,jute
27.0,61.0,18.0,33.30711818,67.07780816,5.266227032,108.5090168,pigeonpeas
102.0,37.0,25.0,25.31468463,77.91757121,5.907930899,72.82902109,cotton
4.0,40.0,26.0,27.58258929,48.56916221,6.720041791,95.8445641,mango
102.0,14.0,52.0,26.79489868,89.64815231,6.51075991,57.74091817,watermelon
109.0,12.0,48.0,29.45771748,92.12534736,6.708743843,20.76212031,muskmelon
14.0,22.0,9.0,17.24944623,91.13772765,6.543191814,112.50905159999998,orange
27.0,56.0,20.0,29.2114218,87.11497805,6.41874299,51.53848218,mungbean
64.0,57.0,38.0,26.43714228386519,83.8890280268278,6.693524994540701,168.64148199381208,jute
48.0,57.0,24.0,31.44664515151364,66.18346212443836,6.500112475308871,67.4809329811713,blackgram
31.0,62.0,52.0,33.7960155,93.00754254,6.99104104,182.026807,papaya
17.0,75.0,29.0,21.30921695247165,61.52164540365754,6.1771724108819495,31.13611006804085,lentil
21.0,57.0,23.0,19.86775523143471,21.9301115107384,5.404021460265596,91.16756114413369,kidneybeans
30.0,61.0,18.0,27.14911056,67.02664337,6.157782589,52.50812701,lentil
39.0,65.0,23.0,25.43459777,69.12613376,7.685959305,41.02682925,lentil
18.0,59.0,24.0,19.466067809572017,25.541399914831096,5.33148668594757,105.14486509693016,kidneybeans
37.0,65.0,29.0,25.56051126643968,71.47419015020826,5.740472043169846,34.66172864882661,lentil
30.0,65.0,25.0,32.88733849,64.59457409,7.70650895,71.50569456,blackgram
31.0,66.0,19.0,22.219386564032263,63.359037174101296,5.265120183061482,38.87652913971161,lentil
42.0,79.0,23.0,27.71678273,63.29103387,6.781841984,68.56507978,blackgram
71.0,49.0,37.0,24.52888896810171,73.62624864388799,5.464000989473475,181.14806751405428,jute
16.0,61.0,24.0,20.50665096314749,23.54813510954516,6.60596331544809,119.8861755727862,kidneybeans
15.0,6.0,41.0,19.0087067,88.83768149,6.8973684770000006,108.6793978,pomegranate
28.0,145.0,202.0,19.2077707,82.90428409999998,6.484323189,66.83113717,grapes
30.0,137.0,200.0,22.91430043,90.70475565,5.603413172000001,118.6044645,apple
13.0,56.0,18.0,28.311120740309025,78.64294926954011,6.49861018852216,49.32716180682287,mungbean
20.0,45.0,22.0,29.5888162,89.9939693,6.904587016,54.96121262,mungbean
117.0,51.0,15.0,22.9535715,78.71555832,6.044556594,99.75336197,cotton
36.0,125.0,196.0,37.46566825,80.65968681,6.15526103,66.83872293,grapes
33.0,49.0,25.0,26.390239261399977,82.1175808459988,6.822329947242836,48.27942225553914,mungbean
25.0,143.0,200.0,23.80436344,92.80441624,6.024248787,100.6192543,apple
19.0,62.0,21.0,23.10639017838001,18.68807945154386,6.82584125519465,56.378478503357975,kidneybeans
32.0,48.0,18.0,26.45707778,56.40226277,5.993513566,64.16167699,mothbeans
1.0,76.0,17.0,28.43430726,52.10010827,6.012719118,147.0414824,pigeonpeas
18.0,70.0,23.0,24.73484136216288,67.17807503689218,6.726812552538627,44.45715112640395,lentil
59.0,37.0,40.0,22.708211084594804,81.28236854368787,5.310833982233674,169.96015108865558,jute
47.0,44.0,39.0,27.286990476470205,79.03878423857496,5.862846513799012,152.69058651600002,jute
20.0,68.0,25.0,24.922033848013776,58.8364170717724,5.908975505937395,40.76445343892908,lentil
10.0,67.0,26.0,22.83861533402746,71.76838647075539,5.409391018550389,39.76105377606276,lentil
53.0,50.0,38.0,26.45313777114572,74.51398470589679,6.599939296064044,146.17350891084027,jute
99.0,73.0,53.0,26.29039046,81.06003778,5.8717022110000014,118.6730366,banana
23.0,63.0,26.0,35.95994380658217,40.66592314563184,6.0665304955929225,143.9826690902845,pigeonpeas
42.0,58.0,25.0,27.45853567,62.90020977,6.513620917999999,69.46020927,blackgram
27.0,59.0,20.0,28.00937423,52.60950014,4.397698806,36.01203025,mothbeans
3.0,63.0,16.0,24.38041875,61.18458224,6.868881707999999,53.13946695,lentil
2.0,47.0,15.0,29.86860065,85.99127934,6.401455706,58.41394143,mungbean
0.0,55.0,25.0,28.17489437,43.6672299,4.524171562,45.78172762,mothbeans
76.0,44.0,45.0,25.4879684,84.48235878,6.740947635,168.7848886,jute
35.0,51.0,24.0,28.98435849172138,84.8604794069747,6.075061337353555,50.66456231662748,mungbean
30.0,143.0,199.0,23.76881552,90.59810302,5.7983508000000015,102.2648546,apple
111.0,53.0,19.0,23.96436009,78.02763149,6.419536555,84.63148859,cotton
72.0,58.0,37.0,18.088951539765063,82.05467571330858,6.427584528175301,237.1100145139229,rice
33.0,23.0,45.0,20.00218987,85.83618191,7.116538883,112.337046,pomegranate
47.0,57.0,39.0,23.798233102435898,91.82817065033824,6.537657128778438,205.89211312800003,rice
21.0,48.0,29.0,28.114054106897868,91.45933548786424,6.624712963283366,53.74475786645718,mungbean
27.0,30.0,31.0,28.98545306,90.73966792,5.718120393,148.8398374,coconut
52.0,65.0,20.0,32.81705216,66.15665137,6.814301033,68.83924882,blackgram
21.0,62.0,22.0,21.599226941335445,20.114829698731704,6.392826710899856,114.32519754184932,kidneybeans
50.0,52.0,31.0,20.944827454040468,82.7146884378922,6.115785008533036,232.10585542738824,rice
13.0,72.0,21.0,24.32116642,21.0278674,5.821194486,60.27552528,kidneybeans
77.0,45.0,25.0,18.90643171531925,67.91865306264158,6.756475640174262,78.20162318449752,maize
34.0,15.0,34.0,27.05826457,91.10510371,5.677282677999999,224.70069530000004,coconut
36.0,57.0,16.0,28.61409059,57.14218792,8.292875733999999,57.02891698,mothbeans
50.0,46.0,28.0,22.763405971207646,62.05122386431375,6.423625542483656,72.07580510235157,maize
33.0,59.0,21.0,26.654323505336272,65.14050865511493,6.081649637880879,54.91875726805382,blackgram
113.0,37.0,20.0,25.03300222,79.04368718,7.393441155,97.10087029,cotton
35.0,68.0,45.0,42.93605359,90.09448142,6.612429546,234.8466111,papaya
53.0,38.0,48.0,22.666474462121503,68.96126078294444,6.597511848406796,156.84019961399122,jute
31.0,69.0,22.0,29.019252276040312,69.13435879626253,6.963402237144103,67.47586220806878,blackgram
29.0,52.0,23.0,28.344753859478423,86.99952670031784,6.78951544754082,49.014582435197006,mungbean
9.0,16.0,36.0,23.77989026,92.93386903,5.893332377999999,106.977723,pomegranate
53.0,68.0,69.0,16.190400045663264,19.262176975640447,6.53179574025216,78.2197716579771,chickpea
25.0,57.0,24.0,27.65472156,58.59986279,6.974978386,36.94255012,mothbeans
98.0,47.0,37.0,23.48381344,81.33265073,7.375482851,224.0581164,rice
22.0,38.0,31.0,31.53356352,53.06009323,5.8211060360000015,98.57025046,mango
100.0,80.0,52.0,27.53911354,77.25629897,6.049801781,110.3262123,banana
85.0,38.0,41.0,21.58711777,82.7883708,6.2490506560000005,276.65524589999995,rice
83.0,41.0,43.0,21.0525355,82.67839517,6.254028451,233.1075816,rice
127.0,37.0,18.0,24.87663664,76.30050373,7.041065585,91.9223468,cotton
50.0,48.0,33.0,24.636988399574783,85.82058048097028,6.395078416884854,161.1379024063583,jute
75.0,45.0,36.0,25.030137850254253,71.30657924311048,6.090417842716602,128.7782470761004,jute
44.0,64.0,21.0,29.81772255128062,68.20866981973136,6.663498895572176,61.29017042041412,blackgram
3.0,72.0,24.0,36.51268371,57.92887167,6.03160778,122.6539694,pigeonpeas
14.0,74.0,15.0,27.99990346,65.57653373,6.493036868,49.94043064,lentil
53.0,74.0,15.0,29.43463808,64.94329356,7.517097,72.17818157,blackgram
4.0,46.0,15.0,31.01274943,62.40392519,3.504752314,63.77192383,mothbeans
22.0,144.0,196.0,21.91191314,91.68748063,6.4992268210000015,117.0761277,apple
24.0,46.0,27.0,27.730301802037197,89.2838996340537,6.167738614663026,49.84306662203704,mungbean
48.0,75.0,64.0,20.10275485103597,18.007606083715427,6.693225160844336,64.88491425852706,chickpea
14.0,75.0,24.0,24.54757829,57.3414485,6.436160044,118.3606557,pigeonpeas
67.0,35.0,22.0,23.30546753,63.24648023,6.385684213999999,108.7603001,maize
37.0,58.0,24.0,21.147299231869177,21.895278236944534,5.468931056630503,73.95532972807575,kidneybeans
9.0,60.0,17.0,36.84748091645777,42.93902439937333,5.877289526809068,104.28251738470716,pigeonpeas
18.0,9.0,40.0,19.44623085,89.02127045,5.627186257000001,106.1606833,pomegranate
54.0,42.0,41.0,24.65333836141633,85.85082767847958,6.31399426202753,186.3263691867931,rice
13.0,17.0,45.0,21.25433607,92.65058936,7.159520979,106.2784673,pomegranate
23.0,21.0,26.0,26.45488737,93.45042636,5.901495543999999,149.2220255,coconut
78.0,58.0,44.0,26.80079604,80.88684822,5.108681786,284.4364567,rice
120.0,60.0,15.0,22.31871914,83.86129998,7.288377241,65.35747011,cotton
31.0,47.0,20.0,29.437633462088986,85.89431258268465,6.883041387250121,41.05306809763896,mungbean
9.0,58.0,27.0,26.14539179490729,58.5628601577361,5.921148456109076,30.39678445758223,mothbeans
74.0,46.0,45.0,25.75734909,88.36668522,6.025028997000001,189.4263485,jute
31.0,48.0,45.0,40.78881819,92.90951393,6.563134737,132.7923586,papaya
69.0,47.0,40.0,25.37122686,76.2403666,6.130136384,183.8270791,jute
59.0,62.0,83.0,18.57665902,19.22008229,8.104396057999999,72.94940441,chickpea
34.0,43.0,20.0,29.421744591672432,83.63984791257711,5.851142514327139,54.20311547769969,mungbean
99.0,29.0,55.0,29.19378695,91.46241065,6.660954816,26.48240255,muskmelon
61.0,51.0,42.0,25.542692715694614,70.56897809092803,5.238226729183747,149.43531680626995,jute
83.0,95.0,50.0,26.51682337,77.79913575,5.50947065,108.8547508,banana
21.0,63.0,17.0,25.08966129,68.17543102,6.559681838,41.45486619,lentil
118.0,40.0,35.0,26.35034208,58.50650238,7.460174812000001,121.5586297,coffee
28.0,62.0,63.0,22.557715083635387,17.783843108317917,6.447803331761789,73.35304269439972,chickpea
53.0,73.0,77.0,19.71359733,18.09665739,7.325451279,73.64476535,chickpea
29.0,139.0,205.0,23.64142354,93.74461474,6.155939452999999,116.6912176,apple
27.0,60.0,23.0,20.563480627046246,20.330539223858917,6.315711540462852,77.35815065494135,kidneybeans
68.0,58.0,23.0,23.31763047009824,56.53760421954627,5.097518276670398,90.37371491123112,maize
66.0,44.0,44.0,25.607570010029495,83.35637834339478,5.906506509507913,156.15678144243486,jute
9.0,25.0,41.0,24.81530144,91.90842992,5.972714857000001,109.2853418,pomegranate
9.0,61.0,22.0,37.25351582272994,56.41194162291805,6.622486507844207,98.91254313118986,pigeonpeas
18.0,74.0,15.0,24.9035819,22.27512704,5.70836603,146.4727237,kidneybeans
18.0,37.0,23.0,30.224780584369864,87.01769240445647,5.357831607839342,39.60845485699208,mungbean
54.0,61.0,77.0,18.81198127,15.21618225,6.206582192999999,77.54294240000002,chickpea
60.0,68.0,83.0,19.12065218,18.43475844,6.620900869,85.52950164,chickpea
64.0,42.0,35.0,22.676882000416636,80.41088427576899,6.011476675126508,172.93638023028254,rice
28.0,59.0,29.0,28.61790532331664,63.79967866562246,6.310169381091775,33.29255505344543,mothbeans
23.0,142.0,197.0,39.06555518,82.03812973,6.000573725,69.30772897,grapes
31.0,26.0,9.0,11.69894639,93.25638873,7.566165721,103.2005992,orange
29.0,43.0,23.0,33.288021238126774,58.38176722444462,6.812911248635063,50.30342191860803,mothbeans
39.0,37.0,15.0,28.9973145,83.78911515,6.821747052,59.84499208,mungbean
10.0,75.0,17.0,18.43966037,68.05394959,7.732194787999999,39.00992137,lentil
20.0,29.0,27.0,25.09897688,92.36099489,6.047044342,157.7592626,coconut
58.0,71.0,15.0,27.82592799,67.58618829999999,6.919243702,74.01229707,blackgram
25.0,22.0,25.0,33.56150184,45.53556603,5.977413802999999,95.70525913,mango
92.0,81.0,52.0,28.0106804,76.52808057,5.891413895,103.7040783,banana
40.0,120.0,197.0,23.80593812,92.48879468,5.889480679,119.6335548,apple
25.0,51.0,23.0,33.24744626511212,52.82743189988882,6.245425664498788,70.42643157302643,mothbeans
39.0,21.0,9.0,13.20844373,94.02769434,6.354022554,106.2696156,orange
9.0,75.0,20.0,31.07623968665473,67.68695126099897,6.176792061174298,40.23348178101053,lentil
22.0,62.0,26.0,24.04435195494353,65.81694701028029,6.891685716778969,39.94020993820235,lentil
35.0,68.0,29.0,33.58052236044967,65.34789006007041,5.675088237549481,65.04191898438052,blackgram
65.0,38.0,28.0,25.157740950504657,54.76426594733011,6.388548444834495,73.3659062710768,maize
30.0,42.0,22.0,25.80950022424413,53.38401001950804,5.458225503058414,37.79640475717434,mothbeans
99.0,15.0,27.0,27.41711238,56.63636248,6.086922359,127.92461000000002,coffee
38.0,49.0,22.0,34.4300431561683,92.8643834991963,5.354959316881762,42.46019581157269,mungbean
73.0,52.0,39.0,26.69170000589213,84.58605644472136,5.623197327168052,174.0136378610816,rice
70.0,61.0,28.0,23.30320834218581,80.62980719097393,6.209454084171491,245.72361141329984,rice
66.0,46.0,22.0,21.860994669866983,70.189471758917,6.695214917851948,60.362605329546966,maize
11.0,34.0,32.0,29.14305008,49.40983294,6.831706773,97.55155537,mango
30.0,46.0,67.0,19.841619239897074,17.073677303321315,5.309373669669958,68.12595630869039,chickpea
29.0,59.0,27.0,19.772438813864174,62.26415360809517,5.944963234347234,39.1061939712593,lentil
54.0,55.0,33.0,26.792731380474585,85.82720682380405,5.845362001418443,226.5803049725729,rice
23.0,24.0,32.0,28.1218093,46.16888595,5.630619901,93.30247448,mango
28.0,27.0,32.0,28.94099669,93.00109012,5.764615485,191.7723087,coconut
98.0,25.0,52.0,25.2801372,83.15393658,6.224066378,49.29456609,watermelon
9.0,69.0,20.0,19.30607278,23.96362799,5.591560999,129.3449326,kidneybeans
14.0,66.0,22.0,22.75748929166692,18.29495379194902,6.083450100810511,114.82377943163176,kidneybeans
57.0,58.0,77.0,18.72649425,17.58406365,7.978996755,81.20176515,chickpea
31.0,54.0,25.0,28.007453629617235,81.77938053391019,7.0077624930041775,50.77289385481838,mungbean
26.0,52.0,23.0,29.98835437,49.60384796,4.931890506,52.92929636,mothbeans
39.0,63.0,22.0,24.73293220322127,57.89256604996081,5.448469833044093,72.3056295114,blackgram
70.0,52.0,23.0,23.261811185187245,71.08497986884588,5.672926557972206,95.02468659342908,maize
25.0,76.0,23.0,20.608998446324915,68.07752854672445,6.716482267358683,40.09854728736455,lentil
14.0,57.0,15.0,29.8757015,83.14796296,6.623438282,40.12044158,mungbean
19.0,64.0,22.0,19.498214707945237,22.662580587012396,6.71723896421044,113.2993907288928,kidneybeans
59.0,69.0,80.0,19.07937684,17.86754927,8.165359297,69.40619137,chickpea
26.0,62.0,21.0,28.45689193912848,64.83515602173443,6.074838826286971,69.77137530292103,blackgram
16.0,55.0,19.0,19.54314136,47.19188279,6.413543781,192.4372194,pigeonpeas
13.0,58.0,22.0,30.13297913302973,34.91625072382177,6.829846671238283,165.9565693262839,pigeonpeas
35.0,48.0,15.0,27.10818093,87.45126690000002,6.981758362000001,55.03723979,mungbean
73.0,58.0,21.0,19.97215954,57.68272924,6.596060648,60.65171481,maize
63.0,49.0,41.0,24.883588374066417,83.99176856908777,6.728535001557324,189.2280281654817,rice
24.0,53.0,17.0,28.95451232,89.07866095,6.421271178,57.65901369,mungbean
120.0,23.0,28.0,25.67324193,51.29043632,6.877799264,196.2736367,coffee
71.0,56.0,21.0,26.40638105788651,61.02363123840136,5.999870014152084,100.06308287406644,maize
93.0,94.0,53.0,25.86632408,84.42379269,6.079178787999999,114.5357503,banana
10.0,54.0,22.0,29.855503543748025,88.61909290445747,6.135034122838843,36.87448151281827,mungbean
28.0,69.0,16.0,29.77013109,66.29327012,6.547361617999999,35.69674138,lentil
46.0,77.0,19.0,28.45650260574215,64.69125707846493,5.770129971660885,56.86933733489875,blackgram
25.0,41.0,23.0,26.025737743402868,82.85674027153338,5.227190138882292,43.741663289737,mungbean
51.0,45.0,39.0,25.495887070607623,80.98582643002412,6.074438625237391,148.79986159760983,jute
70.0,41.0,40.0,24.874799154090933,85.30371691511162,5.740409844386958,152.4928725503398,jute
16.0,54.0,24.0,26.49455229962747,86.38970312900972,6.224844887011628,36.71539560857364,mungbean
22.0,78.0,76.0,17.84851658,19.09172907,8.621662982,76.32470713,chickpea
39.0,9.0,15.0,25.35467646,91.81183218,7.992041984,116.7555937,orange
5.0,65.0,19.0,18.28072173,68.10365387,6.978361689,48.80253285,lentil
32.0,56.0,25.0,25.645697044006223,88.29104639571247,6.263649633657683,49.26852483029329,mungbean
104.0,18.0,30.0,23.60301571,60.39647474,6.779832611000002,140.9370415,coffee
32.0,137.0,204.0,22.86006627,93.12859895,5.824151692999999,117.7296726,apple
14.0,128.0,205.0,22.60800988,94.58900601,6.226289556,116.0396587,apple
32.0,63.0,27.0,21.78974274768168,22.59222345022649,5.6240602942997855,104.1501885793365,kidneybeans
61.0,53.0,43.0,26.40323239,81.05635517,6.349606327,223.3671883,rice
68.0,44.0,29.0,22.501127467389928,84.25658752436921,6.820710550126655,186.212864538,rice
25.0,129.0,195.0,17.98667801,81.17712085,5.777271492000001,72.37127689,grapes
38.0,54.0,25.0,29.99503897724772,57.83728110883426,6.876366716331644,52.74939606898938,mothbeans
