N,P,K,temperature,humidity,ph,rainfall,label
42.0,67.0,77.0,18.99424448,15.9362937,7.114405288,78.69707199,chickpea
20.0,68.0,17.0,30.11873003,60.11680815,6.578714842999999,71.72980375,blackgram
88.0,52.0,39.0,23.92887902,88.07112278,6.880204617,154.6608736,jute
27.0,61.0,18.0,33.30711818,67.07780816,5.266227032,108.5090168,pigeonpeas
13.0,67.0,18.0,30.5753044,34.75591197,5.384762927000001,177.5764304,pigeonpeas
23.0,7.0,34.0,26.1055118,91.52421214,5.852038202,134.1279669,coconut
22.0,59.0,23.0,27.32220619,51.27868781,4.371745575,36.5037914,mothbeans
117.0,26.0,30.0,27.92374437,67.96910852,7.079850922,115.2325531,coffee
25.0,78.0,23.0,33.137300406565195,48.36712906324292,4.623047437569328,190.21615710000003,pigeonpeas
32.0,54.0,24.0,29.224525576777758,39.950649846128265,5.388947998393312,81.79616948500002,mothbeans
32.0,141.0,203.0,21.25941052,92.84416234,5.821347769,109.06584709999998,apple
22.0,42.0,22.0,25.54249137,56.96640758,7.887658711,48.46797044,mothbeans
33.0,12.0,8.0,25.26052689,90.31153735,6.822282114,117.36952959999998,orange
110.0,22.0,47.0,29.03157242,91.82172592,6.243673725,24.93861254,muskmelon
28.0,58.0,25.0,27.4818649,62.04814951,6.861640036,37.81123974,lentil
9.0,25.0,41.0,24.81530144,91.90842992,5.972714857000001,109.2853418,pomegranate
1.0,30.0,29.0,28.33333307,51.39586505,6.4341977560000005,91.67241761,mango
74.0,54.0,15.0,24.230867833685963,67.67219120252966,5.175386255009901,47.8058983431298,maize
37.0,18.0,30.0,27.63551259,99.34854917,6.38488418,157.91715369999997,coconut
99.0,39.0,18.0,19.20129357,68.30578978,6.11275104,87.85092352,maize
6.0,65.0,16.0,33.83417330296171,33.98137097572961,4.640359837680075,133.60743261560845,pigeonpeas
43.0,68.0,81.0,17.47809436,17.93253975,6.761599706,78.92060234,chickpea
44.0,47.0,45.0,38.73218907,94.73613484,6.579441304,218.142147,papaya
44.0,77.0,21.0,32.63918668,61.3009051,7.326980454,61.83876146,blackgram
41.0,55.0,13.0,26.558242365894014,80.64909911875583,4.534377588205263,41.29628596794987,mungbean
28.0,54.0,26.0,25.427292155420105,60.907812834548004,6.236058367329279,31.94351926712731,lentil
40.0,58.0,75.0,18.59190771,14.77959596,7.168096055,89.60982451,chickpea
39.0,64.0,52.0,28.91842453,94.63676767,6.678695788,63.68794608,papaya
69.0,51.0,23.0,22.21738222,72.85462807,6.80163854,106.6213157,maize
6.0,9.0,12.0,31.08368929,90.14362642,7.028746406000002,109.6894658,orange
85.0,37.0,39.0,24.52783742,82.73685569,6.364134967999999,224.67572310000003,rice
82.0,36.0,36.0,23.595326082850512,80.57464603301231,5.22985940315387,169.25386099298004,rice
31.0,62.0,16.0,31.962734273645218,64.34035253548757,5.373136027846295,60.1563104998363,blackgram
76.0,60.0,39.0,20.0454142,80.3477562,6.766240045,208.5810155,rice
107.0,34.0,32.0,26.77463708,66.4132686,6.78006386,177.7745075,coffee
20.0,42.0,15.0,27.53554492881599,83.87576513102859,5.187454830775471,36.261995682287804,mungbean
59.0,62.0,52.0,43.67549305,93.10887229,6.6086676839999985,103.8235658,papaya
39.0,25.0,36.0,18.90223032,94.99897537,5.567805185,107.6103211,pomegranate
123.0,50.0,16.0,23.04920461,75.53835214,6.498052108,70.65644296,cotton
24.0,67.0,20.0,22.15031256128286,21.798950648313266,4.853934255691334,92.32684359640677,kidneybeans
14.0,67.0,15.0,19.56376468,24.67385131,5.690065688,139.2921004,kidneybeans
71.0,52.0,18.0,25.10787449,55.97732754,5.790770202999999,78.16077693,maize
10.0,79.0,16.0,21.37954194036262,69.4583048648715,6.456495452147312,32.567903068266396,lentil
35.0,71.0,19.0,27.71131917849909,69.37212956202767,5.7828026326565105,42.41122927421576,lentil
28.0,27.0,32.0,28.94099669,93.00109012,5.764615485,191.7723087,coconut
1.0,67.0,21.0,27.52135365,60.53657684,6.551577598,48.06491307,lentil
61.0,52.0,41.0,24.97669518,83.891805,6.880431223,204.8001847,rice
49.0,71.0,76.0,19.71098332,17.63879418,6.613072145,85.57925437,chickpea
54.0,61.0,77.0,18.81198127,15.21618225,6.206582192999999,77.54294240000002,chickpea
5.0,19.0,25.0,27.351105600000004,54.43945147,6.441328044,96.27792547,mango
0.0,68.0,22.0,36.12042525505389,57.730879178363026,5.787304689817742,100.72257840108705,pigeonpeas
80.0,45.0,42.0,23.1426498,74.99739774,7.380396262,151.9035477,jute
0.0,21.0,32.0,35.89855625,54.25964196,6.430139436,92.19721736,mango
25.0,34.0,19.0,27.017980326528704,45.81585327800995,6.151673548295056,20.0,mothbeans
55.0,60.0,15.0,32.79766751,68.77994074,7.163043872,64.11411069,blackgram
23.0,71.0,78.0,16.805360933827785,15.686653091637222,5.745837961485667,46.1041267241587,chickpea
6.0,77.0,20.0,25.78746268,60.2816298,6.058306161,49.14337177,lentil
112.0,87.0,48.0,27.19711623,77.39706290000002,6.200111067999999,99.46950465,banana
28.0,35.0,22.0,29.53037621,86.73346018,7.156563094,59.87232071,mungbean
70.0,54.0,31.0,22.952117617685797,68.14647848106837,5.295873822587657,98.66060012203384,jute
38.0,36.0,21.0,28.02952623,84.8845732,6.5563729660000005,36.12042927,mungbean
49.0,69.0,82.0,18.31561493,15.36143547,7.26311855,81.78710463,chickpea
36.0,55.0,20.0,27.01470397,84.34262707,6.635968697999999,55.296354,mungbean
39.0,21.0,9.0,13.20844373,94.02769434,6.354022554,106.2696156,orange
12.0,31.0,26.0,35.7877738,51.94190321,5.395275719,100.2160615,mango
90.0,92.0,55.0,27.00932084,80.18546798,6.13465588,97.32531705,banana
52.0,63.0,19.0,29.58949031,68.32176769,6.928898659,67.53021213,blackgram
61.0,59.0,17.0,23.33844615,59.24580604,6.47444292,105.0083144,maize
32.0,129.0,201.0,16.36251869,83.00471609,6.48754639,71.55665483,grapes
93.0,56.0,42.0,23.85724032,82.22572988,7.382762603,195.0948311,rice
0.0,68.0,21.0,29.90630159400476,67.21831219215763,5.729904726503358,42.565763901096226,lentil
13.0,79.0,26.0,27.29547307047196,58.36416947102896,5.9785201732901365,66.82540742739258,pigeonpeas
133.0,57.0,19.0,23.54234715,75.98203329,7.947011366,84.12536744,cotton
115.0,9.0,52.0,29.06785065,90.97685539,6.019372459,29.1194739,muskmelon
117.0,51.0,15.0,22.9535715,78.71555832,6.044556594,99.75336197,cotton
24.0,18.0,6.0,26.56608303,94.45239715,6.285312759,116.3796525,orange
102.0,46.0,19.0,22.77076388,82.5993307,6.631005298,81.49543437,cotton
57.0,56.0,78.0,17.34150229,18.75626255,8.861479668,67.9545435,chickpea
97.0,22.0,50.0,26.26028739,86.14585891,6.769893799999998,58.97878791,watermelon
27.0,60.0,17.0,26.41768321,63.64698302,7.0267953589999985,64.42177127,blackgram
5.0,75.0,17.0,20.49973727797284,17.43897771302423,5.190979065794292,99.91365490796443,kidneybeans
87.0,60.0,23.0,19.107376760572592,58.23420744531001,4.925725122288451,50.04699943616105,maize
40.0,65.0,21.0,21.100365900898492,21.114681493661994,5.7433013498582435,101.53312856639135,kidneybeans
91.0,35.0,39.0,23.79391957,80.41817957,6.970859754,206.2611855,rice
105.0,88.0,54.0,25.78749808,84.51194224,6.020445317,114.2005455,banana
40.0,5.0,32.0,26.07010807,96.7036223,5.981169595,143.533473,coconut
9.0,143.0,197.0,23.75033085,92.88160462,5.570020684,117.6602827,apple
6.0,77.0,25.0,20.61162204,24.36314135,5.792744849,69.63833855,kidneybeans
66.0,58.0,35.0,23.5643831,79.46283115,7.321619041,185.25947,jute
100.0,32.0,26.0,25.234661,57.53161469,6.043485685,124.2261737,coffee
26.0,37.0,30.0,35.39986338,49.45962621,6.1661738339999985,97.41054011,mango
15.0,45.0,23.0,24.20422636,61.43378674,7.224193642,46.0203959,mothbeans
100.0,36.0,22.0,22.697040230967517,73.21724919802277,4.5,61.86861823584501,maize
41.0,52.0,21.0,37.49557377712782,64.5037689428411,5.524222909974104,131.9906911299603,pigeonpeas
21.0,82.0,76.0,16.713643506032273,15.79390012039356,4.5,68.88699293001186,chickpea
29.0,70.0,15.0,30.33499674,63.54718862,6.872594461,74.16699119,blackgram
100.0,48.0,34.0,20.604170131955204,75.57678520897743,5.204054815916216,245.1027690954121,rice
15.0,75.0,21.0,23.92746897249731,25.700627891993403,5.024299509128154,81.81130926921982,kidneybeans
22.0,67.0,22.0,29.03017561,64.49166566,7.475926645,54.93937710000001,lentil
12.0,47.0,19.0,27.277161055044083,92.87298314870492,5.25847516310388,33.23207921675501,mungbean
97.0,59.0,43.0,26.35927159,84.04403589,6.2865001760000006,271.35861370000003,rice
68.0,69.0,52.0,25.65492304,92.74501561,6.813383387000001,52.95477913,papaya
117.0,24.0,53.0,29.17220859,92.21405224,6.293486295,21.30290472,muskmelon
46.0,76.0,77.0,18.2356751,19.68538502,6.967843048,83.74879344,chickpea
19.0,65.0,25.0,18.09551014,18.29318436,5.6250964460000015,144.7902323,kidneybeans
27.0,72.0,17.0,28.98039357,57.23265151,6.347929353,120.7435664,pigeonpeas
14.0,22.0,9.0,17.24944623,91.13772765,6.543191814,112.50905159999998,orange
6.0,58.0,22.0,28.03962776829658,66.9023068752113,5.198737550124069,35.609762318389656,lentil
39.0,77.0,21.0,22.99774444,60.24218572,4.603563116,159.689339,pigeonpeas
39.0,52.0,17.0,30.65705894517215,44.88833021734801,5.523140988887432,32.86638012579322,mothbeans
22.0,70.0,19.0,18.23775702,21.07643273,5.515615023,69.44951585,kidneybeans
8.0,76.0,25.0,27.917839849550163,51.506526341915524,5.395446063838728,198.81214298523773,pigeonpeas
62.0,39.0,45.0,22.1067762835246,73.69640763588255,6.416295341297283,151.90951827063506,jute
73.0,57.0,41.0,21.44653958,84.94375962,5.824709117,272.2017204,rice
100.0,55.0,43.0,22.98449582249289,84.55481620953395,5.928039030156881,145.53249276810553,jute
70.0,68.0,55.0,42.84609252,94.63548176,6.691202286,78.80996390000001,papaya
22.0,72.0,85.0,18.86805647,15.65809214,6.391173589,88.51048983,chickpea
3.0,69.0,26.0,17.28420418801673,21.016437067820853,5.281615548883115,98.74313982010091,kidneybeans
18.0,73.0,20.0,29.85675920357657,36.634823308179314,4.5,60.238570018127646,pigeonpeas
76.0,57.0,18.0,18.9802729,74.52600826,6.092725883,94.26249353,maize
60.0,46.0,22.0,24.89364635,65.61418761,6.625404347999999,87.9298085,maize
2.0,36.0,31.0,30.90225239,49.95955487,5.73171945,91.77522598,mango
28.0,61.0,21.0,19.04064564537126,20.85247467443336,5.223702791914349,74.77302006654367,kidneybeans
23.0,138.0,200.0,9.851242629,80.22631717,5.96537863,68.42802444,grapes
30.0,65.0,25.0,32.88733849,64.59457409,7.70650895,71.50569456,blackgram
22.0,62.0,23.0,25.106641082853226,72.16604215573709,5.44007753080567,40.043439753425695,blackgram
111.0,29.0,31.0,26.05968403,52.31098539,6.136286518,161.3432535,coffee
21.0,26.0,27.0,27.00315545,47.67525434,5.6995869720000005,95.85118326,mango
100.0,6.0,53.0,29.05248036,93.92217834,6.105909623,23.66620626,muskmelon
22.0,17.0,26.0,28.69818144,47.71875722,4.754435025,99.642454,mango
62.0,48.0,17.0,23.26294044275659,57.006988586424505,5.34868574269058,79.4663627011269,maize
27.0,52.0,15.0,31.404698944326334,58.36810906428041,4.737598178306277,37.61139007141638,mothbeans
28.0,67.0,84.0,18.91517293142587,14.709050235804442,6.5,66.51235722204274,chickpea
51.0,69.0,19.0,27.091872939949155,66.20376183334425,6.4525823220376335,54.96474094072069,blackgram
6.0,63.0,23.0,26.01630259,49.94704718,5.906596905,160.33374469999995,pigeonpeas
29.0,37.0,21.0,30.312693928278627,82.1371898011263,5.25621833605483,57.222016159576526,mungbean
7.0,17.0,10.0,10.16431299,91.22320999,6.465913274,106.362551,orange
3.0,63.0,16.0,24.38041875,61.18458224,6.868881707999999,53.13946695,lentil
11.0,36.0,33.0,35.99009679,52.22780489,5.978634285,95.3713484,mango
22.0,66.0,63.0,16.931142964810526,14.823470136673693,5.845057102519245,54.25780580361784,chickpea
76.0,51.0,18.0,26.16985907,71.96246617,6.247040422,79.84925393,maize
38.0,120.0,197.0,17.5438296,82.94703302,6.323722572,73.77063744,grapes
4.0,23.0,5.0,22.67594476,93.36348717,7.477935216,110.3332655,orange
12.0,78.0,21.0,18.61512102795295,20.437995741111415,4.857567939215872,89.75694514051683,kidneybeans
5.0,48.0,18.0,37.192797190238224,46.535274875275846,5.041744140462846,102.84920532340844,pigeonpeas
4.0,46.0,15.0,31.01274943,62.40392519,3.504752314,63.77192383,mothbeans
23.0,37.0,24.0,28.77833449,44.2252605,7.991902443,33.95825723,mothbeans
32.0,12.0,30.0,25.39241091,98.08951196,5.579845008,218.080385,coconut
54.0,65.0,47.0,27.92765919,91.55594211,6.721835879,149.91075569999995,papaya
10.0,69.0,18.0,23.134288699247428,64.62965629789443,5.416362909562374,25.02084202618702,lentil
39.0,60.0,15.0,35.09357419,30.98685456,5.004074623999999,116.9106908,pigeonpeas
25.0,22.0,25.0,33.56150184,45.53556603,5.977413802999999,95.70525913,mango
105.0,95.0,50.0,27.33368994,83.67675197,5.849076099,101.0494791,banana
32.0,43.0,16.0,30.17095000340025,59.65398373266936,6.5,41.67826999745502,mothbeans
12.0,78.0,23.0,16.06522754,18.72479695,5.99812453,88.06638775,kidneybeans
50.0,63.0,71.0,20.98928084557576,16.624340539077483,5.452491471168255,80.65071064846404,chickpea
1.0,60.0,21.0,14.546691816514352,18.52693340359163,5.078146353090144,139.99724048543504,kidneybeans
104.0,35.0,28.0,27.51006055,50.66687215,6.983732393,143.9955548,coffee
39.0,129.0,203.0,34.38922481,83.18392806,5.863996687,71.03001556,grapes
71.0,65.0,22.0,19.949505843099367,56.95484782406691,5.093249111877633,67.30004418404245,maize
38.0,60.0,20.0,29.84823072,60.63872613,7.491217102,46.80452595,lentil
30.0,59.0,16.0,28.389129537270517,87.3377712309011,6.472576441296261,24.272992875,mungbean
21.0,72.0,17.0,31.52104732,66.55723677,7.580527339,61.71111448,blackgram
1.0,66.0,23.0,19.54317155,56.92831399,4.803564468,173.1686574,pigeonpeas
31.0,25.0,38.0,24.96273236,92.40501423,6.4973666770000005,109.4169192,pomegranate
63.0,47.0,35.0,26.98582182,89.05587886,7.432768147000001,193.8778713,jute
120.0,8.0,46.0,29.55657523,90.70937262,6.732834334,28.36535596,muskmelon
110.0,15.0,48.0,28.57819995,92.86597437,6.2125672110000005,27.598717800000006,muskmelon
81.0,18.0,50.0,26.44019475,80.91934337,6.507110986,47.81847573,watermelon
43.0,59.0,19.0,32.14127502286104,72.11289649448257,5.657878281398037,56.284146226214254,blackgram
63.0,85.0,18.0,24.73134826369294,67.23054023626139,4.8378520147128175,59.718433771691515,blackgram
4.0,59.0,19.0,26.25070298,67.62779652,7.621494566,40.8106299,lentil
68.0,57.0,43.0,26.08867875,80.37979919,5.706943251,182.9043504,rice
25.0,75.0,16.0,30.64895451906886,70.75261006360543,5.993443752078308,62.09783698010094,blackgram
38.0,61.0,52.0,31.22790131,94.94021378,6.620729882000001,46.44279118,papaya
78.0,40.0,38.0,26.46428311,83.85642678,7.549873681,248.2256491,rice
93.0,48.0,14.0,16.912863273328572,74.44572438705896,5.176180938175093,80.11420309296014,maize
49.0,65.0,20.0,31.42894378458797,71.62116377279123,4.822886740247406,44.88985802640584,blackgram
12.0,20.0,10.0,24.45132792,93.10527686,6.528354932,109.4711098,orange
0.0,123.0,205.0,22.02775403,92.96129462,5.790993052,121.1349176,apple
61.0,50.0,17.0,27.029320793023683,72.73432545459445,5.663381546186255,80.72593056053319,maize
105.0,60.0,23.0,23.53371386,77.21705554,6.207652157,87.54004943,cotton
109.0,91.0,53.0,29.66727337,83.51014178,6.010095852999999,110.2511102,banana
90.0,52.0,38.0,25.12074306738678,81.53998568056355,5.64559214681647,165.5438996142438,rice
57.0,64.0,15.0,31.972374764831997,64.16508320891123,5.653742561592138,39.33923604711162,blackgram
27.0,64.0,23.0,27.246096010717288,68.82929522293892,5.405816363040992,50.532197803645104,blackgram
75.0,49.0,45.0,26.036583620056977,79.83672381586312,5.704915234345498,109.65668193897186,jute
12.0,63.0,17.0,18.358923,19.37703396,5.717143397,138.414764,kidneybeans
9.0,56.0,17.0,26.13708256,66.7729209,6.261937875,46.48280681,lentil
71.0,60.0,22.0,26.07470121,59.37147589,6.2048017,85.75692395,maize
6.0,140.0,205.0,17.66558428,82.92903419,6.313085601,69.8671263,grapes
111.0,53.0,19.0,23.96436009,78.02763149,6.419536555,84.63148859,cotton
88.0,57.0,35.0,22.547471386742036,83.44314407341662,5.602812931245375,205.44794371370978,rice
10.0,57.0,24.0,27.586878598649943,83.8853469406865,5.072899960924302,37.034712928584725,mungbean
21.0,63.0,22.0,25.09737391,67.72837887,6.859409487000001,74.61649888,blackgram
20.0,142.0,196.0,10.89875873,80.01639435,6.207600782999999,68.69420397,grapes
21.0,75.0,15.0,20.91729342072957,24.967577088786875,5.833115487412039,40.1439416702219,kidneybeans
140.0,45.0,15.0,25.5308271,80.04662756,5.801047545,99.39557151,cotton
26.0,63.0,17.0,29.87854588,65.73085206,6.950300686,44.95654782,lentil
81.0,45.0,23.0,19.32666088,68.03449300000001,6.192360002999999,84.22969177,maize
23.0,77.0,75.0,18.9851875895617,17.412332188006236,5.038996008548541,59.07285713369044,chickpea
92.0,75.0,45.0,29.01207743,77.95192527,5.6744033589999985,90.43495443,banana
13.0,88.0,23.0,18.211351871441526,19.624610968878436,4.5,99.67708810617262,kidneybeans
28.0,70.0,21.0,25.39038396,60.4989659,7.437373666,39.18374505,lentil
6.0,59.0,21.0,26.58972517,66.14007674,6.139215944,50.90994463,lentil
11.0,56.0,23.0,27.322406644378862,88.69118510172895,4.960364944621265,29.519924108806,mungbean
89.0,58.0,35.0,23.98651719,82.09053379,6.096838784,167.0576456,jute
39.0,65.0,53.0,35.33294932,92.11508608,6.560743092999999,235.6133585,papaya
12.0,34.0,28.0,33.36140093,45.02236377,6.13526938,98.81596545,mango
8.0,41.0,17.0,33.16645492326761,41.82432024944759,5.496960941603053,33.23647727696029,mothbeans
33.0,73.0,23.0,29.23540524,59.38967583,5.985792703,103.3301803,pigeonpeas
101.0,70.0,48.0,25.36059237,75.03193255,6.012696655,116.5531455,banana
89.0,48.0,36.0,19.479709382561662,78.23679312975833,5.5229775518260755,170.52618989333655,rice
85.0,53.0,38.0,24.90075709,73.84186449,6.588017308,153.8990984,jute
26.0,62.0,80.0,20.018718099239052,15.553442382635776,4.949135339176036,73.59739028928148,chickpea
44.0,59.0,21.0,29.139823841546132,66.47593180301733,5.185606968718587,78.33896718674391,blackgram
34.0,74.0,91.0,20.652794881068267,15.853022366649329,5.088898688404729,58.855490365178305,chickpea
65.0,55.0,39.0,26.426845210846356,70.01125597786832,5.387666630451621,211.75123376474974,jute
8.0,37.0,33.0,28.07802689,54.9640534,6.128167757000001,97.45373619,mango
14.0,61.0,24.0,31.93634958507376,45.67387560506972,6.071745871122339,20.0,mothbeans
37.0,144.0,197.0,11.18994268,80.8084305,6.415555956,66.34234944,grapes
76.0,39.0,24.0,24.2547451,55.64709899,6.995843776,64.23845455,maize
24.0,37.0,21.0,30.573999,58.22686794,5.818219385,62.74803826,mothbeans
35.0,88.0,22.0,18.23885949976112,21.407182277682722,4.854891526426957,80.49742073219741,kidneybeans
27.0,59.0,22.0,21.81167649,23.20591245,5.7941585039999985,130.0608093,kidneybeans
90.0,16.0,45.0,24.92093261,80.61750795,6.291540277999999,50.55710813,watermelon
102.0,62.0,41.0,25.09129428786604,72.86410800423037,5.064743181255,174.75343655721565,jute
1.0,135.0,203.0,22.77856513,92.70124029,5.624203283,113.7759219,apple
67.0,35.0,22.0,23.30546753,63.24648023,6.3856842139999985,108.7603001,maize
21.0,63.0,17.0,25.08966129,68.17543102,6.559681838,41.45486619,lentil
80.0,43.0,16.0,23.55882094,71.59351368,6.657964753,66.71995467,maize
26.0,49.0,25.0,28.116239512627935,51.57759104413944,5.3629615409549665,35.98838448618601,mothbeans
117.0,79.0,49.0,25.40909896,82.36208097,6.176644228,112.9794804,banana
35.0,74.0,22.0,26.7230014,62.96841833,6.898905799,42.87274897,lentil
16.0,65.0,16.0,18.13027797,62.45851612,6.078724107,50.6128521,lentil
52.0,58.0,16.0,30.64095781,61.14508627,7.167435834,71.36947525,blackgram
3.0,69.0,23.0,28.67408774,63.18832976,7.299360767,42.96018627,lentil
26.0,51.0,25.0,28.76488954,52.62741529,7.792508067999999,55.21606732,mothbeans
65.0,40.0,21.0,20.15133477161533,64.15696977662543,4.84565887770705,90.11102624418425,maize
22.0,60.0,85.0,18.8392908,14.74071856,7.811997977000001,94.78189594,chickpea
17.0,58.0,20.0,28.06642822,85.91625451,6.42937879,39.23831035,mungbean
50.0,55.0,16.0,28.81460716,65.33538112,7.581442888,62.26242533,blackgram
1.0,76.0,17.0,28.43430726,52.10010827,6.012719118,147.0414824,pigeonpeas
114.0,27.0,28.0,24.99451759,57.93250202,7.162802357,192.8736822,coffee
49.0,61.0,45.0,32.76795887,94.57377401,6.764213299,240.4795923,papaya
85.0,52.0,45.0,26.31355498,82.36698992,7.224285503,265.5355937,rice
16.0,46.0,15.0,16.794843162269537,24.155012888605555,5.6096992645445365,135.87677104036703,kidneybeans
4.0,50.0,18.0,29.12312864677585,59.13145802372808,5.471380277354014,36.490082995,mothbeans
67.0,47.0,44.0,26.73072391,81.78596776,7.868474653,280.4044392,rice
2.0,67.0,18.0,34.51934775,47.52980027,5.921666758,129.0064612,pigeonpeas
17.0,70.0,22.0,19.004240738965315,22.581622197347276,5.737942067590861,71.17410528592758,kidneybeans
0.0,65.0,24.0,28.49584395,62.44616219,7.841496029,53.14531023,lentil
4.0,6.0,7.0,23.01014302,91.11764246,6.708889665,112.6738296,orange
22.0,37.0,20.0,27.62749466,86.49366929,6.605733067999999,39.26137642,mungbean
60.0,55.0,36.0,26.12797248,80.49172597,7.132389299,150.6326874,jute
34.0,74.0,24.0,23.220823038777482,53.92186850382716,5.667128927554784,193.72190562752886,pigeonpeas
81.0,54.0,37.0,27.301340735777405,71.4651956262632,5.812748157693552,186.44844412434367,rice
49.0,41.0,37.0,25.804119848301433,84.75185531315543,6.5,153.8930325146472,jute
14.0,55.0,15.0,27.33580911,55.27755933,8.050304395,73.44775287,mothbeans
39.0,30.0,38.0,20.12644921,87.59629625,6.965156737999999,108.065579,pomegranate
64.0,63.0,39.0,25.17058074905982,77.258164222057,5.172802486786509,112.471793137108,jute
87.0,44.0,43.0,23.87484465,86.79261344,6.718725189,177.5147313,jute
43.0,72.0,66.0,17.497209203427087,15.64196362216534,5.469628190652732,63.07610762971969,chickpea
17.0,72.0,19.0,19.697937640640298,68.37531395424377,4.734983282425475,32.70510326884205,lentil
44.0,72.0,25.0,27.69754418581476,69.83503532942622,4.5,66.22778791021751,blackgram
72.0,67.0,18.0,17.89860921977801,55.85265239152348,5.272251868541671,73.91700151109465,maize
79.0,45.0,23.0,23.658910272827185,60.48117235167022,5.374377001313364,75.98913266999179,maize
79.0,32.0,22.0,23.89289115527816,55.62216021260282,6.447783117735459,100.9288862335813,maize
47.0,80.0,77.0,17.18248372,16.42891834,7.561108006,72.85017344,chickpea
11.0,143.0,197.0,22.98458907,93.3204487,5.875718516,122.1952483,apple
31.0,58.0,15.0,28.31886863,60.19461399,6.167855382000001,45.36521251,lentil
58.0,61.0,15.0,30.94908189,64.23364112,7.402891666,62.78730907,blackgram
93.0,42.0,47.0,23.46020811375769,82.20963753669956,5.526925037225403,138.59738449725512,jute
43.0,68.0,20.0,29.57812712,66.17587668,7.497469256,69.43895491,blackgram
37.0,64.0,28.0,33.750972908747556,35.80470699536396,4.517219211547842,97.45193966760719,pigeonpeas
38.0,40.0,20.0,28.654082963938233,54.09263130388845,4.783138666297288,23.294106979073003,mothbeans
38.0,60.0,76.0,18.65054116,17.80852431,8.868741443,77.92798682,chickpea
48.0,62.0,15.0,25.36586097,66.6379724,7.538631462000001,65.81655892,blackgram
86.0,41.0,49.0,19.799135422950062,77.37868834945355,5.073217524366763,184.02375048358155,rice
21.0,139.0,201.0,19.3642553,83.36094029,5.980598579,67.15094741,grapes
31.0,60.0,24.0,25.40474421,65.8567539,7.722335992,51.92057267,lentil
23.0,75.0,17.0,24.87425505,64.00213929,7.198076286,48.28137482,lentil
19.0,15.0,34.0,26.29644905,99.65809151,5.6858890660000005,215.9195049,coconut
114.0,40.0,17.0,24.32630461,80.13456404,6.363406102000001,69.45072055,cotton
92.0,55.0,34.0,24.078544646391194,79.74806880414573,5.390759363372641,189.21626336935392,rice
87.0,60.0,23.0,20.27317074,63.91281869,6.439071996,62.50351892,maize
19.0,71.0,23.0,25.83943214485622,65.57761185969326,4.9509010055918035,58.10876633573811,blackgram
107.0,55.0,38.0,21.53551635773975,83.04561133682309,5.200320384389211,234.2850972557977,rice
86.0,40.0,39.0,25.72100868,88.16513579,6.207459637,175.60866969999995,jute
17.0,11.0,32.0,28.74013335,93.39676499,5.620733794,156.76508230000005,coconut
37.0,66.0,85.0,20.93175255,18.91295403,6.456148474,78.06910795,chickpea
93.0,20.0,50.0,29.93061247,93.22980899,6.4487926889999985,24.34814338,muskmelon
33.0,14.0,8.0,21.03200078,92.9641969,7.684420446,110.6823944,orange
14.0,74.0,19.0,18.39759147,36.82639309,6.624966131,93.12330644,pigeonpeas
99.0,51.0,37.0,23.518874270486823,80.27562377047542,5.764217360048513,164.49301441953287,jute
38.0,56.0,25.0,25.74095321,45.38497051,7.88118645,67.43488235,mothbeans
25.0,12.0,26.0,28.56973521,95.67906668,6.436314406,134.83703480000003,coconut
20.0,68.0,23.0,25.54960633,63.95425534,7.707332484,63.1830529,blackgram
63.0,42.0,21.0,23.26237612,72.33125523,5.798423907999999,67.10225139,maize
60.0,58.0,51.0,42.07213781,92.92203105,6.840802254,165.7412972,papaya
39.0,62.0,23.0,20.4538274128957,18.70491115230166,5.376661404456491,124.82029123884826,kidneybeans
73.0,45.0,37.0,23.70467146,74.63745355,6.742688094,181.2783964,jute
106.0,10.0,49.0,27.72653142,92.00687531,6.350623739,20.21126747,muskmelon
131.0,60.0,17.0,25.32023717,81.79475917,7.4250413160000015,83.46532547,cotton
21.0,61.0,18.0,19.227694270291202,53.926906053546496,5.455093300896411,166.87317331511935,pigeonpeas
32.0,41.0,16.0,28.63618921,61.39451307,7.702287236,68.54877876,mothbeans
83.0,23.0,55.0,26.89750174,83.89241484,6.463271076,43.97193745,watermelon
94.0,50.0,37.0,25.66585205,80.66385045,6.94801983,209.5869708,rice
75.0,28.0,37.0,26.260395016361496,85.60600752931272,5.747208524211198,225.93471006135437,rice
94.0,50.0,19.0,23.30355338,73.62548442,5.873242491,97.59081274,maize
31.0,25.0,12.0,18.05142392,90.03969587,7.016482298,111.7793889,orange
31.0,30.0,29.0,26.58580443,90.98617591,5.558807063,178.8116076,coconut
123.0,44.0,21.0,25.78544484,75.00539324,7.6411165689999985,91.39578861,cotton
101.0,25.0,52.0,29.09910406,94.22237826,6.750145572,22.52497327,muskmelon
81.0,30.0,23.0,25.457151708515408,66.57503847951689,5.6337312435898825,57.81171447177491,maize
18.0,79.0,20.0,20.27514686,23.2353604,5.877347515,139.7521543,kidneybeans
40.0,11.0,44.0,24.45840036,86.10874614,6.322396027000001,111.3779693,pomegranate
73.0,44.0,40.0,25.22265366908024,83.72558854735055,5.178412723553401,187.6613854518783,jute
85.0,21.0,52.0,29.62800691,90.10051615,6.0751441160000015,23.69586761,muskmelon
71.0,50.0,20.0,23.62465308249405,53.84965706083589,4.555396861540634,75.15521006618854,maize
26.0,54.0,23.0,30.866421845383154,48.88624152165953,5.182751500786004,54.43206517247809,mothbeans
37.0,72.0,18.0,18.87614998,24.54038287,5.724242065,105.4120514,kidneybeans
28.0,62.0,20.0,17.817159816905313,22.628202267919683,5.932399342504626,61.7037302756248,kidneybeans
70.0,36.0,42.0,21.84106875,80.72886384,6.9462098810000015,202.3838319,rice
44.0,59.0,78.0,20.67526473,19.85388984,7.599033472,84.78344008,chickpea
47.0,73.0,24.0,26.79296179730351,67.38463116906902,4.884871200314363,59.284472714486704,blackgram
34.0,6.0,27.0,25.84726298,90.92669463,5.8607404810000014,147.8888994,coconut
77.0,58.0,19.0,22.8056033,56.50768935,5.791649933,101.5952794,maize
111.0,41.0,18.0,23.64328417,78.1258666,6.10539819,80.96157332,cotton
5.0,61.0,18.0,19.923407166141757,18.25709942901478,5.395837986852867,74.18932526706786,kidneybeans
33.0,80.0,26.0,28.391943974108635,65.9720328116612,5.208332657085207,43.902651852321526,lentil
20.0,60.0,78.0,18.17234999,14.70085967,6.358740355,90.7760707,chickpea
100.0,54.0,35.0,20.265491147478915,81.31990050380826,4.6046681800863505,258.1994482997024,rice
32.0,44.0,18.0,30.386212933221724,83.86417445527604,5.174312597701613,42.52335402376741,mungbean
39.0,42.0,17.0,28.25354099603467,87.24433839798174,5.584936535493804,48.8350720000955,mungbean
95.0,26.0,45.0,29.91690582,94.55695552,6.117530021,28.16057247,muskmelon
100.0,48.0,16.0,25.71895816,67.22190688,5.54990242,74.51490791,maize
78.0,49.0,40.0,25.255906891300448,79.61007691106086,5.233319098048872,102.03985400880556,jute
22.0,64.0,82.0,19.48974337,17.17260319,6.4740245000000005,87.51312796,chickpea
27.0,78.0,24.0,28.12933494227428,58.42160444917104,4.7577364453208695,40.85512497256408,lentil
74.0,54.0,23.0,25.293724751025707,71.46175402547794,5.60101095995356,48.19106585314388,maize
30.0,52.0,23.0,27.805866531899344,49.154378964768895,5.572680833874569,38.93243715644806,mothbeans
54.0,71.0,14.0,29.733489114248297,67.07950951369627,4.996328164612337,49.58123576033606,blackgram
82.0,20.0,54.0,29.34033587,90.01506395,6.541150335,21.44532907,muskmelon
33.0,58.0,24.0,35.45790488,68.75810535,5.269504214,108.6333046,pigeonpeas
33.0,134.0,205.0,21.0365275,94.33919546,6.08551916,114.7412734,apple
69.0,57.0,35.0,24.30748599,78.54340987,6.1868143920000005,186.2337571,jute
13.0,69.0,19.0,17.30844532,20.01730914,5.86390397,115.199245,kidneybeans
81.0,53.0,42.0,23.67575393,81.03569343,5.17782304,233.7034975,rice
87.0,23.0,28.0,26.22367404,62.26594559,6.979590627,193.7461968,coffee
97.0,29.0,27.0,27.74576987,54.36976075,7.205078785,139.8619431,coffee
109.0,79.0,45.0,27.66752761,79.68542782,6.490074429,108.66464,banana
47.0,46.0,52.0,23.19451074,91.40301608,6.502289472999999,206.3999208,papaya
37.0,24.0,13.0,19.14381903,90.71037456,7.8546243,108.0230792,orange
22.0,88.0,20.0,29.053923747477693,66.35118400534529,4.61006831992793,50.118473379546295,blackgram
19.0,7.0,10.0,14.78003032,91.22062116,6.118430299,100.1961762,orange
99.0,57.0,38.0,24.80624984,82.09281674,6.356295567999999,156.3616174,jute
30.0,66.0,18.0,33.47949228698318,69.29265881709343,6.294977127914965,74.19102717290112,blackgram
77.0,57.0,21.0,24.9321581,73.80435276,6.550563822999999,79.74078719,maize
16.0,51.0,21.0,31.01963639,49.97675220000001,3.532008668,32.81296548,mothbeans
21.0,74.0,15.0,29.49096726,67.10604388,6.471862118,153.2504506,pigeonpeas
18.0,19.0,27.0,27.75518664,52.34605806,4.772385986000001,94.11213345,mango
97.0,57.0,42.0,20.99339246459291,82.37270178951948,4.894301242699114,177.02393171455012,rice
19.0,7.0,9.0,27.255435,91.71369387,6.969883482999999,101.139435,orange
18.0,30.0,29.0,26.762749300000007,92.86056895,6.4200187170000005,224.5903664,coconut
31.0,72.0,16.0,24.013640328347176,65.5646735313181,5.424303309227772,38.69146662019333,lentil
58.0,67.0,45.0,38.72382798,91.72514851,6.702424548,62.62377075,papaya
32.0,48.0,18.0,26.45707778,56.40226277,5.993513566,64.16167699,mothbeans
57.0,57.0,75.0,17.09104223,18.25142068,7.785039076,87.27444866,chickpea
67.0,60.0,25.0,24.92162194,66.78627406,5.750254943,109.2162279,maize
107.0,12.0,46.0,29.57240298,93.61870344,6.559763394,27.56918621,muskmelon
82.0,52.0,35.0,27.161052735658174,80.41903983736337,5.465131176790087,220.0955759080075,jute
27.0,62.0,77.0,18.19737048,14.71070537,6.576415562,70.18185181,chickpea
101.0,87.0,54.0,29.07311132,76.50045221,6.376756632999999,100.1692639,banana
109.0,26.0,45.0,28.27973674,90.38971208,6.224535448999998,21.58992507,muskmelon
27.0,145.0,205.0,9.467960445,82.29335466,5.800242694,66.02765219,grapes
45.0,47.0,55.0,38.4191628,91.14220381,6.751452932,119.2653877,papaya
67.0,41.0,42.0,25.197430676095973,80.2339822023759,5.1481542882254265,119.47131434067677,jute
18.0,74.0,15.0,24.9035819,22.27512704,5.70836603,146.4727237,kidneybeans
102.0,44.0,33.0,21.81869050349141,83.66914014450577,4.5,261.72283788697115,rice
106.0,20.0,51.0,29.73019662,90.97015715,6.342573112,20.49035619,muskmelon
17.0,16.0,14.0,16.39624284,92.18151927,6.625538653,102.944161,orange
89.0,55.0,15.0,16.048117803217238,69.96150289902057,5.4346513025840855,85.80483499301185,maize
28.0,123.0,198.0,23.46260321,91.45665004,5.682751473,111.7763395,apple
20.0,77.0,23.0,34.87248659,38.83786012,5.180271502,148.25027859999997,pigeonpeas
81.0,16.0,45.0,26.90435747,86.25426228,6.727468157000001,59.75980023,watermelon
1.0,124.0,199.0,23.71059131,93.27392415,5.658473817000001,112.66765890000002,apple
120.0,60.0,15.0,22.31871914,83.86129998,7.288377241,65.35747011,cotton
4.0,40.0,26.0,27.58258929,48.56916221,6.720041791,95.8445641,mango
91.0,35.0,38.0,24.8972823,80.52586088,6.13428721,183.6793207,rice
83.0,15.0,49.0,28.92705913,91.39356832,6.438008152999999,23.20076686,muskmelon
6.0,7.0,7.0,27.68167318,94.47316879,7.199106204,113.9995146,orange
13.0,43.0,20.0,26.66938658636752,61.837514860671654,5.095429165390112,72.56600905228474,mothbeans
25.0,78.0,76.0,17.48042641,15.7559405,7.228963452,66.96980581,chickpea
12.0,77.0,24.0,18.131960091122405,61.653071148169225,4.721023746114064,31.094616719278545,lentil
9.0,55.0,27.0,29.714232651358103,65.38220392694146,6.224131151607678,25.557254066557284,mothbeans
60.0,61.0,74.0,19.34576458184428,18.78556704035199,4.5,59.712493257364386,chickpea
65.0,57.0,40.0,24.589520119402135,85.97653841957995,5.165011044514906,219.5875947321544,rice
22.0,36.0,16.0,30.58139475,50.77148138,8.18422855,64.58559639,mothbeans
18.0,79.0,17.0,22.872921318105803,65.98398817549646,5.769056834966051,36.227766191899505,lentil
40.0,73.0,20.0,21.59343016,20.31871249,5.811314232000001,61.13872036,kidneybeans
44.0,74.0,85.0,20.18649426,19.63719995,7.150681303,78.26039559,chickpea
23.0,62.0,19.0,16.51783455,20.4555596,5.609435127999999,98.77794225,kidneybeans
51.0,58.0,80.0,18.510103621686834,17.529138168772306,4.973941479055866,66.42751641597258,chickpea
29.0,59.0,25.0,26.337601892442166,79.4143770425452,5.030868162678131,51.9591081817913,mungbean
71.0,58.0,43.0,23.413502201867477,85.9553291671437,5.862169475601568,162.75490093104133,rice
24.0,42.0,23.0,28.22471276,82.35916228,6.428054409,44.01206619,mungbean
35.0,52.0,19.0,27.10606808,89.89593328,6.698574085,37.45680611,mungbean
100.0,40.0,20.0,22.45145981,76.25674874,7.432043735,86.84998693,cotton
40.0,61.0,22.0,20.94981756,65.8108757,7.002216044,44.23913012,lentil
26.0,24.0,34.0,31.27180992,52.23810152,6.811291098,89.74409017,mango
107.0,71.0,55.0,29.42017919,83.96754496,6.088064451,117.229079,banana
65.0,58.0,36.0,28.145906893916685,72.67248838096704,5.414648799261928,211.4700102131646,jute
28.0,37.0,28.0,32.13409675,50.52559148,6.097869767000001,98.63333684,mango
6.0,13.0,29.0,27.31155708,99.96906006,5.832608027999999,201.8258633,coconut
29.0,45.0,16.0,28.43683487,87.91332682,6.583381939,43.12063289,mungbean
35.0,58.0,20.0,29.38538562,63.47742011,5.761702519,90.05422663,pigeonpeas
46.0,50.0,76.0,18.37025626640967,14.295367456396763,5.511998248290391,65.61543453701117,chickpea
101.0,17.0,55.0,24.37118217,87.1269128,6.4514997639999985,44.63907691,watermelon
60.0,78.0,13.0,25.06020350562257,68.03401230819875,6.154813088778967,53.603122342488795,blackgram
37.0,38.0,32.0,31.85744939,45.53106268,5.417340525,91.55845821,mango
27.0,30.0,31.0,28.98545306,90.73966792,5.718120393,148.8398374,coconut
30.0,13.0,25.0,27.15116142,91.48889469,6.413184638,164.9182225,coconut
90.0,42.0,43.0,20.87974371,82.00274423,6.502985292000001,202.9355362,rice
2.0,75.0,22.0,23.89271875,61.78779413,6.658605362,52.55730112,lentil
41.0,62.0,15.0,29.38400259,64.14928485,7.358974541,65.24194361,blackgram
13.0,61.0,19.0,18.446272343767305,63.43784003741781,5.2698669615534195,41.93989016649999,lentil
69.0,48.0,37.0,25.622082651104414,79.43481446660198,5.932553095025315,168.34886058006282,rice
7.0,126.0,203.0,16.76201707,82.00335557,5.662140095,73.28712806,grapes
80.0,71.0,47.0,27.50527651,80.79783998,6.156373499,105.0776992,banana
14.0,75.0,24.0,24.54757829,57.3414485,6.436160044,118.3606557,pigeonpeas
28.0,75.0,21.0,24.7741949,50.54621094,6.007508163,114.2821387,pigeonpeas
106.0,21.0,52.0,28.89578588,94.78993038,6.286515359,23.0362503,muskmelon
35.0,71.0,17.0,29.89286629,66.35375127,6.931924962999999,198.1403003,pigeonpeas
82.0,40.0,45.0,26.21312799,81.70476368,6.667633355,180.1237765,jute
32.0,20.0,35.0,26.52166434,98.38227669,5.588655387,144.6261698,coconut
43.0,66.0,79.0,19.46233971,15.22538951,7.976607593,74.58565097,chickpea
35.0,52.0,15.0,28.69841277,61.14754363,9.93509073,65.67591794,mothbeans
77.0,55.0,43.0,25.49941707,75.99987588,6.663559451,193.71418280000003,jute
0.0,65.0,15.0,23.46168338,23.22197648,5.645435626,95.84253438,kidneybeans
42.0,74.0,83.0,19.2582557,14.2804191,7.545258424,65.78042032,chickpea
29.0,71.0,18.0,22.17499963,62.13873825,6.410441476,53.46622584,lentil
82.0,45.0,16.0,25.69858043965509,68.77263196270675,5.610587155011777,69.84180813544405,maize
113.0,20.0,48.0,27.46583649,94.87679041,6.440584681,27.27899847,muskmelon
57.0,44.0,15.0,24.36731736989539,66.20233683258185,4.941829802462194,48.13747835229528,maize
34.0,62.0,55.0,27.58548913,90.72526502,6.585346229,238.5008779,papaya
63.0,43.0,17.0,19.28889933,65.47050802,6.807487794,71.3195307,maize
9.0,48.0,20.0,29.66461594,84.28187572,6.377568542000001,56.09542002,mungbean
77.0,52.0,17.0,24.86374934,65.7420046,5.714799723,75.82270467,maize
33.0,75.0,84.0,19.46210401,18.72831993,7.217018459,68.81405149,chickpea
88.0,78.0,45.0,29.10403455,79.19588629,6.324270089,92.07835761,banana
74.0,36.0,46.0,24.773183617605042,75.469682839756,6.09626897128173,138.7498661361648,jute
120.0,20.0,34.0,23.56960509,50.56339727,6.906124587000001,130.3797119,coffee
117.0,76.0,47.0,25.56202173,77.38229006,6.119216009,93.10247183,banana
101.0,13.0,54.0,25.42900869,82.91481799,6.828982708,56.34144589,watermelon
24.0,21.0,42.0,20.82210727,87.22815682,6.999014379,109.4429934,pomegranate
92.0,40.0,30.0,23.35723208,55.18792166,6.026287448,171.6976946,coffee
98.0,53.0,38.0,20.26707606,81.63895217,5.01450727,270.4417274,rice
99.0,38.0,21.0,22.88330922,71.59722446,6.352471866,67.72777298,maize
31.0,72.0,72.0,16.941183919154582,16.50262090697904,5.151738551969583,77.20721653139383,chickpea
18.0,58.0,16.0,21.47607807,38.80023714,4.962661422,180.382234,pigeonpeas
10.0,56.0,18.0,27.99627907,68.6428593,7.32710972,46.10585191,lentil
107.0,43.0,18.0,22.426733,81.53480799,6.745104394,65.54475812,cotton
27.0,76.0,83.0,19.12829388,14.92241479,6.289614016,89.61857826,chickpea
101.0,17.0,47.0,29.49401389,94.72981338,6.185053234,26.30820876,muskmelon
58.0,75.0,25.0,25.25596239,61.36669662,7.261791753,68.64685069,blackgram
42.0,67.0,21.0,24.96740259073776,61.319858520926964,5.790651182059148,38.82344882687157,blackgram
101.0,20.0,48.0,24.6774157,82.75411437,6.2062474939999985,57.05709413,watermelon
135.0,43.0,16.0,23.47986888,81.73049149,6.720449769,86.76287924,cotton
6.0,125.0,204.0,27.92004934,82.93262435,5.7335398070000005,69.92092839,grapes
52.0,74.0,72.0,19.28467899268522,15.047077078071043,5.976023407340567,59.62544821247928,chickpea
41.0,65.0,85.0,17.034674602367748,18.48507303720246,4.5,73.9578233378989,chickpea
97.0,35.0,26.0,24.91461008,53.74144743,6.334610249,166.2549307,coffee
92.0,85.0,51.0,29.22118628,81.08183635,5.740764682000001,108.8616474,banana
22.0,51.0,16.0,27.96583691,61.34900107,8.639586199,70.10472076,mothbeans
28.0,67.0,14.0,19.44895378617325,19.008633324046528,5.664132633881472,71.10200656680695,kidneybeans
6.0,69.0,19.0,26.88630675,41.69617915,4.7509292180000005,94.46748008,pigeonpeas
36.0,67.0,25.0,35.95176642,36.52780776,6.418062652000001,136.0456753,pigeonpeas
25.0,64.0,14.0,20.582669156756523,24.621630132504894,5.161504883165197,105.94582681133114,kidneybeans
0.0,57.0,19.0,22.93761216915863,19.71115066987918,5.36149292765296,164.75591619443753,kidneybeans
36.0,43.0,19.0,26.941093901455222,87.51790439650182,4.933311263556048,48.220519671561505,mungbean
27.0,68.0,14.0,19.719421916732166,18.742399976519014,5.658403707762732,88.97441195081994,kidneybeans
61.0,44.0,44.0,25.10352456797697,83.65726585862251,5.066898136587917,131.3595524015467,jute
12.0,19.0,31.0,27.25373364,52.66319725,5.566704378,91.87312479,mango
27.0,71.0,23.0,23.45379018,46.48714759,7.10959773,150.87122019999995,pigeonpeas
69.0,33.0,42.0,22.799484431247343,88.19276942354246,5.66783486443207,158.49935697109262,rice
5.0,59.0,15.0,18.87492997,20.18238348,5.97229163,134.1811718,kidneybeans
24.0,35.0,16.0,31.017494500961533,49.89890068766218,5.1352079874102206,74.2734358485,mothbeans
65.0,39.0,45.0,23.66805429,70.89000744,6.768001309,184.4633281,jute
4.0,47.0,20.0,25.97948991,64.95585424,4.193189124,72.19245835,mothbeans
78.0,58.0,15.0,25.00933355,67.816568,6.5286312660000005,62.91359494,maize
34.0,11.0,10.0,31.75048899,94.59551226,7.36220835,115.1989301,orange
111.0,5.0,52.0,29.8843055,94.0371147,6.135996372,21.0000988,muskmelon
96.0,86.0,51.0,29.90888522,76.98740841,6.257369799,91.99964712,banana
110.0,25.0,54.0,28.91105641,90.78413842,6.425930938,23.44398467,muskmelon
118.0,12.0,47.0,27.96872279,92.17444796,6.010739645,28.94766949,muskmelon
38.0,43.0,23.0,28.221273136082313,59.32883716974291,5.270860333237071,37.72441892737616,mothbeans
28.0,86.0,24.0,15.282329689104202,25.13630201132408,6.206411550794125,103.58605720877753,kidneybeans
5.0,16.0,31.0,35.96054636,48.69677802,4.555688532,98.00644238,mango
38.0,135.0,203.0,23.76121837,93.661643,5.9655513110000005,100.825956,apple
9.0,57.0,24.0,29.89232778,89.71503316,7.165121108999998,42.99498978,mungbean
85.0,33.0,25.0,26.20811417,52.50987966,6.910823945,189.0944824,coffee
11.0,71.0,17.0,19.9191786,21.47324158,5.74644777,82.68554379,kidneybeans
49.0,70.0,16.0,26.992382036429525,72.66675525725739,5.191053996740296,50.80057225330076,blackgram
29.0,73.0,20.0,32.54490030669416,49.01885046659761,5.471175245292728,179.507801185554,pigeonpeas
52.0,60.0,79.0,19.45339934,18.23490739,8.380185271,75.6317566,chickpea
71.0,46.0,40.0,20.2801937,82.1235421,7.236705436,191.9535738,rice
94.0,44.0,42.0,19.553874512809443,84.94683741555836,5.4363168836586695,224.79197456931408,rice
0.0,60.0,22.0,29.717602515308624,72.6559761030349,6.035186920899126,33.92846907820934,lentil
98.0,40.0,41.0,26.419313525454402,87.86388344501816,5.326961950882637,145.19405819749068,jute
16.0,56.0,17.0,33.80020039,40.03262418,7.445444882999999,176.6165894,pigeonpeas
31.0,53.0,16.0,28.7420098,85.81675947,6.452006451,48.54598575,mungbean
25.0,71.0,24.0,28.49538735,60.44848407,7.187721817999999,74.91559514,blackgram
23.0,67.0,21.0,27.240790852574523,67.19176932288768,4.823364796606011,48.991454716303814,blackgram
35.0,64.0,20.0,36.66541566295223,66.66924865688489,5.889514936758752,55.58880055324068,blackgram
72.0,54.0,20.0,27.830006355687516,61.16592884180384,5.393224388888879,71.2602985591939,maize
14.0,65.0,17.0,28.157385883806263,65.8639732207321,4.5,25.326812204167073,mothbeans
38.0,51.0,52.0,32.66160599,90.78931681,6.927803911,78.85085502,papaya
11.0,42.0,15.0,27.33894087870971,56.68258618204449,5.474484291885042,33.71655048243782,mothbeans
21.0,29.0,12.0,22.30318989,92.15987039,6.438668989,117.3688104,orange
72.0,56.0,38.0,23.669674253554703,77.33614320002155,4.667291257689944,148.78932042583753,jute
33.0,77.0,21.0,30.32992227,65.62971858,7.01285529,71.64631281,blackgram
18.0,55.0,23.0,21.9989826,56.31006755,6.98571967,136.82743119999998,pigeonpeas
0.0,26.0,31.0,25.0707247,95.02156793,5.547933273,192.9036306,coconut
60.0,61.0,18.0,28.14858113320105,65.045155482283,4.917234163959283,63.87876186178617,blackgram
129.0,47.0,20.0,24.41212325,80.80343786,6.281913857999999,98.60457373,cotton
24.0,77.0,17.0,29.729522937758503,57.45544884838504,5.5185293831159665,123.81713333151689,pigeonpeas
38.0,61.0,19.0,22.136490834153424,64.23892753620738,5.7363686507614435,51.44747771717102,lentil
40.0,46.0,23.0,30.482318091311853,91.94094451569302,5.156979319738922,62.01883072755445,mungbean
129.0,43.0,16.0,25.5503704,77.85055621,6.73210948,78.58488484,cotton
18.0,81.0,66.0,15.987520448441863,17.26730978775015,5.477780710337299,81.66166738716312,chickpea
32.0,55.0,52.0,37.58899717,91.99740365,6.967759599999999,159.6577388,papaya
22.0,46.0,23.0,29.510407752051265,56.514777665276824,6.239466759992542,54.08848228497226,mothbeans
5.0,65.0,19.0,18.28072173,68.10365387,6.978361689,48.80253285,lentil
104.0,20.0,26.0,27.22783677,52.95261751,7.493191968,175.7260273,coffee
2.0,21.0,35.0,25.02887163,91.53720922,6.293662362999999,179.8248944,coconut
111.0,5.0,55.0,26.283443,84.42478917,6.520663422,50.78669728,watermelon
48.0,65.0,78.0,17.43732714,14.33847406,7.861128148,73.0926704,chickpea
98.0,38.0,19.0,19.581007893043743,65.91959383081107,4.5,73.45003886129658,maize
5.0,35.0,20.0,28.92952635,53.57014709,9.679240873,66.35634104,mothbeans
23.0,5.0,44.0,21.20725375,94.26304717,7.16300467,107.5660804,pomegranate
27.0,42.0,19.0,28.082079393028224,56.74434470641051,5.23821616083494,49.597315866212845,mothbeans
22.0,49.0,21.0,29.387494000239073,86.9027530567581,5.26827575042729,31.43270521599206,mungbean
68.0,62.0,50.0,33.20258348,92.76437927,6.977700268,197.5282582,papaya
46.0,62.0,77.0,16.396799955248447,18.335760490740945,4.5,58.07435638043522,chickpea
125.0,39.0,21.0,25.03149561,82.21276599,7.954629324,95.0191318,cotton
7.0,62.0,24.0,19.666428470066535,69.38459531493706,5.11412542708552,51.02165199192032,lentil
13.0,23.0,6.0,23.96147583,90.26408017,7.365338111,102.6958703,orange
26.0,71.0,15.0,30.446309417420384,60.45754871935267,4.902866390730519,112.33534471347143,pigeonpeas
108.0,89.0,53.0,29.12036889,80.18080728,5.908770059,112.3982055,banana
29.0,62.0,76.0,17.935068615723033,13.987599229677004,5.078975803756601,62.42853186592944,chickpea
20.0,41.0,20.0,29.27308605,89.4875022,7.073048264,50.9246554,mungbean
26.0,122.0,202.0,22.44516988,94.73763514,5.617227184,107.1843273,apple
118.0,88.0,51.0,25.44926208,79.49221962,6.201911642000001,100.6619171,banana
66.0,53.0,41.0,25.0756354,80.52389148,7.778915154,257.0038865,rice
1.0,6.0,35.0,27.02269204,95.71935435,6.231662767,147.16824590000004,coconut
34.0,68.0,51.0,27.34734861,94.17756725,6.687088097999999,40.35153141,papaya
21.0,9.0,40.0,24.51147697,90.64498715,5.956401828,105.6209954,pomegranate
1.0,70.0,26.0,20.41794189047116,59.013710754062245,5.853715839287757,148.45065900496456,pigeonpeas
89.0,41.0,38.0,23.12844351,74.68322732,6.344751947000001,199.83629130000003,jute
9.0,10.0,10.0,22.3551049,93.52211892,6.010391864,101.5164589,orange
86.0,59.0,35.0,25.78720567,82.11124033,6.946636369,243.5120414,rice
64.0,58.0,22.0,25.967555660557977,58.11080577589279,5.441642308376259,66.98509714920165,maize
28.0,68.0,19.0,34.63880966,61.38597868,7.69950698,72.43169115,blackgram
23.0,138.0,195.0,22.49095104,91.70292746,5.7959857160000015,124.3915101,apple
36.0,24.0,41.0,24.94467632,94.25702672,7.009180374,103.8799347,pomegranate
28.0,6.0,40.0,22.10621387,91.34039616,6.769855664,106.8704803,pomegranate
92.0,35.0,40.0,22.17931888,80.33127223,6.3573893660000005,200.0882787,rice
37.0,18.0,39.0,24.1469628,94.5110662,6.424670614,110.2316633,pomegranate
49.0,68.0,88.0,21.494760346644192,16.406159754387044,5.96370693121897,53.54108177198856,chickpea
6.0,33.0,18.0,30.686354078394636,51.47534575358757,5.227331649888682,48.02734748363047,mothbeans
32.0,57.0,18.0,15.53834801,23.75560241,5.695422862999999,107.3850593,kidneybeans
35.0,66.0,17.0,28.701722884114215,17.23060750571208,5.624250603289922,45.40030734214538,kidneybeans
41.0,67.0,24.0,25.31930505827815,66.4540855422462,5.057448539912447,47.18085363749999,lentil
3.0,71.0,24.0,36.2200474338879,59.59806080159262,6.002537326322695,141.05206481,pigeonpeas
103.0,27.0,31.0,27.15998538,51.59100753,6.691541233,126.1752206,coffee
56.0,50.0,40.0,27.410418650481372,82.20162871269626,5.470312221742008,248.69580349473537,rice
35.0,58.0,15.0,26.674680775477402,84.21106492021364,5.25275904512389,29.377760917023263,mungbean
21.0,17.0,15.0,23.98289638,91.5473145,7.455991072000001,118.4901697,orange
0.0,145.0,205.0,21.22503442,90.09877774,5.52078314,113.9760462,apple
27.0,35.0,19.0,22.703834544968146,59.75437144657658,4.528681013620481,29.11725961634272,mothbeans
22.0,38.0,31.0,31.53356352,53.06009323,5.8211060360000015,98.57025046,mango
82.0,35.0,44.0,26.96656378,78.21047693,6.239011,169.8391177,jute
85.0,58.0,17.0,25.79455092948362,60.572807238016175,6.273551858932095,97.72437499781482,maize
27.0,13.0,6.0,13.36050601,91.35608208,7.335158382,111.2266885,orange
22.0,43.0,24.0,25.42517036,53.22082660000001,4.52363558,46.19374559,mothbeans
74.0,39.0,23.0,22.6265115,65.77472881,6.78073637,88.17251033,maize
16.0,55.0,19.0,19.54314136,47.19188279,6.413543781,192.4372194,pigeonpeas
21.0,58.0,21.0,33.3084308444486,72.41325936361447,5.45484070697825,41.68708900056377,blackgram
107.0,42.0,24.0,22.04612876,84.62978302,6.144631795,86.00758678,cotton
9.0,38.0,25.0,34.58561471,50.34035336,5.497946899,100.3060719,mango
7.0,11.0,32.0,29.25902906,95.11294697,5.5421691389999985,184.7624496,coconut
24.0,27.0,9.0,18.86883219,93.24688124,6.157135092000001,119.3936976,orange
8.0,15.0,33.0,28.97318719,98.09861043,5.50158009,213.9011021,coconut
53.0,65.0,76.0,20.19137759,16.41998269,8.719960893,77.33795356,chickpea
73.0,58.0,33.0,23.090316434282286,80.56215289392448,4.923792886368717,187.81700074907903,rice
43.0,62.0,17.0,28.60318604030719,62.64174869009505,4.858773312339449,58.41908791824751,blackgram
81.0,49.0,20.0,18.04185513,60.61494304,5.513697923,104.2321615,maize
21.0,51.0,15.0,29.36488409,89.1886954,6.679127482,48.30159325,mungbean
36.0,133.0,198.0,25.51939719,83.98351748,6.2286454,69.17281221,grapes
29.0,142.0,203.0,29.67229086,83.71498986,5.891195653,66.48490371,grapes
36.0,60.0,18.0,29.787166968160548,59.44943814381702,5.205393479337923,37.89052367756404,lentil
37.0,56.0,25.0,22.05592283,19.60379304,5.7747551439999985,126.7265372,kidneybeans
100.0,18.0,52.0,26.20234499,80.38266489,6.87606733,56.47941847,watermelon
2.0,51.0,17.0,25.87682261,45.96341933,5.838508699,38.53254678,mothbeans
75.0,36.0,44.0,23.28081,74.27607475,6.613341342999999,153.7447398,jute
22.0,68.0,16.0,27.70496805,63.20915034,7.74672376,37.46160727,lentil
21.0,62.0,23.0,29.51381430177224,59.36889621570513,5.830384999369819,32.26513819,mothbeans
31.0,40.0,14.0,28.400185403005064,85.84338982954813,5.002701802622939,34.45434076569962,mungbean
12.0,60.0,28.0,16.215570776424233,21.445668806513968,5.369373221042504,71.64005991982285,kidneybeans
22.0,73.0,84.0,18.62242956965662,16.931557025250576,5.128629262789527,86.50344677297531,chickpea
39.0,48.0,19.0,29.331400358132452,46.63370806970029,6.075616902583912,116.35850637253893,pigeonpeas
60.0,44.0,23.0,24.7947077,70.04556743,5.722579819,76.72860067,maize
82.0,29.0,35.0,26.67377159,52.24226285,6.246872394,156.15438980000005,coffee
13.0,75.0,22.0,20.744188292418713,64.33437025353221,4.9764295545476225,31.286373627320263,lentil
6.0,13.0,9.0,34.51423957,90.56151463,7.786725333,118.32719679999998,orange
5.0,77.0,19.0,31.08564994,66.68832981,6.242052013,175.9303271,pigeonpeas
131.0,56.0,20.0,22.00817088,81.83896111,7.762647875,92.23645249,cotton
105.0,74.0,45.0,25.14517635,81.38204104,6.098369122,119.218154,banana
17.0,74.0,17.0,26.03026959,69.55863145,7.393210848,37.11395801,lentil
28.0,43.0,20.0,26.43457082853198,87.84780050527274,6.014665808313236,43.91319233563431,mungbean
65.0,62.0,51.0,31.53243779,90.87394933,6.5116248410000015,207.0735119,papaya
90.0,57.0,24.0,18.92851916,72.80086137,6.158860284,82.34162918,maize
8.0,45.0,15.0,28.09568993,60.98353839999999,4.61136408,33.84110759,mothbeans
35.0,60.0,24.0,27.31522777381155,39.46207401803055,5.286370406687877,53.289248258881045,mothbeans
65.0,54.0,39.0,23.75091572,71.14782585,7.124571593,160.0889553,jute
21.0,62.0,79.0,18.507916693932348,19.115520038448302,5.115919091811542,75.50688365172748,chickpea
30.0,120.0,200.0,38.06099482,82.24729637,6.234904253,65.70148216,grapes
21.0,23.0,42.0,19.54128063,90.29751796,6.902751061,104.3739878,pomegranate
30.0,41.0,15.0,24.83206631,44.17085032,5.88509677,52.0810886,mothbeans
26.0,68.0,21.0,34.409155368361255,65.51503971386978,5.056733419715384,52.43026640905962,blackgram
6.0,66.0,18.0,22.555037705548035,17.786997467180193,5.747181080436931,112.13581077699777,kidneybeans
7.0,60.0,25.0,28.2753171,82.76020821,6.397636709,56.04995423,mungbean
93.0,26.0,27.0,24.59245684,56.46829641,7.288211994,137.70440469999997,coffee
27.0,56.0,20.0,29.2114218,87.11497805,6.41874299,51.53848218,mungbean
6.0,48.0,24.0,28.6362812,84.61431076,6.790736339,48.48319335,mungbean
41.0,81.0,78.0,20.62803578623318,19.522357971313827,4.631272610284879,68.37173643553226,chickpea
12.0,55.0,22.0,19.710384051128308,64.09198846148809,5.347855292335507,31.941878004658815,lentil
67.0,51.0,24.0,23.50297882,61.32026065,5.584171461,64.77791424,maize
54.0,40.0,15.0,22.710156782798336,64.59689227357318,4.5,74.53219672059798,maize
24.0,72.0,16.0,25.557290271229398,62.71380949838969,6.5,36.16433239600719,lentil
22.0,60.0,18.0,19.59221047,61.28633405,6.74398035,41.7704893,lentil
24.0,77.0,22.0,19.8549843198438,20.482725460127543,5.861762449925839,98.51078356148027,kidneybeans
119.0,9.0,50.0,26.74550678,83.9195902,6.251286661,40.794305,watermelon
10.0,44.0,24.0,30.99256944,43.02151392,8.0344125,58.27600682,mothbeans
18.0,39.0,19.0,29.379217839367442,84.59699750089193,5.418797743648517,51.145415514,mungbean
26.0,59.0,20.0,27.908193862974212,43.388277519477604,5.463322252129296,111.22973349425986,pigeonpeas
25.0,35.0,20.0,28.90245417,43.35365671,8.923095695,71.90018566,mothbeans
24.0,68.0,17.0,23.623273272102292,72.27652903307805,5.8094248035337435,33.75525466077062,lentil
28.0,130.0,196.0,22.13450646,94.67695747,6.062356467000001,112.9203223,apple
55.0,59.0,46.0,23.517829130544733,81.54830194262854,6.019982663832418,213.81101799292233,rice
17.0,52.0,17.0,27.88352946,86.45147631,6.364967184,44.64407105,mungbean
87.0,6.0,45.0,29.82729394,90.79007335,6.40077205,22.84203589,muskmelon
35.0,56.0,20.0,28.39437341702335,41.41798279005526,4.628520127428301,35.39967226,mothbeans
88.0,49.0,32.0,25.682397842232355,81.35456735024353,5.205381388521582,80.43442123511642,jute
43.0,68.0,16.0,15.758125871466971,25.02538174503571,6.5,137.16791522916515,kidneybeans
111.0,50.0,15.0,25.16820129,80.30351815,7.884550475,84.62419032,cotton
31.0,40.0,22.0,29.40889385,86.16063492,6.365513634,53.35486977,mungbean
34.0,54.0,24.0,31.2119298,41.55934359,5.026003659,68.80141783,mothbeans
8.0,6.0,33.0,28.27804288,93.64761266,6.095261012999999,171.9457959,coconut
44.0,55.0,25.0,29.6321052,65.91359954,7.42160832,71.16331975,blackgram
78.0,43.0,42.0,21.32376327,83.00320459,7.283736617000001,192.3197536,rice
79.0,43.0,39.0,21.66628296,80.70960551,7.062779015,210.8142087,rice
75.0,66.0,24.0,18.94190238798079,68.83802213748545,5.5240579117305995,73.94686316160688,maize
8.0,120.0,196.0,24.06679352,82.66396666,6.053662544,69.81855775,grapes
22.0,133.0,201.0,23.81995682,80.12211649,6.00299607,67.27398640000001,grapes
44.0,76.0,19.0,33.80508917451767,63.04105656891142,5.6722122174878145,53.879169929286995,blackgram
51.0,72.0,15.0,30.71089722239725,61.34082077692733,5.296602784054229,72.62696370603737,blackgram
8.0,28.0,37.0,23.88404783,86.20613842,6.082571701,108.3121789,pomegranate
34.0,48.0,26.0,19.896438321477348,49.68329802956632,5.2190940713166425,140.824883345,pigeonpeas
97.0,74.0,45.0,26.47522633,78.51833782,5.677719902000001,113.1161095,banana
16.0,29.0,13.0,32.31944397,93.67804556,6.196907944,117.6236473,orange
116.0,40.0,33.0,24.91370487,54.15319242,7.042089492000001,129.5481144,coffee
82.0,56.0,47.0,22.09428900479294,81.46748311865701,5.872667849769732,112.76870991329645,jute
56.0,75.0,23.0,34.7256089633375,62.0570984330591,4.617554243187638,46.04205965693248,blackgram
3.0,56.0,17.0,28.19912143,53.50567601,8.709291687999999,52.13580529,mothbeans
42.0,80.0,70.0,19.981709092760788,16.336481465164848,4.836024429722153,64.29178902591723,chickpea
4.0,18.0,37.0,22.91843172,85.40695044,7.13147457,106.2817706,pomegranate
102.0,73.0,54.0,26.4020227,84.41007614,5.720726906,111.0162259,banana
6.0,30.0,40.0,22.77035608,91.45498527,6.36137446,106.9659201,pomegranate
88.0,49.0,36.0,29.03889984286865,71.43310009089379,5.969842872816135,124.71262034123885,jute
89.0,28.0,33.0,26.44414097,53.83876189,6.9932360010000005,175.3723314,coffee
4.0,48.0,17.0,30.14557646094971,63.99413559500756,5.4289366417512595,55.22790213457995,mothbeans
79.0,52.0,18.0,18.002944631223095,65.43520181230085,4.697640955266375,89.27388601545988,maize
21.0,41.0,18.0,31.60111067306246,75.10871845246733,5.4001485572484995,36.831003083152765,mungbean
29.0,16.0,36.0,19.81069447,88.92944254,5.7403380020000006,102.860084,pomegranate
72.0,41.0,36.0,26.50838667,86.84264005,6.065898282999999,152.9801697,jute
40.0,55.0,22.0,22.935891403681826,47.71463771396215,4.987293580420437,25.23071816208406,mothbeans
20.0,79.0,77.0,18.54988627,16.02542689,7.64867466,76.32565249,chickpea
87.0,25.0,46.0,27.42711692,90.02696201,6.379690748,21.7508774,muskmelon
40.0,21.0,8.0,34.90665289,92.87820148,7.418761774,102.1906333,orange
33.0,46.0,22.0,25.64472093184045,50.16728186151266,5.71589485580358,42.689153257690194,mothbeans
23.0,69.0,87.0,21.467155670633705,16.493454099903936,5.143827509328058,77.49589469546504,chickpea
92.0,20.0,55.0,25.10474753,87.52676159999999,6.5877912620000005,59.26519444,watermelon
20.0,52.0,25.0,18.460292694730658,20.535105077667275,4.906378866029936,81.6616591708528,kidneybeans
8.0,58.0,17.0,28.75273118,69.15640149,7.286049977999999,35.15426171,lentil
3.0,48.0,18.0,28.58570540679603,59.64468348584574,5.019352613854397,56.76545269344761,mothbeans
3.0,134.0,199.0,20.28370163,81.32235739,5.81717753,71.06611222,grapes
79.0,38.0,40.0,19.05248389148796,77.10539450314923,5.636951551654336,185.1515299002226,rice
85.0,35.0,32.0,26.24928198,54.28617819,6.854011265,133.1120232,coffee
38.0,138.0,204.0,25.11108456,83.25447587,6.325480034,73.01026829,grapes
82.0,24.0,26.0,24.31274458,53.57285558,6.089443602999999,184.4103931,coffee
23.0,78.0,82.0,16.644931835802183,18.534587494924956,6.446599104250793,68.83628809105127,chickpea
16.0,143.0,197.0,22.61711614,93.51978375,5.90402645,116.9256766,apple
100.0,35.0,36.0,25.31042337,72.01364411,6.346715209,190.5577618,jute
29.0,138.0,197.0,22.19055385,92.43764169,5.830892252000001,121.6622761,apple
31.0,69.0,15.0,26.26841034839885,63.865003913449264,5.3983501960912035,71.98403922341834,blackgram
18.0,12.0,8.0,12.59093977,91.81668769,6.206053072,119.39167179999998,orange
108.0,36.0,19.0,22.78249615,77.51235009,7.238566893,64.61444234,cotton
12.0,73.0,18.0,17.524512065962256,19.060952215096982,5.340471663922365,153.42945258564802,kidneybeans
11.0,48.0,27.0,27.687731583543528,88.29112758180057,4.954995403042801,40.76317702724626,mungbean
76.0,44.0,17.0,20.41683147,62.55424820000001,5.855442401,65.27798457,maize
118.0,15.0,45.0,24.21495706,84.20576992,6.538006356,48.01138482,watermelon
38.0,15.0,30.0,28.91862016,48.13974548,5.075504537,97.01331604,mango
27.0,38.0,25.0,25.910853508497773,60.91389312324987,4.961019862367461,34.616978849164724,mothbeans
10.0,55.0,23.0,21.18853178,19.63438599,5.728233081,137.1948633,kidneybeans
99.0,55.0,35.0,21.7238313,80.2389895,6.501697816,277.9626192,rice
21.0,78.0,19.0,27.16159076,66.76017239,6.92009048,69.85112265,blackgram
34.0,133.0,202.0,15.31413469,80.09711412,5.804799142,74.82144653,grapes
24.0,130.0,195.0,29.99677232,81.54156612,6.112305667,67.12534492,grapes
113.0,38.0,20.0,22.10718988,78.58320116,6.364729934,74.94136567,cotton
58.0,46.0,35.0,25.415362587163614,80.29526685996855,4.684398026907779,117.69505638336328,jute
77.0,36.0,42.0,26.85186502148979,75.14720032082857,4.776692032298086,198.58665220623993,rice
27.0,68.0,15.0,20.250400121621833,18.48979437652742,6.096467506443152,97.93413812844604,kidneybeans
23.0,24.0,32.0,28.1218093,46.16888595,5.630619901,93.30247448,mango
6.0,139.0,199.0,25.67385024,81.6212135,6.29099842,74.10919422,grapes
110.0,71.0,54.0,28.67208915,82.20793613,5.725418961,94.37987496,banana
134.0,52.0,18.0,23.9643129,76.59175937,7.994679507000001,76.13090645,cotton
43.0,55.0,21.0,29.37733526402749,39.97219403385098,5.200794876269761,40.300512935319375,mothbeans
26.0,80.0,83.0,17.08498521,16.14565756,7.528599957000001,71.31007253,chickpea
28.0,123.0,202.0,22.76643029,92.12438519,6.442289294,120.4359949,apple
19.0,51.0,25.0,26.80474415,48.23991436,3.5253661,43.87801983,mothbeans
12.0,129.0,205.0,22.36238282,91.15761594,6.119432215,118.68327250000002,apple
27.0,138.0,201.0,23.66682067,93.90191078,5.952367662,105.4004751,apple
18.0,125.0,204.0,22.35548159,94.47811755,6.046673619,116.7366261,apple
74.0,54.0,38.0,25.65553461,83.47021081,7.120272972,217.3788583,rice
78.0,37.0,22.0,25.34217103,63.31801994,6.330554389,74.52082026,maize
91.0,38.0,38.0,25.340150512635716,77.63979581352325,5.376049386849309,140.32068833948944,jute
102.0,57.0,41.0,22.7655853506973,83.3489498892584,5.619875824697891,160.40481974349495,rice
5.0,44.0,19.0,22.93237081114432,59.561296888191876,5.494617125229258,59.30654843000042,mothbeans
20.0,74.0,16.0,36.04353699,43.61444121,4.759490199,159.8938645,pigeonpeas
104.0,73.0,46.0,29.1400919,80.1190228,6.28236237,90.45142867,banana
100.0,24.0,28.0,25.59535262,57.72920846,7.101661011,195.7733251,coffee
86.0,76.0,54.0,29.3159075,80.11585705,5.926824754,90.10978128,banana
11.0,45.0,19.0,28.70012137,44.359648,3.828031463,44.11622138,mothbeans
98.0,27.0,27.0,24.71384065,51.29142534,7.238109556,197.6439711,coffee
23.0,46.0,17.0,29.52632309256671,77.18413040344626,5.1967995641969384,30.987205137833104,mungbean
85.0,89.0,51.0,29.21144871,84.70189923,6.1581644220000005,108.5501443,banana
83.0,54.0,19.0,26.976845605806673,70.62810034424014,6.5,118.70693437999999,maize
25.0,62.0,23.0,26.070188447574875,37.88021407638345,6.4902431650800745,106.910104972868,pigeonpeas
0.0,19.0,31.0,25.51791333,94.38420565,6.271952832999999,178.7297725,coconut
9.0,56.0,17.0,25.153890672018278,67.8581302396097,5.369734618485338,34.927299423981374,lentil
12.0,75.0,23.0,23.6317936110832,60.7130448638802,5.18670412304415,35.763049668199386,lentil
91.0,56.0,37.0,23.43191632,80.56887849,6.363472207999999,269.5039162,rice
39.0,60.0,21.0,34.89814946,63.59948557,6.97297656,64.72797143,blackgram
24.0,85.0,17.0,20.20357622687928,22.14395612469333,5.7653607661306,103.20951504052584,kidneybeans
0.0,53.0,29.0,27.765705907510895,45.456289673063516,5.690914550826845,32.87811427155044,mothbeans
21.0,71.0,18.0,33.32498635976673,62.133514278021764,6.28340953800907,30.85555724,blackgram
76.0,56.0,39.0,24.39459498,89.89106506,6.551130445,197.1220049,jute
26.0,72.0,22.0,28.76794904,37.57792132,4.674941549,91.72084869,pigeonpeas
67.0,42.0,40.0,22.707936317533107,83.24232487322597,5.66441066239825,161.25166575954034,rice
70.0,44.0,41.0,28.531011592323626,82.0226284286692,5.129280730753416,133.959785785883,jute
89.0,25.0,50.0,27.04863538,91.34685096,6.375923383,25.08146686,muskmelon
42.0,62.0,75.0,18.17912258,18.90426935,7.010570541,81.84997529,chickpea
1.0,65.0,21.0,27.60904561311423,80.76359545516893,5.371063348819536,43.898801528514895,mungbean
11.0,41.0,19.0,26.85911286,41.81420849,5.131779302,44.13827124,mothbeans
25.0,60.0,22.0,21.63149148,21.17919701,5.887263027,134.3649948,kidneybeans
8.0,54.0,20.0,28.3340432,80.77275974,7.034214276,38.7976407,mungbean
22.0,78.0,76.0,17.84851658,19.09172907,8.621662982,76.32470713,chickpea
43.0,68.0,24.0,33.43822224565741,68.77881410439083,5.663891276028368,72.00831616595312,blackgram
31.0,56.0,24.0,27.5563038573504,42.144586532209175,5.689411109968143,114.50620180358676,pigeonpeas
38.0,62.0,75.0,18.16841140585916,18.23989435249593,4.859121211737533,64.41490833979205,chickpea
78.0,58.0,44.0,26.80079604,80.88684822,5.108681786,284.4364567,rice
90.0,49.0,21.0,24.84016732,68.3584573,6.4725232870000005,74.05474936,maize
22.0,76.0,20.0,20.986466808215923,73.02214129933027,4.808918464069529,37.92657586376171,lentil
56.0,65.0,45.0,38.2016825,93.97379963,6.751298936,218.09088140000003,papaya
71.0,51.0,45.0,25.406826742950518,76.02953515180675,5.871886734691435,110.42508931527375,rice
34.0,65.0,19.0,23.43974653,63.22011726,5.94239222,45.40277297,lentil
119.0,72.0,55.0,25.99069521,83.33983116,6.220643671,112.0777152,banana
47.0,60.0,16.0,28.06052618781804,69.72045323048583,5.627413749230647,67.98874206433852,blackgram
5.0,68.0,20.0,18.72987676,61.33186249,5.001038726,139.8710041,pigeonpeas
2.0,131.0,199.0,22.47420512,91.22759742,6.017370134,124.2179699,apple
31.0,13.0,33.0,29.69952329,95.21224392,6.342463714,148.30036919999995,coconut
4.0,24.0,43.0,22.40423537,88.1508343,7.199504273,109.8695196,pomegranate
15.0,60.0,14.0,28.592453738414978,53.10436044299997,5.343191371728795,74.02281655282079,mothbeans
24.0,59.0,82.0,17.63863407184655,15.386973910867798,6.0670860304477365,44.98908287873357,chickpea
126.0,37.0,21.0,25.84997269,84.16855231,6.61448588,77.03421249,cotton
40.0,27.0,45.0,21.66024980000001,94.79397419,5.885638185,112.4349689,pomegranate
39.0,24.0,14.0,30.55472573,90.90343769,7.189259647,106.0711985,orange
1.0,57.0,21.0,28.186825530314604,87.39330083118622,5.191943130449687,29.224539063957668,mungbean
25.0,40.0,21.0,27.73329078,81.13903037,6.248900919,44.17580911,mungbean
3.0,68.0,17.0,18.159945911729007,35.488896598290836,6.458757040954719,75.36573684991747,pigeonpeas
24.0,67.0,22.0,20.120043,22.89845607,5.618844277000001,104.6252153,kidneybeans
98.0,44.0,21.0,25.77175115,74.089114,6.524478032,107.4931917,maize
102.0,37.0,25.0,25.31468463,77.91757121,5.907930899,72.82902109,cotton
46.0,76.0,75.0,21.618396631319207,19.49693948856387,5.150608935897274,85.99819455320339,chickpea
33.0,63.0,24.0,20.36639335252341,23.947816658968,5.674883457362689,73.23300979018445,kidneybeans
19.0,65.0,18.0,21.456124962459484,23.255747907864585,5.195720245154862,94.39914066166001,kidneybeans
20.0,69.0,15.0,23.44260668,22.77255917,5.934136378,107.4137246,kidneybeans
89.0,25.0,34.0,23.07895447,63.65861483,7.184801627000001,129.8765443,coffee
84.0,51.0,35.0,22.30157427,80.64416466,6.043304899,197.9791215,rice
22.0,50.0,14.0,28.173257018465286,81.06379152157646,6.174267342889809,28.323289846466412,mungbean
67.0,59.0,41.0,21.94766735,80.97384195,6.012632591,213.3560921,rice
31.0,130.0,198.0,21.80129837,92.73446667,5.554823557000001,120.05866709999998,apple
21.0,31.0,32.0,35.38598705,51.42664176,5.254532213,90.29643888,mango
100.0,76.0,45.0,25.56703012,75.94067692,5.590236025,102.7867717,banana
106.0,40.0,30.0,23.42611644,64.10651528,6.779984384,122.6847408,coffee
10.0,37.0,22.0,28.7275267,89.12760359,7.0697478139999985,58.52974279,mungbean
5.0,79.0,17.0,32.46804970807234,70.22787550304291,4.530279070168954,172.52210575418195,pigeonpeas
56.0,79.0,15.0,29.48439992,63.19915325,7.454532137,71.89090748,blackgram
24.0,63.0,19.0,19.3479443,55.96805489,4.681576043,194.5921148,pigeonpeas
6.0,47.0,18.0,29.16174608,80.28038146,6.715276662999999,40.16545979,mungbean
81.0,41.0,16.0,23.09324663801399,71.54719708643867,5.417097073274134,64.1196482492606,maize
34.0,75.0,24.0,23.50222822,51.29019509,4.760038038999999,192.3023991,pigeonpeas
82.0,40.0,40.0,23.83067496,84.81360127,6.271478837999999,298.5601175,rice
84.0,50.0,44.0,25.48591986,81.40633547,5.9353444060000005,182.6549356,rice
37.0,63.0,92.0,15.756089928684554,16.037032945012587,6.020045118903333,42.09933642897353,chickpea
67.0,41.0,41.0,23.633845653068878,83.83869522232786,5.8277855644859216,113.4620483791533,rice
81.0,54.0,20.0,24.913795718752233,60.41389940115917,5.857067521717386,73.07463714152675,maize
35.0,51.0,17.0,28.79929247,49.84213387,3.558822825,40.85534718,mothbeans
35.0,57.0,83.0,19.48316794,17.44534641,7.476800943,80.4986291,chickpea
20.0,19.0,35.0,34.17719782,50.62161586,6.113935087000001,98.00687989,mango
107.0,38.0,29.0,26.65069302,57.56695719,6.35118177,145.105065,coffee
120.0,7.0,47.0,24.24782473,83.03687902,6.653867608,54.76576239999999,watermelon
7.0,68.0,28.0,18.186456998495657,62.03971002564219,4.599949032608533,45.59433574470324,lentil
83.0,53.0,18.0,23.08405240171749,76.01240057862385,5.085702929441795,84.74265626282981,maize
7.0,77.0,18.0,20.5591255,60.54880693,6.655918077999999,191.0895109,pigeonpeas
30.0,64.0,19.0,27.424964204992612,64.34191364942667,5.044719177458424,45.00266926088562,lentil
29.0,44.0,16.0,28.667747291190093,83.06471442895999,4.965206052652395,46.259856961895196,mungbean
7.0,56.0,23.0,26.33908791,40.00933429,5.545219232000001,55.50429227,mothbeans
93.0,85.0,49.0,27.96799119,79.28625709,5.694243847,119.4765557,banana
17.0,70.0,16.0,18.883045070849104,58.98081709951523,4.631719899894468,42.47732572830448,lentil
9.0,21.0,32.0,32.26935342,53.56092806,5.870116071,95.94035356,mango
57.0,64.0,55.0,26.68386496,92.9585411,6.5837604989999985,62.50689682,papaya
22.0,95.0,19.0,20.165507318477303,22.39346841202828,5.402927573248435,91.20933430190316,kidneybeans
5.0,68.0,24.0,26.666499511521486,66.55370079656848,5.1190409925208415,96.44151392774943,pigeonpeas
21.0,20.0,31.0,25.60033702,99.7240104,5.855457599,165.82487319999996,coconut
66.0,60.0,24.0,18.131946662940756,63.87779732326193,5.308613186927648,62.79774534170063,maize
111.0,88.0,55.0,29.44795403,78.34971537,5.505393832999999,96.45042585,banana
109.0,57.0,40.0,26.98575114434029,84.30530024489852,5.965437410978177,127.89296697493903,jute
94.0,37.0,32.0,25.017756929602893,74.96565072138783,4.694600453662807,119.70808372171616,jute
40.0,64.0,47.0,32.50037548,93.47888842,6.893509446,71.73759526,papaya
35.0,140.0,197.0,16.77557314,82.75241875,6.106190557000001,66.76285469,grapes
20.0,40.0,15.0,29.57329479,88.07505524,7.199495367999999,45.04467075,mungbean
94.0,91.0,51.0,29.16093424,76.67484233,5.6180944460000015,109.575944,banana
94.0,70.0,48.0,25.13686519,84.88394407,6.195152442,91.46442491,banana
12.0,80.0,19.0,21.91041045,65.21662467,5.962001484,36.10211371,lentil
0.0,133.0,200.0,23.67287749,90.4935574,5.708418722,104.2298028,apple
45.0,66.0,75.0,18.256075970011036,18.98895364030724,5.903043229692766,59.37822292834216,chickpea
10.0,65.0,18.0,24.642192261122492,71.59401085977518,5.1803899160375515,45.724188168245846,lentil
70.0,33.0,40.0,22.326961484366027,76.78186006284486,5.396095130949972,76.8723699,jute
36.0,54.0,46.0,42.54744013,94.94482086,6.662875839,214.41038480000003,papaya
95.0,21.0,47.0,27.93114233,93.56161439,6.431970877,20.66127836,muskmelon
25.0,68.0,77.0,20.09340593,15.11279612,7.701446446,85.74904898,chickpea
37.0,57.0,20.0,31.1006247,44.82069159,7.354286985,70.79934452,mothbeans
54.0,52.0,25.0,23.132601969496058,61.345653093865,6.149885791647135,64.45545982761311,maize
100.0,53.0,17.0,26.21109032634898,64.26938222586712,5.39894408075301,58.11377192777224,maize
32.0,56.0,21.0,27.38538997,88.66663953,6.702772465,58.29933073,mungbean
4.0,65.0,21.0,24.387176611024508,62.3846481129613,5.217922207690356,41.30731973625565,lentil
34.0,58.0,15.0,27.527844161651515,50.337491605841166,5.475764530752421,38.72618320728355,mothbeans
109.0,23.0,25.0,25.11711046,68.48030408,7.00733163,194.8773479,coffee
8.0,52.0,21.0,28.10026719676574,86.67684279341283,6.4142640273668485,29.40127579988797,mungbean
25.0,7.0,35.0,28.38503882,99.18843684,5.55771171,189.67113490000003,coconut
60.0,59.0,22.0,31.86847286,66.74217464,7.191522601,74.22238583,blackgram
53.0,43.0,44.0,23.145209195166,88.81650711944933,5.111316820521878,108.0145055509081,jute
40.0,140.0,195.0,14.97846952,80.49979873,6.2943956760000015,71.63437433,grapes
99.0,92.0,47.0,28.127950899999995,77.48247073,6.3239336470000005,103.5045395,banana
115.0,31.0,30.0,24.22984659,67.37768353,6.840927967000001,122.4073418,coffee
95.0,16.0,46.0,27.076726500000003,90.14362622,6.74669542,24.4514648,muskmelon
27.0,139.0,205.0,22.48403042,93.40819246,5.7721799460000005,105.5473627,apple
101.0,31.0,26.0,26.70897548,69.71184111,6.861235184,158.86088869999998,coffee
82.0,35.0,35.0,25.49386782,86.97061481,7.299076163,176.5268267,jute
27.0,73.0,79.0,19.16288268,15.83500655,7.354973451,82.69766829,chickpea
95.0,12.0,51.0,25.76484262,84.17269959999999,6.681606702000001,44.22066914,watermelon
22.0,49.0,22.0,28.23494706,61.5620517,3.71105919,72.66666443,mothbeans
9.0,51.0,19.0,27.04453473,49.32609633,5.49091063,48.25207759,mothbeans
112.0,49.0,25.0,25.68959532,77.90621048,6.470135478,66.19426787,cotton
66.0,36.0,17.0,21.08691308597663,67.15343718054511,5.367873815877725,74.63160711609429,maize
12.0,78.0,18.0,21.248343768720073,65.68077550644462,5.193529909813622,34.66294878145576,lentil
11.0,72.0,20.0,19.52226241,24.92607153,5.9511774520000005,113.334026,kidneybeans
13.0,67.0,19.0,18.716544688701127,64.22997864157114,5.595631360162542,45.581318193890624,lentil
117.0,25.0,53.0,29.11858526,92.12543021,6.413927319,24.52020164,muskmelon
102.0,55.0,40.0,28.921180031682006,86.93825941895429,5.033969660991218,300.0,rice
25.0,55.0,21.0,17.65974489621716,22.244347955319736,6.245546653543792,66.49829220497438,kidneybeans
116.0,25.0,50.0,29.26092798,92.92367701,6.088885814,28.70627683,muskmelon
28.0,84.0,17.0,23.481958900598872,19.699583092313947,5.570177061867959,73.80147920849359,kidneybeans
36.0,19.0,32.0,27.10710832,50.70880979,4.94295037,92.37238878,mango
11.0,46.0,24.0,27.65280218,89.80650642,6.459252023,56.52558045,mungbean
27.0,58.0,18.0,26.669473923035035,93.98298678246408,6.039354652575098,40.28791550414889,mungbean
95.0,74.0,50.0,25.90113128,80.47152737,6.002481605,110.10323,banana
0.0,23.0,15.0,22.56664172,93.37488907,7.598729065,109.8585753,orange
15.0,70.0,18.0,22.577385811424513,64.88342191351076,5.977793507448576,31.121250163244962,lentil
35.0,62.0,19.0,29.94578331435543,50.017853680991294,4.86859804536016,51.576728942731066,mothbeans
51.0,52.0,10.0,28.341262871205036,65.19514407241682,4.981662875844236,35.684737625,blackgram
42.0,36.0,24.0,30.26476890467074,60.08769445435875,4.89857254801947,39.138357928,mothbeans
12.0,142.0,203.0,31.3115978,82.56407013,5.972850837999999,65.01095312,grapes
85.0,9.0,53.0,28.20619412,92.86798698,6.447662945,28.78654515,muskmelon
71.0,35.0,24.0,22.27373646,59.52193158,5.826426917,67.96704792,maize
16.0,50.0,20.0,30.750267360795103,89.45054712091974,5.542786241346768,48.40529350481727,mungbean
131.0,35.0,18.0,24.49112609,82.24415809,7.0576933660000005,64.02949379,cotton
5.0,38.0,19.0,27.47144212108918,48.449336124161,5.511741562207571,50.63197578709367,mothbeans
37.0,36.0,18.0,31.950876415243368,87.93275762256131,5.6653124305328495,38.62787681854873,mungbean
11.0,74.0,17.0,21.36383757,69.92375891,6.633864582,46.6352865,lentil
81.0,60.0,23.0,25.85255984856732,62.84333618572471,5.627585774454618,81.26900713985954,maize
35.0,80.0,25.0,28.09269012,44.93322042,4.895927306,197.1144011,pigeonpeas
131.0,49.0,22.0,25.49848236,79.9751579,7.306918817000001,67.05961949,cotton
34.0,6.0,30.0,27.0828252,97.00155491,5.948342571,171.7575545,coconut
31.0,54.0,22.0,17.88673792095796,16.820355907289976,5.0963863990436336,104.04486504805594,kidneybeans
37.0,135.0,205.0,11.82768186,80.2827185,5.5109248489999985,74.10225057,grapes
33.0,77.0,22.0,30.554527987816524,68.33578388466002,6.305571191516108,45.93618541105233,blackgram
33.0,74.0,22.0,23.456668116031704,60.46404743375113,6.467476816550028,146.17760153146568,pigeonpeas
31.0,70.0,77.0,20.88818675,14.32313811,6.492546046,90.46228334,chickpea
37.0,65.0,16.0,22.8352024,18.97267518,5.683548308,63.59276673,kidneybeans
26.0,77.0,86.0,18.340678002512963,15.77585596478993,5.108900231315059,46.25919724207047,chickpea
9.0,60.0,23.0,31.96987867,57.17377029,6.2760043360000015,64.25520357,mothbeans
34.0,64.0,19.0,24.356860614046397,18.965955903139832,5.228459778259531,68.21358949601442,kidneybeans
25.0,67.0,16.0,23.788447544273176,72.03962248811736,6.407215176317571,20.727433095,lentil
82.0,46.0,40.0,22.431630054310972,80.04154397073943,5.6276496259064865,124.0474756253864,jute
3.0,67.0,24.0,17.00067625,19.90790546,5.5208800139999985,103.2926407,kidneybeans
51.0,74.0,61.0,20.39291334719297,14.423226918558662,6.338350466970202,40.05566920000001,chickpea
21.0,80.0,20.0,28.20667264,68.27085245,7.350869792,64.32887142,blackgram
31.0,62.0,52.0,33.7960155,93.00754254,6.99104104,182.026807,papaya
114.0,20.0,26.0,25.55656667,62.67087838,7.27905689,193.5866233,coffee
23.0,55.0,16.0,21.01142393,69.69141302,5.111488821,185.2039114,pigeonpeas
35.0,54.0,23.0,32.44952601112881,46.04877929782498,5.8557912733709365,30.794779720878463,mothbeans
44.0,81.0,26.0,21.796783265648024,55.072657141463566,5.244260169112422,143.368315153335,pigeonpeas
10.0,71.0,18.0,19.54284889,66.34777265,6.151029296,173.11069819999997,pigeonpeas
91.0,50.0,40.0,25.650178763188062,82.06976324037775,4.598564299079384,179.50835135613468,rice
58.0,66.0,79.0,20.99373558,19.33470387,8.718192847000001,93.55280105,chickpea
6.0,8.0,11.0,24.35590861,92.39651663,6.600948787999999,119.6946577,orange
130.0,59.0,19.0,25.07278712,82.50257909,6.520403794,93.51042684,cotton
36.0,43.0,21.0,28.36319404,84.8593608,7.140437859,52.93031105,mungbean
59.0,60.0,84.0,19.03025305,18.66725565,7.690962337999999,94.70992037,chickpea
34.0,66.0,17.0,18.81097271,21.27833035,5.889614577000001,125.084915,kidneybeans
2.0,21.0,44.0,18.92157197,87.31290342,6.56893406,102.8013275,pomegranate
31.0,11.0,45.0,24.83954414,86.88738076,6.034612928,107.6435771,pomegranate
22.0,9.0,44.0,24.72235539,88.87651295,5.744361602000001,112.1926517,pomegranate
32.0,71.0,85.0,20.62767492,14.44008871,6.4039823160000005,92.06630306,chickpea
94.0,49.0,24.0,27.90380532235571,56.4443217391323,4.5,64.75063733840365,maize
20.0,45.0,22.0,29.5888162,89.9939693,6.904587016,54.96121262,mungbean
9.0,16.0,36.0,23.77989026,92.93386903,5.893332377999999,106.977723,pomegranate
11.0,132.0,197.0,15.99050693,81.23966573,5.7343170070000005,74.40198861,grapes
69.0,47.0,24.0,18.320955024360742,64.47272886623307,5.646578236285238,84.76864553794483,maize
38.0,55.0,19.0,33.18184225,38.23184742,5.864623352000001,198.8298806,pigeonpeas
11.0,77.0,19.0,19.854570793650694,26.183716224439138,4.88215431877361,99.21378768513912,kidneybeans
83.0,7.0,45.0,29.08417927,90.73891887,6.704104127000001,25.33014238,muskmelon
14.0,84.0,21.0,25.562619469246012,20.319384202683654,5.854945039791673,69.31685407199998,kidneybeans
95.0,82.0,48.0,27.39489579,83.31172003,5.719014989,92.78133617,banana
38.0,14.0,37.0,21.80523051,94.63612858,6.658402594,102.6488846,pomegranate
32.0,73.0,22.0,31.32542601900199,61.607425328912015,4.5663694431675905,70.71069858974565,pigeonpeas
98.0,8.0,51.0,26.1793464,86.52258079,6.25933595,49.43050977,watermelon
22.0,55.0,16.0,23.7937153,68.03209183,6.516317561,49.73922097,lentil
94.0,53.0,40.0,20.27774362,82.89408619,5.718627177999999,241.9741949,rice
93.0,81.0,50.0,27.71822477,76.57853189,6.0360792660000016,102.2099836,banana
35.0,34.0,19.0,31.04756051750499,82.78547582215627,6.036882978911053,20.1111484401427,mungbean
15.0,27.0,28.0,33.80398664,46.12866113,4.507523551,90.82549241,mango
50.0,46.0,52.0,31.18298415,90.21646909,6.734005647999999,54.01872359,papaya
40.0,62.0,19.0,27.32198928,34.13737127,4.697750704,96.51524028,pigeonpeas
32.0,139.0,198.0,35.89307536,82.66850729,6.358186848,66.53946559,grapes
14.0,75.0,21.0,30.982066597998017,53.45010803733264,5.168264498944866,119.4673390905287,pigeonpeas
87.0,14.0,48.0,29.69238699,92.58862544,6.606033244,29.1102594,muskmelon
0.0,19.0,33.0,27.1326009,95.23797989,6.234458417000001,204.7206567,coconut
41.0,56.0,21.0,21.017451924181728,58.12172588687484,5.904980423864309,47.39986212188666,lentil
100.0,14.0,49.0,29.48882958,91.07574233,6.365956657999999,26.01909355,muskmelon
36.0,7.0,37.0,19.8671184,86.35590206,5.782435567,108.3168858,pomegranate
22.0,65.0,86.0,19.50116086872831,17.80772548647954,6.457620406736618,50.79899299509628,chickpea
37.0,11.0,36.0,24.24779615,85.56033312,6.710143266,106.9216033,pomegranate
83.0,57.0,19.0,25.73044432,70.74739256,6.877869005,98.73771338,maize
27.0,73.0,26.0,27.90144133922443,65.28286168982534,5.320815339928378,39.33513431441907,lentil
126.0,38.0,23.0,25.36243778,83.63276077,6.176716425,88.43618918,cotton
38.0,132.0,197.0,20.42094753,81.54185044,5.931101816,66.93065667,grapes
13.0,61.0,22.0,19.44084326,63.27771461,7.728832424,46.83130119,lentil
60.0,56.0,31.0,25.57818135226122,84.29528542042102,5.402477786030143,121.88708851731326,jute
75.0,41.0,35.0,24.97042599,78.62697699,6.856833064,166.6415254,jute
53.0,73.0,77.0,19.71359733,18.09665739,7.325451279,73.64476535,chickpea
69.0,64.0,47.0,40.21199348,94.50766912,6.993473247000001,186.6762324,papaya
42.0,79.0,85.0,17.22385224,15.82069268,6.129533877,76.57580954,chickpea
22.0,18.0,31.0,30.764551500000003,47.93791463,5.956027059,90.38503469,mango
12.0,73.0,20.0,20.055871273081753,25.88398515184949,5.4253319762174135,91.81333260342822,kidneybeans
89.0,83.0,47.0,28.09577643,77.79586769,5.63127166,109.5408614,banana
8.0,139.0,199.0,29.36947679,81.53996362,6.3364266670000005,66.13442813,grapes
93.0,47.0,37.0,21.53346343,82.14004101,6.500343222000001,295.9248796,rice
63.0,58.0,50.0,43.03714283,94.6428898,6.720744449,41.5856585,papaya
32.0,52.0,25.0,26.037550968234502,85.3446211916496,5.535271020167894,48.67319919011622,mungbean
11.0,77.0,21.0,25.341295056252434,23.298728427357684,5.911707821692591,90.9937544778194,kidneybeans
19.0,21.0,34.0,30.01592643,53.19212381,5.074272692,97.72843182,mango
28.0,71.0,13.0,31.60914908026985,56.29498128197667,6.160280095243056,27.91125187792889,lentil
60.0,36.0,18.0,17.760952451648546,58.566285331978314,6.189965966109811,78.51483198056543,maize
33.0,82.0,16.0,23.571048799075346,71.26101547991779,5.151157813268006,27.450522875753894,lentil
50.0,66.0,22.0,27.062376574035277,65.74635846284943,4.998108138639329,47.60546070743293,blackgram
37.0,57.0,19.0,26.960995724439062,86.60428065469247,5.326807956893804,57.169678123171344,mungbean
101.0,48.0,33.0,22.015922818583565,76.14430151269055,6.072397736270717,138.9813096,rice
61.0,38.0,20.0,18.47891261,62.69503871,5.970458434,65.43835393,maize
46.0,59.0,71.0,17.109871993536984,17.837810723245774,5.563303728904862,60.764203924818986,chickpea
27.0,60.0,22.0,26.277228182950598,61.4703074142727,5.685001685531477,34.30850848087333,lentil
13.0,17.0,45.0,21.25433607,92.65058936,7.159520979,106.2784673,pomegranate
85.0,38.0,41.0,25.595671329336177,86.6936623833673,4.5,155.15357082083503,jute
24.0,131.0,196.0,22.03296178,83.74372787,5.732453638,65.34440794,grapes
11.0,27.0,30.0,27.69637763,48.56224879999999,6.39474303,89.85646496,mango
31.0,94.0,15.0,24.79527007329773,20.202212614362235,5.282325770876554,74.23160604817583,kidneybeans
17.0,73.0,18.0,19.50112224,34.51086611,5.632353113,197.3752649,pigeonpeas
16.0,75.0,18.0,32.138270171538494,50.539753159179,5.274728949930262,122.78970687770516,pigeonpeas
50.0,64.0,25.0,28.84079155,63.37230676,6.734447425,70.25496749,blackgram
36.0,65.0,80.0,18.2872007,16.67921616,6.051091339,74.87445574,chickpea
110.0,39.0,16.0,20.008768226622774,65.3762851664388,5.306654111968792,71.37662379185325,maize
22.0,71.0,21.0,33.04027652937313,64.52858007934299,4.662885388232924,49.16216737592107,blackgram
63.0,50.0,52.0,28.64555584,93.22642604,6.751747609,115.8163936,papaya
22.0,61.0,22.0,14.848017722917914,20.058032098917355,5.658148362791426,48.17925796782537,kidneybeans
105.0,56.0,15.0,25.96779712,81.97904282,7.272316208999999,74.14169043,cotton
75.0,56.0,44.0,25.2746335,73.7459581,6.109478059,168.0432282,jute
3.0,23.0,30.0,29.70143197,95.65754365,6.078807239,215.1968037,coconut
91.0,38.0,36.0,26.5232969,77.17331847,7.287318722999999,157.8548562,jute
30.0,122.0,197.0,21.37784654,92.72043743,5.573241391,106.1417017,apple
10.0,136.0,204.0,21.19852186,92.15595143,6.276198595,105.8554351,apple
56.0,41.0,32.0,23.843397337149554,74.60696787935574,5.308749579694407,97.8785811,jute
90.0,86.0,52.0,25.85036988,81.95580471,5.793260262,119.08561709999998,banana
114.0,30.0,51.0,29.24908541,90.06998135,6.069171847000001,25.93496537,muskmelon
38.0,64.0,21.0,19.057157599244658,20.44106190521371,4.5,75.13020535648637,kidneybeans
59.0,54.0,43.0,26.195103955549776,82.61893507791306,5.908914760183267,90.18411300299661,jute
36.0,29.0,13.0,20.68185224,90.91510525,7.829507245,109.7513927,orange
32.0,43.0,25.0,28.329370192479626,95.05682497843537,5.729771485884708,38.142028989518295,mungbean
37.0,54.0,15.0,28.18423811541989,87.30886447975774,5.588455959557142,48.013746780176525,mungbean
32.0,25.0,35.0,18.09903225,85.70786282,5.892913826,107.0050976,pomegranate
36.0,80.0,21.0,33.64769646,48.41490082,7.066087261,100.4673278,pigeonpeas
18.0,83.0,23.0,33.194020673321994,38.39983309940263,6.008303460326533,162.87223660856998,pigeonpeas
96.0,18.0,50.0,25.3310446,84.30533791,6.904241707000001,41.53218699,watermelon
4.0,71.0,20.0,19.439064466107556,47.35500991625725,5.404396716251847,131.45419408611758,pigeonpeas
25.0,75.0,17.0,24.146829647838608,64.02757014803508,5.282526898164218,26.562214625,lentil
47.0,82.0,79.0,17.615864317305075,16.328633028694416,4.659258598171239,41.58408144829472,chickpea
9.0,141.0,202.0,21.01245395,81.17931863,6.119495295,66.38448261,grapes
58.0,63.0,81.0,19.81344531,14.69765308,6.5154995489999985,78.96514709,chickpea
74.0,48.0,43.0,22.76506189875006,73.4296722782649,5.093016517757356,97.99592844309153,jute
2.0,24.0,38.0,24.55981624,91.63536236,5.922935513,111.9684622,pomegranate
39.0,145.0,201.0,36.73126647,80.58931938,5.775600435,72.24230804,grapes
13.0,132.0,203.0,23.60115364,82.48336987,6.423216506,73.23901752,grapes
49.0,76.0,18.0,27.05365239,67.7017527,7.393631868,60.4693835,blackgram
28.0,70.0,21.0,33.03380800305993,72.13191935350633,5.841822822993347,43.05966066362428,blackgram
7.0,53.0,17.0,18.607004247166312,24.407938642289803,5.291925868781041,62.39653474502224,kidneybeans
31.0,5.0,14.0,17.66545409,91.69865887,6.583411671,110.6857506,orange
11.0,53.0,24.0,28.52396666,55.77264351,7.39389918,61.32935611,mothbeans
33.0,47.0,17.0,24.86803974,48.27531965,8.621514073,63.9187654,mothbeans
26.0,10.0,33.0,28.27298134,96.93649473,6.07071786,198.8234862,coconut
8.0,28.0,38.0,23.22594,94.42971362,6.8444019,105.6917856,pomegranate
24.0,66.0,18.0,25.123876729009787,67.92033899272936,5.36480788940429,30.503345208887158,lentil
58.0,62.0,25.0,32.111151874454606,64.79879735812516,5.494182453530315,74.4299098755387,blackgram
7.0,45.0,22.0,25.50634557,44.8302551,9.926212291,74.32635105,mothbeans
104.0,23.0,47.0,26.98212846,86.70068316,6.770434148,42.91292205,watermelon
52.0,70.0,16.0,33.66855394,66.60416867,7.534811832999999,67.32520551,blackgram
66.0,43.0,46.0,24.313963325909544,88.09386690542888,5.058231775551782,130.61445490511989,jute
83.0,45.0,21.0,18.83344471,58.75082029,5.716222912,79.75328959999999,maize
39.0,52.0,53.0,32.51247398,94.65904123,6.704204398,51.07048113,papaya
101.0,75.0,50.0,26.59386409,81.40740301,6.242528277999999,109.9825551,banana
3.0,78.0,18.0,20.21368219,68.65257685,6.887130053,50.89732989,lentil
71.0,54.0,16.0,22.61359953,63.69070564,5.7499144210000015,87.75953857,maize
29.0,66.0,16.0,29.331816583793458,65.27211820677152,5.290080265844382,60.5201685221496,blackgram
22.0,49.0,19.0,30.88968374327966,51.79677012841237,5.712571219931234,65.61657355102862,mothbeans
34.0,70.0,14.0,25.76678459731683,19.414705597724815,6.325310971937054,45.51282770313073,kidneybeans
26.0,65.0,20.0,25.916529672302854,69.6338427184484,4.879115445098327,67.76564977988096,blackgram
0.0,39.0,16.0,28.532772191873807,93.04447384818619,5.579464418887359,35.15097931980272,mungbean
40.0,82.0,14.0,19.810700275596073,67.58600189069439,6.044662110112182,44.53647268902132,lentil
1.0,72.0,23.0,19.24266815688737,56.67713075487627,4.713804710470915,196.07491568353225,pigeonpeas
8.0,59.0,24.0,29.408886875981867,58.55522726478355,5.794147086560236,35.51081273749574,mothbeans
27.0,92.0,16.0,18.672122628398228,22.031669959276762,5.971059460941101,56.43163868738312,kidneybeans
32.0,13.0,42.0,23.50128217,92.97527546,5.786058032000001,106.61905,pomegranate
13.0,73.0,20.0,30.50420876,35.48885969,5.391560417999999,162.59277230000004,pigeonpeas
33.0,64.0,13.0,27.228510664339794,67.08718334252465,5.278549667947319,44.228090093426246,blackgram
11.0,78.0,22.0,23.89756791,22.74378977,5.940546818,112.6616435,kidneybeans
37.0,57.0,19.0,32.79260325300097,55.93846256463385,4.646586094133321,28.89363841338298,lentil
17.0,62.0,17.0,32.17832364523219,31.89494732364072,5.247047038856651,172.95399895546444,pigeonpeas
30.0,52.0,14.0,23.784056872829716,55.08569940781958,6.499058940837735,40.38206215146142,mothbeans
118.0,88.0,52.0,28.65003945,82.68752542,5.8431631610000005,98.75084366,banana
23.0,84.0,88.0,18.51871927052664,15.362307352739524,4.606911695397994,74.11072607306889,chickpea
23.0,72.0,85.0,19.202721051795802,14.917518149886572,5.104203759503574,55.808831926095166,chickpea
1.0,59.0,23.0,27.46852989,87.17649,7.184398832,43.78420984,mungbean
3.0,52.0,22.0,26.75546051297222,46.87253513635838,4.8735659447055175,46.666450998160784,mothbeans
64.0,48.0,16.0,19.354397844164428,61.477213783197485,4.986534283702575,75.86787605076897,maize
14.0,21.0,35.0,29.52501367,91.91185319,6.121005506,194.3100272,coconut
17.0,83.0,21.0,19.494622400427147,71.01860896801506,5.886081728694079,23.287854085568686,lentil
35.0,52.0,17.0,30.61585834903234,49.17366811802422,6.449199783743115,26.836242215421283,mothbeans
61.0,51.0,51.0,39.30050027,94.16193416,6.574677594,120.9512466,papaya
24.0,61.0,17.0,22.6371424,65.44544859,6.233269045,38.30411077,lentil
21.0,38.0,20.0,27.10508014,63.56791363,5.794289715,62.20279647,mothbeans
108.0,24.0,31.0,24.12832546,56.18107663,6.431899747999999,147.27578180000003,coffee
105.0,18.0,35.0,23.52648086,68.44030686,6.743417121,171.8839938,coffee
29.0,35.0,28.0,28.347161100000005,53.53903102,6.9674177660000005,90.40260445,mango
76.0,68.0,42.0,22.855527700079406,81.41378730221261,5.356154984001481,187.40365302168956,rice
119.0,7.0,55.0,26.03867719,84.6378378,6.031424482,44.3993381,watermelon
13.0,5.0,8.0,23.85340379,90.10522549,7.474710503,103.923226,orange
12.0,29.0,13.0,22.45616931,91.52781832,7.57125447,118.0069295,orange
83.0,21.0,28.0,25.5674832,60.49244602,7.466900682999999,190.2257843,coffee
83.0,95.0,50.0,26.51682337,77.79913575,5.50947065,108.8547508,banana
59.0,43.0,19.0,24.89201401289664,58.10456455219585,5.204365926435932,60.52298626911698,maize
1.0,71.0,18.0,27.066059087251848,59.854111582304895,4.5,47.42469221842798,lentil
8.0,52.0,21.0,27.66677611252762,82.269511726588,6.29263539674616,20.0,mungbean
77.0,61.0,35.0,23.963659759641573,74.80721724880433,5.392225607434155,174.30610039198774,jute
49.0,55.0,78.0,18.65580107,16.17772668,7.863113671,81.70769297,chickpea
36.0,58.0,75.0,20.142682972055923,19.560357978967453,5.39565251654472,73.88083593512188,chickpea
95.0,12.0,46.0,26.21667586,81.01009354,6.32281728,54.65423596,watermelon
78.0,42.0,44.0,26.871486375717648,85.26279350383085,5.600994235400243,190.81284431594926,rice
94.0,39.0,15.0,19.478354823350998,65.92731110507775,5.553216752981494,59.01651237892486,maize
86.0,36.0,24.0,26.54986394,72.89187265,5.787268394,73.33636055,maize
97.0,25.0,50.0,26.22005978,80.90127035,6.093814669,49.08553937,watermelon
24.0,55.0,78.0,17.30287885,15.15405941,6.64919573,75.57790384,chickpea
37.0,124.0,195.0,18.70679077,83.4795292,6.209928251,66.5964488,grapes
76.0,54.0,45.0,24.29496635,77.62976013,6.176618831,184.9800516,jute
17.0,18.0,43.0,24.4880844,90.83687246,5.843005428,103.1969341,pomegranate
80.0,18.0,51.0,28.05380704,91.81758779,6.706053225,20.76582087,muskmelon
95.0,16.0,55.0,25.26931156,87.55055105,6.612847999,40.12650421,watermelon
40.0,66.0,77.0,19.047370764623356,16.017945186914506,5.337757374649107,72.76574696507511,chickpea
56.0,74.0,81.0,20.270473369919156,16.865242820647417,4.639928032750002,76.91537155277453,chickpea
21.0,21.0,30.0,27.69819273,51.41593238,5.403908327999999,100.7720705,mango
7.0,15.0,32.0,25.03512351,95.89739958,6.182232762000001,174.796583,coconut
45.0,58.0,49.0,30.10773379,90.34546355,6.827812549,75.24521981,papaya
117.0,82.0,45.0,25.29391516,79.29122198,5.614471478,105.4220251,banana
22.0,69.0,24.0,34.44404187077903,40.73054107281484,5.256874253190284,124.40917216514825,pigeonpeas
18.0,36.0,23.0,24.01825377,53.76623369,7.214078621,35.03404425,mothbeans
40.0,51.0,17.0,28.66086349,86.12194568,6.860602782000001,50.01534317,mungbean
64.0,45.0,43.0,25.62980105,83.52842314,5.534878156,209.9001977,rice
83.0,48.0,39.0,20.76793494478765,84.5772775044657,5.190044158300919,185.7633775701676,rice
105.0,14.0,50.0,26.2148837,87.68839820000002,6.419052193,59.65590798,watermelon
104.0,25.0,55.0,29.81196601,90.36881284,6.123802502,22.68766503,muskmelon
57.0,68.0,81.0,17.17012591,17.30457712,8.081095263,72.78624223,chickpea
28.0,27.0,34.0,32.45465292,50.69693751,6.526654345,95.04871605,mango
103.0,16.0,49.0,24.06731461,81.64075303,6.915717008,51.75212401,watermelon
29.0,77.0,16.0,24.12477283775536,55.753989941597176,5.427486786088628,46.26069530677993,lentil
51.0,72.0,75.0,18.88852533,14.99451145,7.1042247970000005,80.11133840000002,chickpea
39.0,140.0,203.0,21.11903604,80.63399198,6.349875906,69.27779761,grapes
14.0,67.0,25.0,25.28710601,60.85993533,7.241151936,49.37369982,lentil
8.0,73.0,20.0,20.255718688867034,18.100865470388815,4.941705574654515,105.1926594356844,kidneybeans
107.0,36.0,21.0,25.29250148,75.66653335,6.205263534,62.64174227,cotton
28.0,10.0,30.0,29.8690834,91.14723422,6.305740522000001,192.7678575,coconut
31.0,36.0,29.0,33.93679864,52.72170281,6.460542749,97.4611918,mango
8.0,72.0,17.0,20.57341244,19.7520218,5.711439256,87.87869161,kidneybeans
6.0,73.0,20.0,17.945076961405537,60.67605437435624,5.6713875935010325,80.10918910544572,pigeonpeas
23.0,70.0,15.0,34.600824700000004,63.11296779,7.403623355,60.41790253,blackgram
13.0,121.0,196.0,22.20700989,93.50574163,6.443382913,120.1593771,apple
27.0,74.0,20.0,24.69487673,59.96669215,5.8598134160000015,91.95792434,pigeonpeas
83.0,22.0,54.0,25.89762315,81.96664832,6.2772452539999986,54.49960057,watermelon
40.0,65.0,49.0,35.32876402,91.06138506,6.678449317999999,163.9069365,papaya
38.0,73.0,24.0,25.341073680661673,64.96927270618202,5.668900506466793,42.30495322133451,lentil
58.0,79.0,17.0,27.24766491,66.10123083,7.04174124,62.31842057,blackgram
30.0,67.0,18.0,27.231766805264282,69.81073728020688,4.946635435480318,38.790891909102086,blackgram
88.0,53.0,39.0,25.422124189777755,76.94988351121508,5.337328898289819,183.06361679902588,rice
42.0,66.0,15.0,29.606361524527912,68.76506672255475,5.119248173134337,67.84458155618637,blackgram
60.0,43.0,38.0,25.422442837477696,72.58242592113706,5.3924350912149235,212.53877303507542,jute
84.0,39.0,35.0,23.17714381,52.13864034,6.959404135,117.3113562,coffee
39.0,28.0,10.0,31.34920143,91.48247612,7.181907673,109.1549823,orange
70.0,65.0,52.0,30.42012134,93.12659793,6.583528529,75.95295,papaya
60.0,39.0,50.0,20.609080146223718,89.92773813978603,5.437168488218891,251.45211967857045,rice
75.0,58.0,20.0,20.886609170956937,73.64493786763386,5.570291045050042,56.753862048393856,maize
92.0,7.0,45.0,26.70607759,81.14149505,6.944640222,51.51033554,watermelon
111.0,58.0,37.0,21.386586223988306,87.40099493347988,5.738788682416523,233.57730935531086,rice
8.0,33.0,29.0,29.98080499,49.48613279,6.442393461,91.82271568,mango
13.0,57.0,25.0,28.30041493,86.20681554,6.86308576,50.47333854,mungbean
13.0,72.0,21.0,24.32116642,21.0278674,5.821194486,60.27552528,kidneybeans
95.0,37.0,35.0,27.31317116,68.42333909999999,6.348337518999998,192.4288139,coffee
38.0,77.0,16.0,22.9181015802322,64.24430584762676,5.078148757910334,41.10152125407156,lentil
39.0,17.0,45.0,18.09691127,90.42177379,6.9244907310000015,104.88188999999998,pomegranate
25.0,79.0,25.0,27.714387020407084,68.12085722280189,5.4171481467655465,86.15293441099999,blackgram
95.0,41.0,52.0,25.525944893043224,98.0641824555451,5.177192155548176,145.1994009197998,jute
16.0,10.0,41.0,24.77464458,85.63608688,6.738993954,105.7595811,pomegranate
118.0,21.0,34.0,24.38534644,64.72543073,7.234258375,119.6324109,coffee
29.0,36.0,25.0,28.28511547,88.4393979,7.130278657000001,48.56690235,mungbean
38.0,14.0,30.0,26.92449525,91.20106019,5.5707453860000005,194.9022136,coconut
23.0,75.0,25.0,31.07508973,47.19847683,7.077170002000001,91.31256412,pigeonpeas
31.0,58.0,15.0,27.11026483,84.96771717,7.121571293,51.52617423,mungbean
33.0,138.0,198.0,22.29423493,90.69033986,6.222390797999999,122.7418744,apple
100.0,10.0,53.0,24.54356968,84.60808277,6.211748957,42.00660251,watermelon
30.0,74.0,16.0,29.068805296176016,58.673913579438775,5.379234731053309,121.12450784761158,pigeonpeas
107.0,22.0,54.0,27.99611732,90.84660317,6.630301421,21.61893763,muskmelon
14.0,58.0,15.0,28.598761859496946,84.60958268197903,5.441127234024532,32.91192205442681,mungbean
25.0,73.0,23.0,24.65228429681796,48.56056109992393,5.824716312543878,69.62549419764241,pigeonpeas
70.0,54.0,46.0,39.73149053,91.12220596,6.919342407,122.7628653,papaya
3.0,77.0,25.0,24.84906168,22.89464642,5.608165195,62.21292186,kidneybeans
28.0,46.0,16.0,29.008124,84.96089355,6.664187809,45.91011391,mungbean
16.0,139.0,203.0,17.82803682,80.96093443,6.27564088,65.84748763,grapes
140.0,40.0,17.0,22.72767171,77.07598065,6.006085786,77.55176318,cotton
32.0,11.0,31.0,25.06871967,93.31410447,6.205931637999999,134.84190690000003,coconut
101.0,57.0,33.0,26.035837036105402,87.55327388400075,4.946967212885767,164.00551677073008,jute
91.0,36.0,45.0,24.44345477,82.45432595,5.950647577000001,267.97619480000003,rice
15.0,76.0,15.0,27.70501288911246,68.16664912407802,5.2312224280918365,27.63401115178204,lentil
14.0,139.0,197.0,21.72484506,92.83975602,6.056529526,121.6961761,apple
19.0,64.0,85.0,21.446117277017656,15.474761152799072,4.6474161363468856,77.68728761963796,chickpea
28.0,84.0,23.0,25.733466844483463,60.35295345775412,6.000548539669019,29.769052847020536,lentil
63.0,54.0,42.0,26.820672992801043,74.82872673427129,5.026727285957212,122.86268539126559,jute
113.0,37.0,20.0,25.03300222,79.04368718,7.393441155,97.10087029,cotton
9.0,11.0,8.0,24.85903405,94.39000473,6.559236744,111.78037340000002,orange
97.0,12.0,47.0,25.28784623,89.63667876,6.765094963999998,58.28697664,watermelon
36.0,44.0,17.0,27.146021142419084,51.39640181779609,5.3721936302799485,30.911476129772694,mothbeans
91.0,46.0,39.0,26.24199640956514,76.94590853119932,4.598028191098624,88.72407935571343,jute
22.0,55.0,24.0,28.56800579,57.30636014,8.66077954,64.53027638,mothbeans
30.0,64.0,20.0,33.8642935,61.57072498,6.573531614,68.02199825,blackgram
84.0,18.0,46.0,27.08808014,93.42402083,6.781050372999999,25.32159689,muskmelon
16.0,71.0,24.0,18.33124824,38.40975482,4.946369874,139.64833169999997,pigeonpeas
105.0,93.0,46.0,25.01018457,78.76260938,5.760457558,108.3690513,banana
35.0,48.0,15.0,27.10818093,87.45126690000002,6.981758362000001,55.03723979,mungbean
79.0,42.0,37.0,24.87300744,82.84022551,6.587918707999999,295.6094492000001,rice
38.0,24.0,33.0,28.28905147,97.00396405,5.973853124,142.9403233,coconut
89.0,11.0,47.0,29.78714005,94.65343534,6.327822962000001,27.8659442,muskmelon
58.0,55.0,47.0,26.05375792,93.69111672,6.7424900270000006,240.6863901,papaya
93.0,94.0,53.0,25.86632408,84.42379269,6.079178787999999,114.5357503,banana
13.0,47.0,20.0,29.21780035,87.93724219,6.54450214,43.1386631,mungbean
25.0,130.0,197.0,39.70772192,82.68593454,5.554831977,74.91506217,grapes
35.0,138.0,200.0,21.19909519,90.80819418,5.67130617,103.6838922,apple
39.0,36.0,22.0,29.34317422,60.50320928,9.072011412,34.03335472,mothbeans
120.0,20.0,45.0,25.66576039,88.6984228,6.114128685,54.22722466,watermelon
36.0,66.0,16.0,35.85648715148721,63.28513773228222,4.5,47.18858267915554,blackgram
87.0,38.0,29.0,25.20406808,57.88370456,6.652642579,156.1457255,coffee
39.0,24.0,39.0,23.65374106,93.32657504,6.431265737,109.8076178,pomegranate
91.0,52.0,39.0,25.217438418931916,78.34182687067177,5.439671229242629,131.28595820258926,rice
91.0,13.0,47.0,29.10968327,92.43510994,6.14410903,27.95602304,muskmelon
37.0,137.0,199.0,22.63946441,90.18451645,5.697945522,108.3405879,apple
38.0,41.0,23.0,28.378244316381437,66.53157601600763,5.286275310046459,29.415344700526262,mothbeans
88.0,41.0,44.0,23.619720545553093,79.4122359185248,5.895795685184448,152.8158249605305,jute
71.0,51.0,16.0,25.007443403100968,76.67347392604317,5.516385353037278,79.32572290094892,maize
6.0,66.0,15.0,34.93174223,30.40046769,6.3458060110000005,159.2649827,pigeonpeas
25.0,57.0,24.0,27.65472156,58.59986279,6.974978386,36.94255012,mothbeans
2.0,40.0,27.0,29.73770045,47.54885174,5.954626604,90.09586854,mango
40.0,45.0,18.0,30.43683729,55.20522037,5.261285926,30.92014047,mothbeans
1.0,71.0,17.0,28.219388850772415,48.64083688228442,5.425582243618108,127.9858909949086,pigeonpeas
1.0,48.0,24.0,29.34594634,85.60472562,6.232836962,59.03629954,mungbean
19.0,57.0,15.0,24.99202191436284,50.369560793242485,5.764768492141073,51.96743826663214,mothbeans
123.0,39.0,24.0,25.00755095,78.17952126,7.453106264,86.06411872,cotton
108.0,46.0,17.0,24.3017998,84.87668973,6.93221485,65.0247867,cotton
118.0,50.0,19.0,22.95604064,82.33733678,6.360812227,66.48339303,cotton
84.0,39.0,20.0,24.424350429442814,58.25874433185324,5.6484727305175415,48.39150655556423,maize
40.0,58.0,15.0,29.46416042,87.60890009,6.978400282000001,43.15411472,mungbean
35.0,41.0,18.0,28.70562673,81.59200689,6.7050085039999985,59.87065439,mungbean
34.0,49.0,22.0,31.097063087075796,82.66768604728445,6.5,48.79066455589198,mungbean
90.0,44.0,43.0,24.095639118538383,77.7724988662632,4.74820927618321,140.2116193825201,jute
5.0,68.0,20.0,19.04380471,33.10695144,6.12166671,155.3705624,pigeonpeas
109.0,12.0,48.0,29.45771748,92.12534736,6.708743843,20.76212031,muskmelon
15.0,44.0,17.0,27.728158991338976,87.73049208898072,6.5,21.859424829473056,mungbean
102.0,25.0,50.0,28.20480805,92.91440379,6.099662369,20.36001144,muskmelon
33.0,82.0,21.0,26.93439680205956,43.03898714171288,5.735908185687907,226.681561265,pigeonpeas
108.0,57.0,44.0,23.359179522287622,81.52765615857585,5.294782621315112,221.80176069985475,rice
74.0,40.0,40.0,25.13842773,83.12053888,6.386259977999999,169.33884650000005,jute
38.0,77.0,22.0,28.234829,69.3159965,6.313284267999999,35.36831423,lentil
24.0,140.0,205.0,12.087022,83.59398734,5.93202852,68.66813363,grapes
7.0,31.0,27.0,31.32863689,47.59319575,6.524114355,94.67344737,mango
31.0,29.0,35.0,27.1872282,92.19906776,6.137102505,141.3220576,coconut
22.0,44.0,24.0,24.30935081,56.32938343,6.030447288,58.99536268,mothbeans
81.0,41.0,41.0,24.57548507266255,80.21798125798435,5.0359407324133425,300.0,rice
88.0,55.0,45.0,24.63544858,80.41363018,7.730367824,253.7202781,rice
26.0,68.0,24.0,28.04849594,64.07691942,7.504930973,37.15824966,lentil
120.0,19.0,49.0,25.79448878,84.26830701,6.762471628999998,56.45229202,watermelon
98.0,79.0,50.0,25.34119774,84.47321314,6.435917308,91.06493353,banana
20.0,62.0,18.0,29.36358721,64.98742947,7.366542647,61.91208707,blackgram
10.0,141.0,201.0,22.12659387,90.97818277,6.386021424,104.5412275,apple
33.0,60.0,102.0,20.1626320358672,17.698943460038343,5.103926088426132,75.33595601436932,chickpea
41.0,59.0,25.0,28.96071485568483,57.55964187288082,4.707290837593168,36.54897646869269,mothbeans
85.0,40.0,32.0,20.66432148944989,72.99127319268949,5.315008784862159,166.61161618606252,rice
104.0,47.0,18.0,23.9656349,76.97696717,7.633437412,90.75616738,cotton
59.0,37.0,16.0,22.288183062554058,65.02002262935086,5.669921689946601,64.29299136509968,maize
37.0,18.0,12.0,10.2708877,90.19147747,7.401121811,106.69552040000002,orange
25.0,56.0,85.0,17.339760822554886,14.738782920429749,4.78321292469051,58.119810978745384,chickpea
9.0,60.0,22.0,19.377942353237138,40.85813762472207,5.468583502708241,110.78321090167441,pigeonpeas
20.0,8.0,12.0,25.2990432,94.96419851,7.260416405,117.9733424,orange
51.0,35.0,12.0,21.33929624552167,65.50763858563477,5.456404251049447,75.93632390940377,maize
31.0,8.0,7.0,34.51465139,93.63812684,7.163245982,103.5684926,orange
35.0,68.0,45.0,42.93605359,90.09448142,6.612429546,234.8466111,papaya
118.0,13.0,54.0,24.41311871,89.81574032,6.039584629,44.07843475,watermelon
63.0,43.0,18.0,22.467444667944,77.08474226956193,5.133783427635028,102.54080716975845,maize
19.0,38.0,26.0,31.48451729,48.77926304,4.525722333,93.17221967,mango
87.0,21.0,52.0,27.350629600000005,94.29119509999998,6.067665497999999,27.21244021,muskmelon
46.0,77.0,19.0,33.42829619204185,62.29412414888017,5.325459700213494,58.524815621425496,blackgram
101.0,58.0,18.0,25.66891439,81.38103349,6.652143699,78.59595817,cotton
36.0,56.0,83.0,18.89780215,19.76182946,7.4526709,69.09512477,chickpea
20.0,139.0,202.0,23.50201428,92.21083961,5.66999105,107.9868949,apple
15.0,140.0,195.0,13.28504331,83.54193816,5.69945282,65.80006004,grapes
30.0,127.0,204.0,22.50050273,92.45878335,6.126436584,100.9343903,apple
4.0,19.0,43.0,18.07132963,93.14554876,5.7794274020000005,106.3602023,pomegranate
122.0,40.0,17.0,24.96440768,81.31677618,6.854558957,80.03995829,cotton
29.0,25.0,35.0,28.3575072,91.64509299,5.542873799,160.73069909999995,coconut
27.0,22.0,29.0,28.83214859,92.17170353,6.000248647,145.41723869999996,coconut
100.0,58.0,41.0,23.17403323,87.88255345,6.6587699910000016,160.6217342,jute
9.0,80.0,19.0,21.80619564,18.57086554,5.945465949,125.0972687,kidneybeans
0.0,25.0,14.0,19.33516809,91.97978938,6.361671475,116.450422,orange
2.0,47.0,15.0,29.86860065,85.99127934,6.401455706,58.41394143,mungbean
111.0,6.0,53.0,26.493064500000006,88.59143088,6.3135129989999985,46.06382209,watermelon
14.0,128.0,205.0,22.60800988,94.58900601,6.226289556,116.0396587,apple
9.0,35.0,20.0,27.41503453,80.98004661,6.91380932,40.53173216,mungbean
13.0,66.0,19.0,16.888948525940364,19.671853554330248,6.027115213415205,120.29355549179006,kidneybeans
27.0,72.0,24.0,31.31629894869223,46.42372368013082,6.181591765938381,116.78637947750354,pigeonpeas
109.0,10.0,53.0,26.81938687,87.8274604,6.5517503060000015,46.06193778,watermelon
0.0,17.0,30.0,35.47478322,47.97230503,6.279133738,97.79072474,mango
49.0,69.0,12.0,31.13125964489629,63.76011280682899,5.42564476353671,53.09308015065546,blackgram
118.0,21.0,51.0,24.42998931,86.33904774,6.678805092,48.58241822,watermelon
27.0,92.0,19.0,25.064790732186637,48.611919874431834,4.587535620096433,91.33855862981291,pigeonpeas
27.0,8.0,32.0,27.00648436,96.46168931,5.627860548999998,144.3331315,coconut
23.0,65.0,18.0,19.80232759832477,55.11647247652051,6.319116675709786,119.04252517503748,pigeonpeas
52.0,65.0,20.0,32.81705216,66.15665137,6.814301033,68.83924882,blackgram
20.0,54.0,20.0,27.266542170511354,51.48772609678868,5.716838226958766,37.76929694391715,mothbeans
99.0,56.0,17.0,24.10859207,73.13112261,6.234330356,71.07562236,maize
21.0,62.0,24.0,33.49077065,62.73317204,6.8473828910000005,65.45328463,blackgram
89.0,53.0,44.0,24.88692811,71.91711523,7.319735475,150.2498675,jute
68.0,48.0,46.0,25.785296567678355,72.68035974704215,4.5,163.48604720050392,rice
51.0,56.0,18.0,28.12787838,64.2097765,6.706505915,70.86340755,blackgram
74.0,49.0,38.0,23.31410442,71.4509053,7.4880144039999985,164.49703730000004,jute
23.0,67.0,21.0,20.551583105749554,23.940452025055983,6.048425018225407,77.90726968083419,kidneybeans
105.0,46.0,38.0,21.526859092204944,92.47674844974304,4.952424999463668,183.90748613805434,rice
60.0,45.0,37.0,26.920796902211823,86.41767976439502,5.190171689162959,80.62349985,jute
67.0,55.0,44.0,26.284017,75.14640198,7.251847296,182.2685447,jute
120.0,24.0,47.0,26.98603693,89.4138489,6.260838965,58.54876687,watermelon
19.0,35.0,24.0,27.11030369,83.64274107,6.883308033,49.11964582,mungbean
40.0,70.0,20.0,31.80130272,45.03186173,5.623490042999999,147.03614419999997,pigeonpeas
132.0,41.0,22.0,24.29144926,81.02453404,7.810865753,90.41694635,cotton
90.0,15.0,52.0,27.04927452,91.3821731,6.448061578,23.65747461,muskmelon
33.0,85.0,25.0,27.11901581633956,47.29765818045928,5.24374554705157,188.16851896933014,pigeonpeas
90.0,23.0,54.0,28.55852465,90.45773041,6.159020864,27.26588346,muskmelon
69.0,38.0,21.0,23.938152638426054,60.380207766924315,5.351667791671409,99.08736394395987,maize
20.0,60.0,22.0,29.65052947,42.89833235,6.876572502999999,186.9226052,pigeonpeas
28.0,66.0,23.0,21.53989176,24.25386207,5.99616119,120.6913038,kidneybeans
82.0,50.0,48.0,24.167905254223676,83.22907915257983,5.883668886174556,142.4405720515002,rice
13.0,69.0,21.0,18.230712998748828,21.663033922658922,4.507941180243385,78.20916863566701,kidneybeans
41.0,74.0,18.0,28.75751783,61.02701476,6.599147297999999,73.37686831,blackgram
95.0,61.0,21.0,21.92642325062337,60.67120245769112,5.766614967735244,102.05645070391682,maize
3.0,56.0,15.0,29.991276931632125,50.92280539949785,5.72518911812655,52.110375454388624,mothbeans
40.0,64.0,16.0,16.43340342,24.24045875,5.926676985,140.3717815,kidneybeans
24.0,75.0,21.0,19.38178650528366,48.10600438362566,5.456001337206815,128.27415391689905,pigeonpeas
84.0,38.0,43.0,26.57421679,73.81994896,7.26158085,159.3223075,jute
14.0,41.0,17.0,29.12939524,88.48312598,7.085982325,36.45012824,mungbean
40.0,16.0,35.0,31.89356292,49.02450149,6.4841522000000005,89.59371481,mango
19.0,123.0,200.0,34.76086052,81.03544763,6.167013532,65.70430027,grapes
72.0,41.0,36.0,24.09874353,80.57226761,6.187746776,176.8604109,jute
9.0,79.0,17.0,19.8156363983862,24.654384935059422,5.351690376767966,57.088688379221466,kidneybeans
17.0,30.0,27.0,29.03065024,90.79093862,5.894027065,205.5720367,coconut
37.0,5.0,34.0,25.79490531,93.84150618,5.779032666,152.42387119999995,coconut
67.0,58.0,39.0,25.2827223,80.54372813,5.453592032,220.1156708,rice
60.0,62.0,24.0,31.93061320024417,71.44641771335867,5.6800863914271975,63.08897415597957,blackgram
5.0,29.0,44.0,21.02432943,93.0569505,5.578095745,104.7847006,pomegranate
23.0,30.0,44.0,20.93892916,85.42912869,6.12476108,103.0295938,pomegranate
16.0,65.0,19.0,27.61204997,69.29786244,7.043160241,42.72374404,lentil
50.0,47.0,48.0,24.63676897,90.61964344,6.712772332999999,218.2299187,papaya
74.0,38.0,33.0,25.005270169792283,90.15283207417505,5.546422641549009,143.89270788287394,jute
29.0,121.0,196.0,22.84852833,94.32130209,6.079497202000001,123.5977843,apple
31.0,90.0,20.0,25.749374360705485,66.50931266317255,5.435842986500328,30.270435801830974,lentil
1.0,15.0,9.0,29.98364695,94.55239717,7.53350946,115.3560318,orange
60.0,61.0,78.0,20.71219282,19.83643308,6.317153205,94.03659867,chickpea
117.0,37.0,32.0,23.1069385,67.06230539,6.787658922,162.57696059999995,coffee
67.0,43.0,38.0,25.21622704,70.88259632,7.299304715,195.8645552,jute
22.0,56.0,17.0,29.87888063,87.32761241,6.89077995,44.75215854,mungbean
62.0,43.0,16.0,27.268957311945112,72.09704435728318,5.705570148757569,77.71569913471613,maize
18.0,27.0,41.0,22.36509395,92.30882391,7.175344328,104.8216333,pomegranate
53.0,63.0,16.0,22.21886850242415,54.60337254304215,5.724250787319582,117.08034555188762,maize
90.0,50.0,44.0,26.91643698,73.48655995,6.253408852000001,171.4716375,jute
117.0,81.0,53.0,29.50704598,78.20585613,5.507641777999999,98.12565829,banana
99.0,70.0,46.0,26.59580783,82.99556744,5.727469947,100.5123341,banana
106.0,46.0,19.0,25.942291211429076,78.08193696289736,4.808065139824678,111.59898116865074,maize
52.0,37.0,40.0,24.250370193936618,85.70189624203528,5.698734847567858,158.21258042735593,rice
13.0,61.0,24.0,18.29783597,69.6897615,7.629910252999999,49.39111479,lentil
12.0,84.0,20.0,28.70218876355937,37.544271015717364,4.679997721186608,139.937788079819,pigeonpeas
105.0,30.0,50.0,25.29954705,81.77527562,6.37620108,57.04147057,watermelon
91.0,94.0,46.0,29.36792366,76.24900101,6.149934034,92.82840911,banana
88.0,56.0,17.0,20.491562212937783,59.32001250338333,5.553375356555982,109.23242911074001,maize
77.0,38.0,36.0,21.8652524,80.1923008,5.953933276,224.55501690000003,rice
7.0,74.0,17.0,22.47253208,62.56532471,5.667419697000001,96.74706956,pigeonpeas
12.0,37.0,30.0,31.09779147,47.41196659,4.546466109,90.28624348,mango
90.0,62.0,46.0,24.068849406936387,83.85787486842152,6.222217721178918,171.44904306395475,rice
33.0,143.0,204.0,21.1316077,91.95769858,5.814434775,122.5391946,apple
6.0,54.0,21.0,27.59054173508859,68.35650166991093,4.773954808648633,49.746572281097244,lentil
77.0,35.0,38.0,25.077451998911066,77.5391098326083,5.773402459689542,242.93337614290033,rice
118.0,40.0,35.0,26.35034208,58.50650238,7.460174812000001,121.5586297,coffee
64.0,43.0,43.0,25.1104525177427,79.28907206272248,5.118266499010655,115.14223743291272,rice
20.0,29.0,27.0,25.09897688,92.36099489,6.047044342,157.7592626,coconut
19.0,39.0,17.0,29.2808618,81.8009244,6.890156495,44.47427436,mungbean
58.0,63.0,16.0,28.11241463213442,70.04387746366908,5.247463985163483,59.85860607324023,blackgram
104.0,25.0,51.0,28.96361426,93.88482153,6.469983276000002,23.56130173,muskmelon
60.0,59.0,34.0,24.293641555273435,81.79800675057272,4.604088140167303,226.828408226037,rice
52.0,51.0,53.0,38.38231475,93.10378595,6.985804083,210.2735346,papaya
105.0,77.0,52.0,29.16226551,76.16151562,5.8166224789999985,100.0075679,banana
39.0,38.0,15.0,29.20786251335701,88.45577257050029,6.015497896668065,52.55860617124312,mungbean
7.0,63.0,24.0,22.95458237,24.03553105,5.858617867,107.7315386,kidneybeans
33.0,34.0,21.0,26.63225110875308,90.22076891962286,5.296494478621906,40.83738594579055,mungbean
22.0,60.0,20.0,27.723018856516287,54.09555113159732,4.5,45.943591887030955,mothbeans
116.0,36.0,25.0,27.57847581,58.52534263,6.172090205,156.6810374,coffee
83.0,25.0,53.0,26.49195283,80.04678201,6.057697106,57.72799157,watermelon
3.0,141.0,197.0,21.98141856,91.12719303,6.142803397000001,115.4789148,apple
5.0,23.0,15.0,25.66901098,92.04670813,7.408939392000001,112.5424199,orange
42.0,70.0,17.0,34.41080060346575,63.87447271140838,5.25695790329975,64.49973649163134,blackgram
104.0,59.0,19.0,23.98207240162862,79.70666252721298,6.060168442042627,74.8996488435267,maize
27.0,56.0,22.0,19.91853092,20.70099804,5.833010957999999,108.6434544,kidneybeans
20.0,7.0,45.0,18.90592319,89.24126808,6.077886012,112.4750941,pomegranate
22.0,72.0,17.0,23.78461488631038,58.08875725011924,5.254797529252713,49.22038726107327,lentil
55.0,78.0,21.0,33.39438752,62.93692886,6.6028882489999985,63.57445989,blackgram
32.0,68.0,52.0,32.68067385,92.61715632,6.800321319,248.8592986,papaya
99.0,29.0,55.0,29.19378695,91.46241065,6.660954816,26.48240255,muskmelon
92.0,44.0,16.0,18.87751445,65.76816093,6.082973754,94.76189431,maize
35.0,131.0,203.0,22.42776057,93.91722423,5.893490899,102.7230739,apple
36.0,128.0,204.0,25.23542319,80.68700527,5.695792761,67.03840888,grapes
34.0,38.0,31.0,35.37775595,45.58110023,6.454045329,97.41586402,mango
23.0,37.0,24.0,31.50997179629916,87.75753505474573,5.627616062196731,20.44110790102675,mungbean
31.0,144.0,202.0,11.02105378,80.55557235,5.870600622,68.23963161,grapes
31.0,20.0,30.0,32.17752026,54.01352682,6.207495815,91.88766069,mango
66.0,60.0,38.0,22.08576562,83.47038318,6.372576327000001,231.7364957,rice
69.0,61.0,19.0,21.338754495615863,49.88401817990575,4.661803658496002,60.67590744280318,maize
83.0,10.0,53.0,24.92994759,85.00802358,6.195142279,48.75859458,watermelon
32.0,145.0,203.0,23.83053666,90.84422164,6.406818518,109.5966791,apple
30.0,37.0,25.0,29.89129144,80.14487166,7.120032489,54.7960127,mungbean
86.0,95.0,49.0,28.05484146,78.04602887,6.458714879,108.3957179,banana
78.0,48.0,22.0,23.08974909,63.10459626,5.588650585,70.43473609,maize
115.0,11.0,46.0,24.41592661,89.39655519,6.623167177000001,40.32161859,watermelon
31.0,64.0,23.0,20.26602649938278,49.08981384985663,4.555050227275665,83.03083227953618,pigeonpeas
7.0,144.0,197.0,23.8494014,94.34814995,6.133220586,114.0512495,apple
0.0,67.0,22.0,29.82112112,69.4073209,6.5937983870000005,51.56461082,lentil
99.0,15.0,27.0,27.41711238,56.63636248,6.086922359,127.92461000000002,coffee
81.0,6.0,55.0,24.88910524,85.87059083,6.110142735,51.70699144,watermelon
26.0,80.0,18.0,19.32509638,23.3334788,5.581021521,104.7783947,kidneybeans
14.0,59.0,15.0,21.35135729,22.91244883,5.779090476,146.4548645,kidneybeans
99.0,36.0,20.0,20.57981887,65.34583901,6.671085817000001,78.34604471,maize
109.0,21.0,55.0,24.9004602,89.73524177,6.770278088,57.44942094,watermelon
86.0,18.0,45.0,28.96586565,90.71832938,6.566759102000001,22.25838137,muskmelon
81.0,54.0,40.0,22.443920963886278,79.52957741663346,5.627002936377794,243.4901683511673,rice
38.0,72.0,21.0,28.23416057,49.4421345,5.902103172,186.5008581,pigeonpeas
17.0,64.0,18.0,36.75087487,58.25799145,6.07938452,124.6028153,pigeonpeas
11.0,122.0,195.0,12.14190714,83.56812483,5.647202395,69.63122027,grapes
23.0,50.0,21.0,28.401547016608223,66.74480114874086,5.4141209495119,50.41814803143548,mothbeans
76.0,49.0,23.0,23.220561685561638,74.52491584281601,5.16276330896827,62.39944151337682,maize
6.0,123.0,203.0,12.7567962,81.62497448,6.130310493,66.77844567,grapes
25.0,56.0,18.0,16.976036407738707,19.885697853825096,6.130486141492689,101.66366724104348,kidneybeans
42.0,57.0,22.0,37.97488204029418,63.91135804117397,5.212506881305241,169.63484596818967,pigeonpeas
19.0,68.0,72.0,18.373595874227124,14.973223226883938,6.212566515736069,49.97575419459443,chickpea
29.0,11.0,5.0,23.13338811,91.94670335,7.639788459,104.4224145,orange
20.0,122.0,204.0,11.7976469,80.86325389,6.487369687,65.06962486,grapes
8.0,16.0,6.0,12.22816189,90.26457428,7.106650373,108.4161706,orange
10.0,73.0,18.0,18.67641990845458,20.524452501449748,5.516303083800155,46.59801236287284,kidneybeans
27.0,79.0,82.0,17.06579293,17.54024066,6.307004922999999,70.87150577,chickpea
26.0,64.0,22.0,25.95058595,40.58227261,5.16516459,109.1821183,pigeonpeas
29.0,132.0,204.0,23.08950736,90.22507299,6.0967531,108.2166601,apple
23.0,142.0,197.0,39.06555518,82.03812973,6.000573725,69.30772897,grapes
26.0,54.0,17.0,28.5474135,88.9570454,6.27258822,49.4897245,mungbean
56.0,57.0,48.0,31.56213762,93.0484859,6.506120752,63.62250788,papaya
67.0,44.0,16.0,27.35685663792037,75.83211540329701,4.859889319093335,95.45598400297814,maize
106.0,16.0,54.0,28.96017885,91.69532178,6.585872508,24.7458198,muskmelon
64.0,45.0,36.0,24.197163519481194,78.19590124867553,5.294021805652245,197.26149773436498,jute
25.0,59.0,83.0,18.129848275944333,16.5564898554371,5.891070698977626,83.30608629133297,chickpea
77.0,58.0,20.0,27.118446172088486,70.93649295646932,6.435196184112228,68.6565696056326,maize
86.0,79.0,45.0,27.81251452,82.69285419,5.80766417,99.20961514,banana
66.0,53.0,19.0,23.09348056,60.11593810000001,6.033550195,65.49730729,maize
114.0,79.0,51.0,26.21009246,82.34429458,6.313197204,112.0700033,banana
42.0,60.0,47.0,33.46873719,92.12746225,6.834808347999999,136.8277041,papaya
47.0,79.0,78.0,17.48395377,14.76014523,6.609696734,65.11365631,chickpea
6.0,83.0,22.0,30.378269033622395,65.45255153268212,4.8894217280660355,191.0264061374119,pigeonpeas
102.0,14.0,52.0,26.79489868,89.64815231,6.51075991,57.74091817,watermelon
13.0,78.0,25.0,15.62476274818274,18.480190816374357,4.668017511062581,54.81274298284509,kidneybeans
14.0,25.0,40.0,20.07386547,90.97819712,6.407872061,103.7084055,pomegranate
8.0,120.0,201.0,21.18667419,91.13435689,6.321152192,122.233323,apple
5.0,144.0,205.0,21.42177231,92.62665309,6.184922574,102.8045658,apple
23.0,21.0,26.0,26.45488737,93.45042636,5.9014955439999985,149.2220255,coconut
24.0,53.0,17.0,28.95451232,89.07866095,6.421271178,57.65901369,mungbean
38.0,52.0,18.0,35.53097445492731,36.31391355089298,5.702738431014132,185.04412734943207,pigeonpeas
95.0,38.0,22.0,19.84939404,61.24500053,5.730617109,100.7689246,maize
2.0,61.0,20.0,22.13974653,23.02251117,5.95561668,76.64128258,kidneybeans
28.0,63.0,24.0,19.885592854706353,41.99130116630838,5.606391612991705,143.3857533391246,pigeonpeas
26.0,42.0,17.0,28.490984646438637,89.83148521449617,6.104733621055486,36.38571294233362,mungbean
14.0,62.0,17.0,18.003357874284728,23.504374684890017,5.449586255217166,122.40410276584207,kidneybeans
119.0,44.0,15.0,22.14593688,82.85975490000001,7.091992365,60.65381719,cotton
12.0,52.0,18.0,30.13905565526399,83.06007946681055,5.6754472234503615,35.27664697936214,mungbean
85.0,22.0,53.0,25.96534238,89.77076659,6.849471704,59.46338556,watermelon
86.0,26.0,27.0,27.13140403,52.89368299,6.081172981,192.4280381,coffee
27.0,59.0,20.0,28.00937423,52.60950014,4.397698806,36.01203025,mothbeans
92.0,37.0,54.0,23.940361634465468,89.86529818393667,5.6927700520543425,198.25483878896466,rice
39.0,38.0,22.0,27.957570430264823,81.61158210357065,5.101855561543025,36.02119260906421,mungbean
33.0,50.0,15.0,27.247702560796682,57.82625194453882,5.353255609484789,64.23521536057574,mothbeans
35.0,134.0,204.0,9.949929082,82.55138983,5.841138354,66.00817551,grapes
39.0,68.0,15.0,16.999215114095925,24.57660625740302,5.751964891190435,93.23973740762042,kidneybeans
78.0,33.0,46.0,25.61814701253861,79.59927049934872,5.75271704311653,121.94201753180637,jute
3.0,66.0,14.0,18.650314366983757,36.46245548924628,4.5,121.55247256451666,pigeonpeas
15.0,133.0,199.0,23.99686172,91.61001707,5.8247786360000005,117.6102915,apple
14.0,69.0,19.0,20.95628486,63.68128841,7.239455147,52.39881209,lentil
81.0,30.0,31.0,24.65090184,51.93952357,7.0275855589999985,135.1386537,coffee
34.0,76.0,80.0,20.65691793,15.84572566,7.985417393,65.23811143,chickpea
23.0,59.0,25.0,27.826262300000003,88.73100226,6.320768488,56.68833819,mungbean
102.0,71.0,48.0,28.65456263,79.28693687,5.695267822000001,102.4633775,banana
126.0,50.0,19.0,24.69457084,81.7358876,6.6287228360000015,78.58494391,cotton
30.0,75.0,81.0,19.41789736,16.80472243,6.4084378860000015,68.4951189,chickpea
91.0,21.0,50.0,24.33528185,81.44030363,6.762030215,48.32113628,watermelon
30.0,77.0,75.0,17.634959458976482,13.90827354317639,6.34046917470664,71.58564828485211,chickpea
13.0,60.0,25.0,17.13692774,20.59541693,5.68597166,128.256862,kidneybeans
19.0,63.0,25.0,32.258297060907815,64.17836242934085,5.401181994235228,64.36124159286878,blackgram
83.0,11.0,53.0,29.54097171,92.91778307,6.163921247999999,21.9653077,muskmelon
102.0,11.0,45.0,29.03167341,93.12603235,6.35544263,24.15591199,muskmelon
83.0,48.0,15.0,26.059628779397553,64.0861971205819,5.887516677762374,69.94287004395665,maize
118.0,18.0,32.0,27.6496114,51.11044023,6.351823783,122.8392822,coffee
69.0,60.0,54.0,36.32268069,93.06134398,6.98992719,141.1736926,papaya
99.0,41.0,36.0,24.45802087,82.74835604,6.738652179,182.5616319,rice
53.0,70.0,78.0,19.671061283671186,15.273627839670228,5.320643591813861,73.44584313370395,chickpea
37.0,77.0,20.0,25.93381964,68.70533022,7.080506001,51.02372773,lentil
113.0,38.0,25.0,22.00085141,79.47270984,7.388265887999999,90.42224164,cotton
45.0,62.0,16.0,29.94655211339647,64.80795585781574,5.438477224176256,41.695049451239235,blackgram
23.0,58.0,21.0,24.216522289300787,62.62044461371322,5.127296110403385,42.62882460806144,mothbeans
14.0,140.0,197.0,23.35225078,90.90054697,6.071255131,113.0381382,apple
28.0,76.0,82.0,20.56601874,14.25803981,6.654425315,83.75937135,chickpea
4.0,43.0,18.0,29.02955344,61.09387478,8.840656256,72.98016599,mothbeans
63.0,45.0,39.0,25.01592591222961,71.5188311874776,4.921655450721303,141.81243141532536,jute
54.0,67.0,52.0,35.67667332,93.30641944,6.586107335,141.3381168,papaya
3.0,55.0,17.0,24.0003895557051,41.29976098283702,5.985371702435951,82.86808602732881,pigeonpeas
20.0,79.0,78.0,19.01003540556194,15.831023199688271,4.843023881736511,72.82681543543696,chickpea
80.0,77.0,49.0,26.05433004,79.39654531,5.519088423,113.2297373,banana
19.0,72.0,15.0,28.83600962,69.76112921,6.890760124,44.08562546,lentil
69.0,64.0,43.0,22.89021227289485,74.582687789965,5.478334154838811,147.95278516474102,rice
12.0,61.0,19.0,19.33162606,24.13995025,5.655726817000001,68.51253427,kidneybeans
77.0,51.0,44.0,23.25583402,82.7015932,7.124333547000001,166.2160846,jute
63.0,29.0,23.0,22.750900359103195,54.4236935431175,5.465574223620066,61.50924399304585,maize
23.0,73.0,68.0,17.534146164157235,19.29929474489191,5.053454619359382,58.60014122159089,chickpea
19.0,17.0,39.0,24.72485577,85.56083187,6.728599215,111.2787584,pomegranate
97.0,8.0,52.0,24.9103226,86.97190046,6.237861736,49.48575692,watermelon
70.0,63.0,24.0,17.17542570385627,69.85112557576453,5.278467975217506,76.80868342123688,maize
33.0,80.0,22.0,28.57006111,65.71765781,6.593961761,70.0866434,blackgram
65.0,37.0,40.0,23.35905428,83.59512273,5.333322606,188.413665,rice
6.0,37.0,15.0,29.84922662830242,78.29936164682356,5.037276267104702,34.56120734392653,mungbean
36.0,67.0,20.0,20.39078312,60.47528931,6.924042372000001,53.31508572,lentil
14.0,5.0,36.0,24.92639065,85.19098079,5.832525853,104.7693804,pomegranate
36.0,59.0,46.0,34.28879307,93.61082872,6.721130542999999,127.2509777,papaya
36.0,43.0,24.0,27.09400578,43.65305437,3.510404312,41.53749535,mothbeans
33.0,139.0,203.0,33.34214482,82.51034633,5.693287415,70.68098614,grapes
99.0,15.0,27.0,27.0424167,57.27927475,6.501157208,165.6872119,coffee
8.0,50.0,21.0,28.62911222,89.11480590000002,6.218923893,50.49913241,mungbean
32.0,121.0,199.0,39.37102553,81.25353895,6.129812716,74.08101744,grapes
88.0,38.0,15.0,25.08239719,65.92195844,6.455116637000001,62.49190812,maize
31.0,52.0,22.0,22.199056568389075,22.370368860653265,5.480033142934578,76.5861594363642,kidneybeans
28.0,136.0,200.0,23.06204373,92.39544055,6.245858905,114.7399101,apple
101.0,37.0,18.0,22.92360984,82.68738535,7.63737841,92.91915074,cotton
34.0,21.0,42.0,18.75927679,89.93457597,6.6486872739999985,111.0196744,pomegranate
120.0,23.0,55.0,27.84492803,91.60666594,6.732049075,26.47844429,muskmelon
37.0,23.0,28.0,25.61294367,94.3138837,5.7400545670000005,224.3206759,coconut
16.0,80.0,17.0,20.013860508897412,24.34528821390585,5.641733879360286,54.63742303039359,kidneybeans
22.0,11.0,29.0,28.03380598,95.01630593,5.955742971,218.0055713,coconut
20.0,79.0,21.0,33.739821757417005,37.466154472831604,4.5,126.34839477604538,pigeonpeas
35.0,135.0,199.0,21.77466746,80.54942557,6.400719746,69.39630398,grapes
64.0,36.0,18.0,21.817113726314837,66.59062340360923,4.5,69.51897762975453,maize
31.0,51.0,25.0,27.53592929,85.57019009999998,7.196774236,53.01899249,mungbean
49.0,55.0,51.0,24.87212063,93.90560147,6.676578778,135.16945249999998,papaya
77.0,36.0,23.0,24.71417533,56.73426469,6.648725327,88.45361858,maize
25.0,21.0,11.0,32.23797837,90.15406807,6.460044777999999,104.7052254,orange
55.0,50.0,24.0,24.71215865111028,64.69361909188588,5.624419897284697,97.45735744949363,maize
50.0,59.0,47.0,40.76998685,92.09278584,6.747975732,209.8678411,papaya
43.0,56.0,25.0,22.365170818557356,68.06489185107985,5.513111152327195,50.87499963799999,lentil
25.0,65.0,21.0,33.86351172,68.59232289,6.880245789,69.24464096,blackgram
34.0,48.0,48.0,41.04224355,91.37258067,6.805277038,181.527598,papaya
112.0,39.0,29.0,26.12492233,63.37479229,6.726528895,147.8035305,coffee
25.0,48.0,22.0,29.605993323785512,62.62833295204679,4.761279387402572,35.686966526353864,mothbeans
83.0,41.0,43.0,21.0525355,82.67839517,6.254028451,233.1075816,rice
8.0,66.0,21.0,27.58455321777277,85.32335489705778,6.231125111497525,29.678672786960806,mungbean
66.0,44.0,20.0,19.0781471,69.02298571,6.740000687999999,80.72515943,maize
19.0,79.0,19.0,20.06003985,67.76252583,6.677262562,42.89509057,lentil
63.0,41.0,45.0,25.29781791,86.88705350000002,7.1219335789999985,196.6249511,jute
8.0,26.0,36.0,18.78359608,87.4024767,6.804781106,102.5184759,pomegranate
45.0,61.0,26.0,26.2180708650377,62.461421321735656,6.271893667801908,40.657883026390834,blackgram
26.0,135.0,203.0,33.78372897,81.16314317,5.6851027689999984,74.53557341,grapes
7.0,63.0,23.0,23.233072265635613,24.61853996633826,6.441176886982399,119.63270256822926,kidneybeans
16.0,73.0,19.0,18.41645629,34.80541039,4.684079249,163.27474730000003,pigeonpeas
65.0,55.0,36.0,25.753976575153313,86.4336944077261,5.390491906409957,108.79116779515587,jute
22.0,55.0,20.0,33.95309131,69.96100028,7.423530351,61.16350463,blackgram
9.0,16.0,39.0,18.41164435,91.11927248,6.101198974,105.1834976,pomegranate
57.0,55.0,44.0,25.275365135956413,86.42693644793248,4.5,143.87823514198132,jute
63.0,36.0,14.0,16.869963494189705,65.14495940580971,5.943072829775521,57.689985220463726,maize
25.0,57.0,19.0,17.15432954,19.87070659,5.566522896,87.99669731,kidneybeans
88.0,5.0,47.0,25.86475496,86.67468041,6.662244646,41.16554802,watermelon
23.0,35.0,18.0,26.4908332,47.36534833,5.414492777,36.99362831,mothbeans
96.0,50.0,46.0,25.602197825358967,77.4138067155801,4.698372522164143,291.778319815,rice
27.0,8.0,30.0,26.44600063,98.29937782,6.008386282999999,221.2258168,coconut
17.0,57.0,21.0,19.88394011,20.31564139,5.7892142889999985,60.91974792,kidneybeans
37.0,55.0,82.0,19.45591848,18.02235902,8.423873703,78.44910564,chickpea
4.0,40.0,21.0,28.79728147,80.45744422,6.725551062,44.30070517,mungbean
17.0,59.0,17.0,18.416700100000003,23.42829938,5.689858133,132.9801054,kidneybeans
24.0,52.0,23.0,16.794499348264253,18.90598517890648,5.792148583939805,92.26453119139745,kidneybeans
15.0,55.0,15.0,21.757057951825573,23.086057366431454,6.154788288576586,101.763163196214,kidneybeans
53.0,74.0,15.0,29.43463808,64.94329356,7.517097,72.17818157,blackgram
20.0,28.0,26.0,26.37978453,91.49882979,5.547594847,167.0470997,coconut
4.0,13.0,6.0,15.63211033,94.25966183,7.5611432239999985,101.4705704,orange
42.0,67.0,81.0,15.612006282374935,17.172262595012825,5.550613319069651,84.06474599851772,chickpea
54.0,70.0,81.0,18.054651465111995,16.569739254219495,4.974019466167633,86.64867719517567,chickpea
121.0,45.0,22.0,22.45942937,81.30681027,6.443785385,64.23026638,cotton
25.0,27.0,41.0,19.20090378,94.27659596,6.9235093710000015,108.0423555,pomegranate
43.0,50.0,48.0,28.28222883,91.37059792,6.63016515,179.27208069999998,papaya
82.0,43.0,38.0,23.28617173,81.43321641,5.105588355,242.3170629,rice
12.0,84.0,20.0,30.17206111194443,36.73291963068079,5.246428494433574,186.82097771837712,pigeonpeas
86.0,42.0,21.0,20.261366963403955,59.1286514932934,5.876282751129435,74.17461297039395,maize
12.0,52.0,20.0,28.36199109965779,84.60921385013282,4.744134940269637,32.90340823612297,mungbean
34.0,9.0,36.0,22.8122645,86.34233767,6.276038961,110.4432293,pomegranate
93.0,56.0,36.0,24.01497622,82.05687182,6.98435366,185.2773389,rice
33.0,59.0,19.0,23.19305333,62.74710773,7.641024177,49.55213308,lentil
13.0,64.0,20.0,19.1345771,62.57526895,6.590571088,36.46946971,lentil
47.0,75.0,23.0,32.66034430135148,70.32985164042422,4.5,62.79458914684003,blackgram
23.0,45.0,21.0,31.46511256,51.79939437,8.985348193,74.44330654,mothbeans
4.0,61.0,21.0,23.27102164455063,59.502562545208434,5.061003620704189,40.66254431525809,lentil
38.0,61.0,21.0,30.27374995,67.38680755,4.696518678,127.7767134,pigeonpeas
39.0,69.0,53.0,25.9300384,93.02357765,6.964955435,241.8202079,papaya
117.0,27.0,48.0,26.53259325,82.39053979,6.8352681839999985,54.30660782,watermelon
84.0,21.0,55.0,28.47090661,94.79453182,6.494251024,21.08484101,muskmelon
14.0,64.0,23.0,17.886908867834695,21.16768071719046,6.031541033483794,75.99353041152085,kidneybeans
36.0,83.0,21.0,25.551736275697778,62.014238273595176,5.652906668555655,42.24690678834902,lentil
22.0,30.0,12.0,15.78144173,92.51077745,6.3540067439999985,119.035002,orange
93.0,54.0,38.0,19.91988558984107,79.53427161271405,5.2486717618253245,261.128699115608,rice
34.0,15.0,34.0,27.05826457,91.10510371,5.677282677999999,224.70069530000004,coconut
0.0,55.0,22.0,22.98666928,20.57940608,5.916779289,143.85849380000005,kidneybeans
7.0,39.0,15.0,33.846713481665766,42.58715410029268,4.911278456383671,52.683413507584646,mothbeans
38.0,72.0,89.0,19.366747967223304,15.956705034472387,5.350020988705721,60.615275884332824,chickpea
37.0,6.0,13.0,26.03097313,91.50819306,7.511755067999999,101.2847738,orange
44.0,57.0,53.0,42.30495821,90.51431779,6.93172108,74.876786,papaya
90.0,39.0,43.0,24.44743944,82.286484,6.7693455,190.9684885,jute
28.0,78.0,70.0,21.629042894730055,16.506785164565322,5.536371158468532,58.21390857220992,chickpea
29.0,80.0,69.0,16.466360855032296,14.778297873357468,6.004555355551298,48.02639721642464,chickpea
95.0,14.0,50.0,26.6333118,84.31756844,6.560443519,56.31866159,watermelon
12.0,39.0,21.0,28.99319096,62.85948245,8.183844843,70.4713043,mothbeans
94.0,37.0,41.0,24.7634518,87.06071115,6.4635387070000005,179.1630865,jute
31.0,78.0,76.0,17.57212145,14.99927489,8.519975748,89.31050665,chickpea
5.0,66.0,19.0,18.46389410515556,66.10472857287611,5.982515263114502,44.643025624363034,lentil
92.0,81.0,52.0,28.0106804,76.52808057,5.891413895,103.7040783,banana
23.0,67.0,25.0,32.407747923117014,60.44974578849451,5.02765530881331,56.93339446477979,blackgram
89.0,54.0,38.0,24.51588066,83.53521629999999,6.685346424,230.4462359,rice
44.0,58.0,21.0,19.92262620594416,68.28902470106041,5.61979687738804,35.968987905353465,lentil
22.0,79.0,17.0,21.42451099,20.39659714,5.912289889,116.5206923,kidneybeans
112.0,28.0,54.0,24.86094646,85.05318563,6.738030547,55.29563514,watermelon
9.0,66.0,21.0,30.11812084,34.13307843,5.719889876,157.0858232,pigeonpeas
35.0,66.0,47.0,31.7018373,91.66232213,6.953439161,48.83810592,papaya
68.0,41.0,16.0,21.77689322,57.80840636,6.158830619,102.0861694,maize
76.0,41.0,48.0,25.20218313189308,89.38082774731885,5.650629455205207,187.22589709099975,jute
74.0,48.0,17.0,21.63162756,60.27766379,6.430616465,69.21803098,maize
99.0,50.0,15.0,18.14710054,71.09445342,5.573286437,88.07753741,maize
10.0,60.0,26.0,19.803675137835754,38.50374301324342,5.566706036722682,118.85473610895318,pigeonpeas
41.0,71.0,17.0,20.162835106230748,65.24638455234052,4.9825583248037955,38.753904630498226,lentil
28.0,23.0,28.0,30.01821337,50.09831810000001,5.676032581,96.08745082,mango
58.0,35.0,41.0,23.26485320192373,75.65548775728634,5.5202787282009576,151.17866030068893,rice
30.0,59.0,19.0,32.17965589906723,55.75114549132498,5.420107815420481,70.19466502861472,blackgram
31.0,45.0,25.0,31.797569434028585,49.6540463767973,5.634722907219627,64.62222713494891,mothbeans
63.0,58.0,22.0,18.25405352,55.28220433,6.204747652999999,63.72358154,maize
16.0,6.0,29.0,29.28725038,91.95614918,5.868285082000001,132.1491176,coconut
18.0,5.0,11.0,20.87947369,90.93756231,6.251586885,102.4550786,orange
40.0,79.0,81.0,21.433259975690266,19.199222271181583,4.574631828469989,65.96199896600112,chickpea
77.0,44.0,44.0,24.14949547773906,73.62105282363869,4.987557732740815,127.92651334609516,jute
56.0,42.0,43.0,23.615315052873438,81.98453019253832,5.253375850000967,152.28050756691204,jute
24.0,52.0,16.0,24.379744456951165,69.04865471012243,4.5,57.2001041155,lentil
29.0,70.0,86.0,20.104545212855502,19.030943692141765,5.572600461058918,76.99798767572781,chickpea
34.0,35.0,21.0,28.44524991,82.67639542,6.684381357,58.18713162,mungbean
27.0,24.0,29.0,26.61423461,96.97300803,6.142010637,191.006688,coconut
30.0,28.0,30.0,31.86641378,52.19331595,5.064613314,98.46768642,mango
106.0,40.0,15.0,26.74658531652011,68.19362331161597,6.084721058255545,102.36628979008188,maize
14.0,58.0,17.0,30.53684308,59.96664731,4.605700542,33.48919022,mothbeans
129.0,60.0,22.0,24.58453146,79.12404171,5.947448589,71.94608134,cotton
36.0,27.0,26.0,26.58413917,95.78923137,6.25449571,171.6262299,coconut
10.0,70.0,19.0,24.84918386,68.98088448,7.272427638,41.61080544,lentil
10.0,64.0,20.0,23.198686503909357,64.46793130410195,5.771875561627272,42.97181291261179,lentil
69.0,66.0,49.0,40.00439101,90.17015833,6.52711001,92.11877372,papaya
30.0,137.0,200.0,22.91430043,90.70475565,5.603413172000001,118.6044645,apple
83.0,58.0,29.0,21.616941808183963,74.11250346780737,5.883147665719,227.67598972499997,rice
23.0,62.0,85.0,18.97424756,19.5161216,8.490127142,80.7108745,chickpea
29.0,67.0,21.0,29.79181107,63.38789228,6.621323612,63.02169909,blackgram
86.0,42.0,45.0,23.71937601383694,97.23247573883197,5.182505913127308,140.77236362907132,jute
117.0,19.0,55.0,28.80311922,91.78336933,6.121745389,25.16359891,muskmelon
116.0,28.0,34.0,23.44372334,60.39523266,6.42321105,122.2103248,coffee
32.0,76.0,15.0,28.05153602,63.49802189,7.604110177000001,43.35795377,lentil
35.0,55.0,24.0,27.001906967767663,82.29168952502512,5.787556307721356,26.629918512751978,mungbean
17.0,29.0,26.0,26.14162144,93.28415295,6.071897347,195.4115025,coconut
116.0,56.0,17.0,24.71252544,77.7293114,7.979090365,85.24963302,cotton
27.0,120.0,200.0,21.45278675,90.74531921,6.1102188260000005,116.7036582,apple
29.0,58.0,22.0,18.674026302032818,18.547442358121113,5.61397067473857,76.6149083051809,kidneybeans
20.0,66.0,18.0,32.44071342160431,63.106264327929146,5.133413882426652,57.97663696767214,blackgram
33.0,121.0,203.0,22.45696744,94.76285385,5.6059340870000005,114.8407725,apple
127.0,53.0,24.0,22.21506982,76.17851932,6.127939627999999,70.40557612,cotton
20.0,48.0,23.0,29.660169095492442,50.96633488701178,5.432045412988319,59.21766696677369,mothbeans
107.0,5.0,52.0,26.6634609,89.98405233,6.8814257460000015,57.40847165,watermelon
30.0,70.0,79.0,20.26942271,19.96978871,7.313122235,69.64449182,chickpea
67.0,45.0,38.0,22.72791041,82.17068809999998,7.300410836,260.8875056,rice
58.0,71.0,15.0,27.82592799,67.58618829999999,6.919243702,74.01229707,blackgram
94.0,89.0,48.0,28.55980972,84.51602322,5.653437902,111.0843029,banana
7.0,56.0,18.0,18.31357543,24.32991649,5.698371311,76.14153904,kidneybeans
29.0,41.0,21.0,31.49398069,62.84916863,8.86979671,64.56807592,mothbeans
38.0,81.0,18.0,33.52191705798487,47.52504591819864,4.5,89.07204699593328,pigeonpeas
75.0,45.0,34.0,23.084826360296713,81.34042213364356,5.765961809935033,264.76493509663254,rice
74.0,42.0,38.0,24.20451973024482,83.95921012282271,4.851514244819185,213.08256018394425,rice
3.0,49.0,18.0,27.91095209,64.70930606,3.692863601,32.67891866,mothbeans
92.0,56.0,34.0,24.499152504047732,85.18893739205379,5.638933003950222,135.1752543743663,rice
30.0,79.0,83.0,18.28358877502786,15.950372369445256,4.895235554420368,50.991489993853534,chickpea
86.0,42.0,38.0,26.72933749061569,80.72253613378624,5.09778205234147,102.670148347492,jute
11.0,40.0,19.0,27.326900421983854,42.33927183087147,6.5,29.849045414008124,mothbeans
107.0,45.0,25.0,23.0865933,83.55546146,7.2277455160000015,71.84080724,cotton
17.0,136.0,195.0,41.20733624,81.61051026,6.389783283,65.90227462,grapes
77.0,48.0,36.0,25.86705009,84.09985284,7.36008498,154.83908469999997,jute
14.0,79.0,18.0,28.686687531906575,56.54627867908923,6.256292030053588,21.4325900930752,lentil
32.0,73.0,81.0,20.45078582,15.40312102,5.988992796000002,92.68373702,chickpea
53.0,67.0,17.0,31.77681682,69.01852894,7.296972161,61.46892873,blackgram
126.0,46.0,25.0,24.43847399,81.69801729,6.757457943,60.79645852,cotton
8.0,60.0,18.0,31.21629982,46.01868196,3.808429173,53.1205277,mothbeans
25.0,52.0,23.0,20.809375653751516,17.713660150512755,5.218934830902546,138.72802996673502,kidneybeans
42.0,59.0,55.0,40.10207731,94.35110201,6.979102243,149.1199989,papaya
34.0,73.0,15.0,20.97195263,63.83179889,7.630424082999999,53.10207889,lentil
31.0,75.0,18.0,15.46789263,21.43780702,5.8242083089999985,88.88796102,kidneybeans
29.0,139.0,205.0,23.64142354,93.74461474,6.155939452999999,116.6912176,apple
90.0,54.0,25.0,19.33019999807908,66.31529025063622,5.917159205685975,54.45948006984839,maize
25.0,43.0,21.0,30.927824029484718,53.46140551898487,5.371963274082112,74.85481817255987,mothbeans
35.0,30.0,34.0,28.2974764,95.41122824,6.141502001,182.4482352,coconut
17.0,64.0,17.0,21.02213209,24.93896255,5.662699104,124.6118471,kidneybeans
83.0,58.0,23.0,19.74213321,59.66263104,6.381201909,65.50861389,maize
81.0,52.0,44.0,24.829844902821186,75.75159629642533,5.810671967149912,191.78660375352237,jute
107.0,72.0,45.0,28.14938935,81.54448882,5.790768046,91.40508414,banana
35.0,38.0,19.0,25.32688786,63.18180319,9.112771682,32.71129281,mothbeans
17.0,58.0,25.0,31.12896766,43.58788762,6.455592696,32.76742894,mothbeans
87.0,41.0,44.0,20.840847356076356,77.96808710897963,4.901986519551967,168.9401345149898,rice
9.0,8.0,15.0,14.34320488,94.35734702,7.994465371,110.22231229999998,orange
4.0,49.0,15.0,32.29478489583665,44.14364715845379,4.696410315303604,128.80624680949674,pigeonpeas
87.0,65.0,38.0,24.41998820434405,82.4736885109598,5.268354404889837,175.94503448043656,rice
1.0,76.0,19.0,24.18553163,46.68746847,6.6695294160000005,177.3377996,pigeonpeas
95.0,88.0,52.0,28.00316034,78.90085998,6.235461772000001,94.68180316,banana
33.0,79.0,15.0,28.604786423493735,64.68187442688665,5.960728883110728,80.14191651899999,blackgram
44.0,60.0,55.0,34.2804607,90.55561637,6.825371185,98.54047745,papaya
59.0,70.0,84.0,17.3348681,18.74926979,7.550808267000001,82.61734721,chickpea
4.0,69.0,19.0,19.25100056,47.70351758,5.374358869,149.063196,pigeonpeas
34.0,65.0,48.0,41.41968393,90.03863107,6.665024507999999,199.3096432,papaya
33.0,14.0,35.0,27.14865285,96.66355213,6.027707171,149.2433497,coconut
81.0,38.0,41.0,21.402526108491845,72.05317479416371,5.916948226215112,124.48453452271177,jute
29.0,63.0,17.0,30.02629908,67.88811637,7.26154329,66.47264636,blackgram
39.0,38.0,13.0,30.44797426344787,86.43997764118195,6.5,48.449267777324955,mungbean
27.0,21.0,30.0,35.3915464,52.48823147,5.061081874,91.22881052,mango
26.0,35.0,31.0,33.44619894,53.05980465,5.339556562,98.05089394,mango
10.0,125.0,196.0,22.31253665,90.03577124,5.730557448,113.0688155,apple
99.0,16.0,30.0,23.52652084,65.44340921,6.392791654,186.1728203,coffee
58.0,53.0,19.0,26.24969998656698,64.09192845866814,5.444763310033793,49.06111844464759,blackgram
0.0,64.0,24.0,27.804822472248677,60.43699529756617,5.073357569074346,61.117106764499994,lentil
37.0,126.0,196.0,23.59997268,90.97597665,5.596449493,107.17281909999998,apple
81.0,30.0,48.0,28.52379742,92.09688432,6.041027474,29.86681385,muskmelon
80.0,18.0,52.0,27.87317436,91.14849627,6.484799661,24.05207925,muskmelon
12.0,67.0,20.0,31.898935321345938,35.46829622524775,5.529978355115511,161.79619289858712,pigeonpeas
67.0,43.0,39.0,26.04371967,84.96907151,5.9999690260000005,186.7536773,rice
4.0,69.0,20.0,18.096591459523044,31.75243011783599,5.416503596192017,152.56201269623165,pigeonpeas
35.0,90.0,81.0,20.5765750962313,17.2242238009756,5.439609703054379,56.15859834513783,chickpea
89.0,45.0,36.0,21.32504158,80.47476396,6.442475375,185.4974732,rice
56.0,59.0,55.0,37.03551903,91.79430166,6.551892637999999,188.5181422,papaya
11.0,14.0,5.0,11.50322938,94.8933184,6.946354724,115.56837759999998,orange
117.0,43.0,25.0,24.68854799,78.51206972,7.839849298,69.31153566,cotton
81.0,36.0,38.0,23.76554749,87.98329901,6.334837865,150.31661519999997,jute
81.0,25.0,49.0,29.86895762,93.25103208,6.076459669,26.26243014,muskmelon
86.0,57.0,45.0,23.656446251772863,84.06809493918813,5.2082012102633595,205.8515270924728,rice
44.0,56.0,49.0,39.23342464,91.25589286,6.519779582999999,64.4478499,papaya
6.0,124.0,200.0,22.98208095,93.84505029,5.971332179,109.5852253,apple
75.0,47.0,42.0,22.92597771461286,81.58541740602045,5.909359262746699,147.93010696446905,jute
12.0,42.0,21.0,26.133441446017475,64.69103943296739,5.280818710269244,47.47736049056895,mothbeans
75.0,49.0,17.0,26.641690739304725,72.46593109857376,5.419567062341544,69.75510098557591,maize
8.0,23.0,38.0,19.30106297,87.1775172,7.005410734,105.4766591,pomegranate
58.0,51.0,47.0,42.13473976,91.70445386,6.757470637000001,197.402901,papaya
16.0,70.0,17.0,28.942082605319968,66.26872926999181,6.010584763735473,39.76001261437687,lentil
14.0,76.0,20.0,29.05941162,62.10652364,7.042474679,36.5011366,lentil
82.0,75.0,55.0,27.34585147,78.48738349999998,6.281069505,92.15524332,banana
84.0,44.0,21.0,21.869274,61.91044947,5.850439831,107.2681929,maize
19.0,65.0,22.0,17.992441377719782,18.257577407927172,6.5,115.99901767357814,kidneybeans
28.0,79.0,16.0,24.70626432,60.26854183,6.0521848810000005,53.12442925,lentil
66.0,48.0,34.0,23.37764938144724,72.92174893431765,5.055595296980852,110.18614077505704,jute
61.0,41.0,44.0,24.36972377,82.11319791,6.537914957999999,159.92109340000005,jute
13.0,126.0,204.0,23.1094265,92.79630809,6.3831802710000005,108.183792,apple
47.0,53.0,17.0,32.51774806778158,62.68506335827243,5.837445477586193,71.60178912949999,blackgram
108.0,38.0,24.0,23.41022496,76.43836957,7.442217061,78.82199603,cotton
9.0,50.0,21.0,26.418950991666907,78.4954740513679,5.617029681753798,25.467719717583893,mungbean
29.0,56.0,18.0,15.977242075664078,24.914863870199053,5.586894715969737,114.20461733209058,kidneybeans
110.0,39.0,25.0,22.60612115,77.34264002,7.208795456,75.13617229,cotton
93.0,22.0,48.0,29.12533739,91.52291141,6.776987974,21.90440445,muskmelon
32.0,137.0,204.0,22.86006627,93.12859895,5.824151692999999,117.7296726,apple
71.0,54.0,35.0,26.63952463,70.95705996,7.311077075,199.3355744,jute
33.0,66.0,15.0,29.510718544644938,68.1419811519357,6.155246204838757,77.12002896007905,blackgram
16.0,77.0,22.0,31.48469278,35.6395615,6.574209678,100.546816,pigeonpeas
86.0,57.0,42.0,23.830843904110893,88.73676540848295,5.808789794161894,166.1365072742452,rice
77.0,36.0,37.0,26.88444878,81.46033732,6.136131869,194.5766559,rice
96.0,54.0,40.0,25.580129080643644,75.00337856546075,4.5,122.45068277111436,jute
79.0,47.0,16.0,24.474799124253476,70.4753825007394,4.79867187816194,56.74790967507153,maize
83.0,94.0,47.0,27.39872329,81.10523402,6.469370954,112.1355384,banana
21.0,21.0,38.0,22.5526059,89.32594859999998,6.327673765,104.8955643,pomegranate
89.0,52.0,42.0,23.09433785,81.45139295,6.14132902,196.6587013,jute
46.0,75.0,82.0,21.87501598156305,16.165760961806054,5.438730520030009,45.990684353328604,chickpea
36.0,39.0,25.0,27.70528635897172,46.0631032308152,5.638573017217949,43.265649674468015,mothbeans
32.0,79.0,15.0,23.90910104,20.74619325,5.706198621,81.60211243,kidneybeans
5.0,21.0,38.0,22.43377991,90.3396556,6.107054807999999,112.459697,pomegranate
5.0,74.0,21.0,16.547107631042216,21.779910719480238,5.132087541551653,58.35700884255871,kidneybeans
95.0,56.0,48.0,25.194583917777106,88.89405471966712,4.7422881949260285,122.83133995,rice
8.0,81.0,28.0,29.51833808765056,53.32228070352317,5.1246600197062415,166.77600146913335,pigeonpeas
36.0,66.0,15.0,30.08545364,69.34811988,6.668238556,67.1367443,blackgram
71.0,32.0,49.0,21.539871961872556,85.00110675791548,5.67343840922957,279.4392711993839,rice
8.0,45.0,18.0,27.93034941,85.42058715,7.011030515,43.25095608,mungbean
19.0,38.0,21.0,29.134266333000177,81.04746638036082,4.5,29.590269041433775,mungbean
32.0,138.0,197.0,9.535585543,80.73112694,5.908724337000001,69.44115171,grapes
26.0,65.0,22.0,17.84806561,18.77621951,5.9499490810000015,143.09841709999995,kidneybeans
28.0,74.0,81.0,18.01272266,18.30968112,8.753795334,81.98568791,chickpea
9.0,62.0,30.0,29.409967386812866,62.573597497398886,5.499527976581623,38.37833064458945,mothbeans
23.0,73.0,74.0,20.036233503485935,19.620635339481826,4.730804869887477,53.1528928727813,chickpea
69.0,35.0,35.0,23.89776547203305,78.67245830319503,4.558837663805447,133.12592179892994,jute
96.0,41.0,40.0,23.58419277,72.00460848,6.090060478,190.4242157,jute
28.0,67.0,21.0,21.79792649,63.73086065,6.250994222999999,46.62370222,lentil
34.0,44.0,23.0,29.59440736322049,85.39327916058167,5.385174289960636,54.22039717516215,mungbean
11.0,18.0,42.0,21.57936934,94.88267728,5.938528744,102.8593382,pomegranate
37.0,56.0,83.0,18.592597288593378,18.1338633682431,4.5,83.48985501214075,chickpea
83.0,38.0,35.0,25.70822684,52.88667115,7.18915558,136.73250919999998,coffee
91.0,55.0,15.0,18.09300227,72.61024172,6.376651091,78.96159541,maize
100.0,40.0,35.0,27.56441788,54.41094079,6.9557873510000015,177.816092,coffee
95.0,56.0,37.0,19.361921645356087,80.0273326513416,5.108779010014909,204.69796974197476,rice
39.0,132.0,196.0,35.83089092,83.32560104,5.778594403,73.67984885,grapes
39.0,57.0,19.0,29.32379604,45.93248374,6.421748487,165.4113371,pigeonpeas
16.0,15.0,42.0,19.67832052,89.08935702,6.890784045,108.5468633,pomegranate
24.0,83.0,14.0,35.50542808471053,67.45119125820406,6.07097981212738,39.992688001535356,blackgram
31.0,76.0,82.0,20.8248451,17.85057083,7.599279991,79.20509212,chickpea
40.0,18.0,43.0,19.38603815,86.79058496,5.767372539,109.91309840000002,pomegranate
4.0,57.0,26.0,25.069108315121014,85.40149159195606,5.8977051852816365,51.5329084961543,mungbean
31.0,136.0,197.0,31.11047251,83.34010951,5.653776057999999,71.43001582,grapes
71.0,56.0,37.0,23.18866654,86.20899734,6.491506245,176.103677,jute
2.0,56.0,23.0,26.65333029,59.79023382,7.550090941,36.91852635,mothbeans
88.0,17.0,52.0,29.90415889,90.75284363,6.646962425,25.37828397,muskmelon
40.0,30.0,35.0,20.89273273,91.07776977,6.269663962999999,104.4407083,pomegranate
17.0,70.0,16.0,19.69261799997901,31.519980095991354,5.835879076419934,187.96440733657397,pigeonpeas
1.0,8.0,26.0,27.5136304,94.18955816,5.562911913,156.6732553,coconut
11.0,40.0,23.0,29.61253065,63.04749127,5.80428611,50.1978269,mothbeans
96.0,45.0,43.0,24.015201425957958,88.72507251594052,6.048981156701674,127.09854909581503,jute
16.0,80.0,20.0,31.24021696,56.67369054,7.3393209289999986,122.0146733,pigeonpeas
70.0,55.0,35.0,27.25144190767076,68.32978465960045,6.078613353475989,113.82614617155357,jute
98.0,25.0,52.0,25.2801372,83.15393658,6.224066378,49.29456609,watermelon
108.0,89.0,53.0,29.55054817,78.06762846,5.8084976039999985,99.34482238,banana
23.0,39.0,22.0,29.25649321,81.97952224,6.86483915,42.02483277,mungbean
104.0,26.0,30.0,24.40726724,62.65692638,6.410992833,148.6977358,coffee
10.0,79.0,20.0,24.98287462,66.895409,6.379881442,38.21370568,lentil
28.0,59.0,22.0,30.90607799,52.79913039,7.05181629,170.99198280000005,pigeonpeas
14.0,23.0,25.0,26.18552389,96.96637916,5.6121227970000005,135.4186222,coconut
12.0,67.0,23.0,25.62896213,63.14909763,6.585020302999999,45.49683991,lentil
31.0,59.0,71.0,20.055076311193915,19.5403763190608,5.530254364233415,63.46761751933922,chickpea
2.0,45.0,18.0,30.274815271892592,84.70362059532748,4.5,44.75643361827525,mungbean
29.0,63.0,19.0,28.725486735467186,65.32527610905996,4.918404197126794,38.43952848910561,blackgram
23.0,55.0,18.0,32.558597741871736,31.19686030056583,6.433108522596221,101.30411478408436,pigeonpeas
83.0,41.0,18.0,20.47352013822255,70.90774438193169,5.318906630545008,81.15397051499845,maize
4.0,73.0,17.0,18.586523804233206,49.00850050579679,4.82409955357845,155.5668432381519,pigeonpeas
39.0,55.0,28.0,30.11315524524936,73.98077406266162,5.354167055151862,74.68608654168675,blackgram
19.0,31.0,17.0,29.06522536233198,74.96621550665982,5.662575815389849,34.033233362576816,mungbean
39.0,139.0,201.0,41.18664903,81.01783402,5.5399808120000005,68.68895899,grapes
30.0,65.0,82.0,20.71424384,15.27824066,7.103798069,76.77888672,chickpea
25.0,143.0,200.0,23.80436344,92.80441624,6.024248787,100.6192543,apple
9.0,59.0,25.0,30.39321309,60.16299493,7.699200949,35.37493212,mothbeans
60.0,46.0,53.0,24.48620746,92.98254537,6.761953186,183.49095,papaya
35.0,125.0,204.0,19.6491772,80.15215777,6.107741787999999,73.69529586,grapes
64.0,35.0,33.0,22.716463126843347,73.38179708360867,5.805633562656898,162.86328151376253,rice
3.0,70.0,19.0,26.316010865604657,46.26304017473986,6.3390491075193545,46.6450613275287,mothbeans
26.0,79.0,18.0,19.991900535463756,26.936765491115697,5.653120251689285,93.03856530605192,kidneybeans
74.0,46.0,45.0,25.75734909,88.36668522,6.025028997000001,189.4263485,jute
46.0,72.0,75.0,19.271001269460545,15.201746367487369,5.109365627886461,64.36408795351593,chickpea
37.0,10.0,32.0,28.96318258,95.16333673,6.165084855,222.803013,coconut
5.0,64.0,13.0,19.39032109819417,20.44298465891129,4.5,90.94389118601879,kidneybeans
110.0,14.0,51.0,27.02415146,91.66737633,6.085444691,21.26034986,muskmelon
24.0,70.0,21.0,19.14729038,45.3733757,5.517208078,132.7748215,pigeonpeas
36.0,57.0,16.0,28.61409059,57.14218792,8.292875733999999,57.02891698,mothbeans
95.0,75.0,45.0,28.98333432,82.95958244,5.829898502000001,109.022564,banana
18.0,62.0,27.0,17.619139776720733,17.95442146779719,5.303767579807203,122.53204318657461,kidneybeans
21.0,37.0,22.0,26.757958371772585,86.79809785479884,5.512391227964925,37.61770378593158,mungbean
105.0,34.0,43.0,21.635800638539685,85.66859119755813,5.206326547231474,215.5769053201286,rice
69.0,67.0,52.0,27.71948962,94.43877142,6.827305908,82.83061083,papaya
84.0,57.0,25.0,22.53510514,67.99257471,6.489040367,64.40866039,maize
69.0,55.0,38.0,22.70883798,82.63941394,5.70080568,271.3248604,rice
20.0,51.0,24.0,35.38687732675959,66.51454122163703,4.5,66.27851163941577,blackgram
9.0,76.0,25.0,28.88302142,50.12323801,5.70951224,179.2155874,pigeonpeas
20.0,29.0,10.0,29.07412717,93.27189064,7.36549204,100.7896871,orange
36.0,84.0,19.0,25.09005986222464,73.28983361776068,5.080274834919138,40.41362320567881,blackgram
93.0,58.0,38.0,24.453497772815872,80.0893659929,5.527971916245088,132.30743485,rice
39.0,16.0,27.0,35.53845018,52.94641947,4.934964765,91.54560427,mango
49.0,55.0,53.0,38.4418717,93.63739039,6.544029776,77.71566883,papaya
89.0,22.0,52.0,24.89681131,86.10782926,6.217300786,53.14626213,watermelon
19.0,36.0,22.0,25.44689075,58.55363573,6.16496284,57.04826619,mothbeans
68.0,56.0,21.0,23.43851249328537,57.74227073874769,6.364530064685595,48.29248613475974,maize
18.0,41.0,20.0,30.2483002977514,81.82943301989522,5.143265946576064,47.63833146161765,mungbean
68.0,46.0,44.0,26.91648363010292,84.4316773776772,5.101798102374864,155.7592502544578,jute
43.0,55.0,22.0,28.950262284459196,67.28260386554678,4.5,74.4371671445,blackgram
0.0,70.0,15.0,22.64261083913165,22.75786199271274,6.219568388263115,89.2983307677585,kidneybeans
23.0,58.0,19.0,24.17093241,58.25204566,5.243634848999999,59.18953429,mothbeans
35.0,69.0,23.0,16.78791503,24.96881755,5.578410206,75.45328039,kidneybeans
90.0,44.0,38.0,23.83509503,83.88387074,7.473134377,241.20135130000003,rice
93.0,33.0,25.0,23.740544215892537,72.98790818776436,4.767024519947938,59.39533577251502,maize
23.0,71.0,18.0,31.104427810487255,62.61748808809388,4.862988135728559,51.78447654783786,blackgram
18.0,20.0,26.0,31.66524687,51.98594645,5.435840509,89.98024312,mango
23.0,62.0,23.0,18.1533559876454,20.202396226132077,5.698207407148341,53.003606419952916,kidneybeans
6.0,128.0,200.0,25.96308415,82.57813624,5.838748311,70.31782647,grapes
98.0,18.0,27.0,27.56088634,68.49299897,6.516312148,167.43580749999995,coffee
5.0,64.0,16.0,18.91381805124211,20.201547850575544,4.5,85.8048607073102,kidneybeans
86.0,50.0,17.0,21.88676903536589,58.64923279611163,4.923147109022116,104.27354740573384,maize
111.0,39.0,22.0,22.60361557,80.35090459999998,6.135025006,88.57395505,cotton
29.0,140.0,195.0,23.64082979,90.95257927,5.560521058,116.7431319,apple
28.0,61.0,22.0,35.80894259372476,61.63993138659753,6.144865256028092,65.0464437558433,blackgram
20.0,45.0,17.0,28.17458662,83.69659318,6.770955317,37.2464655,mungbean
26.0,69.0,19.0,31.060301422913273,63.13889583496312,4.5,46.36116448639987,blackgram
34.0,60.0,23.0,20.12574053,24.96969858,5.659254981,100.0497183,kidneybeans
72.0,51.0,40.0,23.20683504,74.09956958,7.422318499,199.4766779,jute
21.0,67.0,17.0,31.003877033009317,63.25158133182607,6.081367436570403,68.14569672487269,blackgram
28.0,64.0,29.0,26.70439143419382,46.51120634432317,6.171908711622128,90.62982437561959,pigeonpeas
23.0,68.0,74.0,20.106844211727175,14.676906451658814,5.542894321243031,96.94675357400185,chickpea
35.0,18.0,26.0,31.99490489,50.84881347,5.279388967,97.38741498,mango
13.0,61.0,21.0,25.94235269863844,24.36738522307291,4.5,71.64200979007376,kidneybeans
40.0,22.0,29.0,27.55821802,99.98187601,5.735364307,174.62564809999995,coconut
12.0,77.0,20.0,18.440122025739786,67.29558714333197,5.995288679939386,25.417909892156416,lentil
2.0,70.0,15.0,22.258826339330284,63.59341856989444,6.250636275919966,31.168515630995273,lentil
59.0,47.0,53.0,32.86316618,91.4618874,6.8506632320000005,47.271547,papaya
80.0,16.0,46.0,25.50405534,81.40297428,6.940236218,48.47833278,watermelon
22.0,57.0,27.0,28.634090165302247,91.83513780882981,6.345509988512611,48.481404370569244,mungbean
5.0,55.0,18.0,33.50876355,45.70976142,7.322097972000001,126.6738117,pigeonpeas
4.0,20.0,41.0,24.26601316,93.7974061,6.537042717,104.5375109,pomegranate
77.0,50.0,39.0,24.394655973159463,82.46287760321233,5.167185928375716,207.30555946219,rice
18.0,26.0,31.0,32.611261400000004,47.74916499,5.418475257000001,91.10190759,mango
16.0,145.0,199.0,26.91624843,80.76838926,5.953966361,69.30927185,grapes
69.0,40.0,45.0,21.876132045730092,85.52304870666471,5.025488750577833,135.97828413722922,rice
95.0,39.0,36.0,23.86330467,83.15250801,5.561398642,285.2493645,rice
15.0,6.0,41.0,19.0087067,88.83768149,6.8973684770000006,108.6793978,pomegranate
22.0,40.0,24.0,25.245010023885165,50.515849822722295,4.5,41.82076560452933,mothbeans
18.0,9.0,40.0,19.44623085,89.02127045,5.627186257000001,106.1606833,pomegranate
39.0,138.0,203.0,21.19339319,82.33098331,6.399433771,74.62834921,grapes
56.0,52.0,20.0,29.349292571779095,58.915467471487545,5.461980160228547,58.89487541128968,blackgram
82.0,18.0,48.0,29.09588297,94.16748386,6.1590508160000015,26.70581328,muskmelon
28.0,145.0,202.0,19.2077707,82.90428409999998,6.484323189,66.83113717,grapes
26.0,126.0,195.0,21.41363812,92.99124545,5.878568981,118.3979065,apple
63.0,44.0,41.0,24.17298839,83.7287574,5.583370042,257.0343554,rice
85.0,21.0,47.0,29.87331077,90.60932469,6.186770318,24.69720481,muskmelon
86.0,40.0,33.0,26.1387869,52.26311691,7.432322234,136.3027766,coffee
96.0,54.0,22.0,25.70196694,61.33450447,6.960358276,83.20711308,maize
110.0,28.0,46.0,24.29105004,88.04541346,6.49889585,51.26046418,watermelon
57.0,60.0,17.0,26.23773129,67.88521396,7.504608385,73.58663968,blackgram
84.0,55.0,38.0,26.8748389,79.78725152,6.956682742999999,173.1017097,jute
37.0,54.0,26.0,27.976071416752543,47.42669748789684,4.584038322671619,49.31272306193254,mothbeans
20.0,20.0,10.0,11.86631922,93.68394562,6.976997772000001,106.060149,orange
17.0,136.0,196.0,23.87192332,90.49939035,5.882155987999999,103.0548094,apple
55.0,57.0,49.0,22.616460004446395,83.72347333482494,5.464177195027401,264.20922138129777,rice
10.0,59.0,22.0,28.60901145,86.99495766,7.1556850160000005,36.94616965,mungbean
53.0,76.0,22.0,28.268478530580655,72.10384443494141,5.663911470296219,76.6340523255,blackgram
91.0,55.0,31.0,24.720126966287303,82.10632413478338,5.141295040138963,114.86662091595319,rice
1.0,30.0,10.0,11.89925671,91.34663797,7.291405641,103.5771468,orange
38.0,141.0,198.0,13.05809741,80.28297993,5.757009965,70.75633584,grapes
35.0,75.0,17.0,15.420316733640698,21.400634666525157,5.853046509874086,54.72403118880888,kidneybeans
113.0,30.0,50.0,26.03967219,83.9862443,6.277484042999999,43.87712348,watermelon
26.0,52.0,23.0,29.98835437,49.60384796,4.931890506,52.92929636,mothbeans
34.0,60.0,22.0,17.66148158,18.15302753,5.635231778,100.6711761,kidneybeans
80.0,43.0,43.0,23.78756036,74.36794079,6.014572075,172.64426540000005,jute
7.0,73.0,25.0,27.52185591,63.13215259,7.28805662,45.20841071,lentil
5.0,32.0,33.0,32.32362177,52.58967710000001,5.842763773,93.36718816,mango
40.0,68.0,17.0,34.1262979,65.14877461,7.733149554,70.40795007,blackgram
89.0,52.0,45.0,24.89326318,77.01222585,7.207457207999999,196.469984,jute
63.0,35.0,16.0,22.02720976,65.35549924,6.272417541,83.73280082,maize
70.0,38.0,35.0,24.39736241,79.26861738,7.014063944,164.2697011,jute
90.0,39.0,37.0,24.81441246,81.68688879,6.86106911,190.7886386,jute
12.0,72.0,22.0,22.22328795047265,24.00780743554482,4.5,146.85732077852145,kidneybeans
83.0,58.0,45.0,25.75528612,83.51827127,5.875345751,245.6626799,rice
24.0,70.0,16.0,25.17885316,68.93307305,6.54803469,35.03484812,lentil
78.0,47.0,22.0,24.66429717995054,66.86370437194681,5.559147536326411,51.70007662619004,maize
14.0,71.0,24.0,26.7709057797946,62.05070135078788,5.343070243363651,40.26923313262598,lentil
9.0,139.0,199.0,23.25230817,94.54128292,5.867420996,105.3558408,apple
70.0,50.0,47.0,23.900820948115296,80.28940183362091,5.811368225852036,143.7861806276752,jute
25.0,132.0,198.0,22.31944084,90.85174383,5.732757516,100.1173443,apple
50.0,60.0,47.0,32.57720726,92.74889453,6.92791761,93.7942847,papaya
102.0,49.0,21.0,24.69315538,84.84422454,6.253343655,89.799462,cotton
100.0,80.0,52.0,27.53911354,77.25629897,6.049801781,110.3262123,banana
5.0,47.0,22.0,27.44052288672761,96.32409722289404,5.630338805510301,39.37139284098945,mungbean
2.0,123.0,205.0,22.36629253,90.78572467,5.739652177000001,124.9831618,apple
41.0,48.0,20.0,24.09413937734167,82.59303045978929,6.158907781364914,36.999413766364825,mungbean
90.0,59.0,35.0,24.25133493,89.86454053,7.098227926,175.1742112,jute
108.0,72.0,46.0,25.16278237,84.97849241,6.110844721,90.94554618,banana
65.0,60.0,43.0,21.97199397,81.89918197,5.658169482000001,227.3637009,rice
6.0,73.0,18.0,27.178483434467964,59.617342836655425,5.591130120463197,38.78342220148049,lentil
36.0,75.0,22.0,27.373744058174243,59.19560895440979,5.194606368507767,155.29770033219583,pigeonpeas
35.0,67.0,49.0,41.31330062,91.1508798,6.617066674,239.7427554,papaya
122.0,59.0,18.0,23.5000992,83.63488952,6.219469084,79.81328183,cotton
59.0,69.0,80.0,19.07937684,17.86754927,8.165359297,69.40619137,chickpea
32.0,43.0,22.0,31.99928579,54.1077461,5.270749441,71.6266696,mothbeans
37.0,79.0,19.0,27.54384835,69.3478631,7.143942758,69.40878198,blackgram
54.0,63.0,65.0,21.32521897762733,17.163199875124526,5.565853768747098,59.19674559248792,chickpea
39.0,71.0,84.0,20.28155898,16.39535215,8.140825437,82.52339655,chickpea
9.0,60.0,21.0,29.94413861,67.31323084,7.52178027,40.37113729,lentil
106.0,49.0,24.0,23.03887865,76.47039772,6.983395572999999,90.64770699,cotton
84.0,52.0,43.0,23.651401166564444,69.50145924350424,5.287281753501101,112.10345572298912,jute
41.0,71.0,20.0,21.16396067980708,19.820434508482016,5.374943030285003,47.31764150877172,kidneybeans
112.0,25.0,51.0,25.04746944,85.5667282,6.932537231,56.72496677,watermelon
34.0,40.0,14.0,26.07401044073975,92.51718748718129,6.076128712223478,38.57254908945967,mungbean
40.0,121.0,199.0,26.18159716,81.03886263,6.315586313,66.05911698,grapes
14.0,88.0,24.0,30.319542889687263,36.74037570648763,5.233239110809227,195.45135127566414,pigeonpeas
39.0,54.0,18.0,32.52543314998809,34.330557210814376,6.025876223170028,105.48129005743002,pigeonpeas
36.0,144.0,196.0,23.65167552,94.50528753,6.496934492,115.3611268,apple
36.0,53.0,18.0,30.333257079391153,51.219592266780516,5.266626764357082,46.983649256999996,mothbeans
74.0,40.0,25.0,23.535324881389727,51.23122817743098,5.932948828651722,55.002900762713175,maize
0.0,18.0,14.0,29.77149434,92.00719952,7.207991261,114.41617859999998,orange
35.0,145.0,195.0,22.03911546,94.58075845,6.231950009,110.9804014,apple
44.0,75.0,22.0,30.0328403,64.14800537,7.574561547,71.21006868,blackgram
27.0,62.0,16.0,30.76306446929606,65.78199379031389,6.210273390101709,22.021531934276467,lentil
2.0,62.0,24.0,25.713545579540114,59.04807698186406,5.640634742351914,32.83487536635871,mothbeans
14.0,18.0,35.0,31.09154239,47.02058367,4.791146778,91.46664318,mango
20.0,48.0,28.0,26.71314190098696,47.8885804751685,5.6024806053591245,29.370792758240963,mothbeans
8.0,26.0,26.0,25.54759871,91.64194826,5.702484758,212.867626,coconut
102.0,73.0,52.0,27.9122104,83.36307683,6.356090905,90.24211529,banana
80.0,46.0,24.0,23.882961549962964,57.677427006679835,5.011004508526695,65.29096284664448,maize
82.0,31.0,19.0,24.010139732285584,73.39316237785822,4.5,84.25636339801453,maize
83.0,9.0,45.0,25.85483596,89.13163965,6.049609892,46.85176955,watermelon
66.0,50.0,28.0,17.446179242954702,67.69666724511167,6.306066698681832,101.3176955655,maize
69.0,47.0,40.0,25.37122686,76.2403666,6.130136384,183.8270791,jute
2.0,72.0,18.0,26.57597546,60.97876599,7.836719564,50.89110726,lentil
95.0,57.0,41.0,23.24925555,73.65346838,6.434610995,184.7674863,jute
118.0,18.0,52.0,28.04943594,90.83130708,6.562832807,20.76223014,muskmelon
95.0,39.0,29.0,27.35152643,55.99375012,7.13411409,148.98125249999995,coffee
81.0,34.0,30.0,25.17787724,62.26244581,6.6477659970000005,135.0119649,coffee
85.0,40.0,17.0,18.8171132600635,62.274879668006726,4.5,53.172872596131455,maize
79.0,62.0,34.0,22.571903449214407,88.51728049613374,5.018017573311626,159.94893828440544,jute
2.0,24.0,34.0,28.89409382,54.80750249,6.472774648,94.76322976,mango
13.0,30.0,37.0,20.86474944,91.61793636,6.277148771,106.8685636,pomegranate
74.0,52.0,36.0,25.72445598140362,70.27599372509117,4.5,178.29245679612822,jute
140.0,38.0,15.0,24.1472953,75.88298598,6.021439523,69.91563467,cotton
37.0,62.0,22.0,24.02037872,61.62313345,7.397546271,49.78102578,lentil
27.0,63.0,19.0,20.93409877,21.1893007,5.562201934,133.1914419,kidneybeans
20.0,50.0,22.0,30.99694676,46.42693735,9.406887533,38.31597852,mothbeans
9.0,73.0,18.0,25.510670757300435,69.49464907628739,5.391491080439759,24.565187276846114,lentil
22.0,26.0,38.0,22.92052307,85.12912161,6.988035315,110.2437841,pomegranate
44.0,58.0,18.0,28.03644051,65.06601664,6.814410927999999,72.49507741,blackgram
26.0,73.0,21.0,31.33170829,57.97429171,4.946263888,161.7820226,pigeonpeas
18.0,14.0,11.0,28.04799508,90.00621688,6.550814117000001,117.1311498,orange
39.0,76.0,76.0,19.96837462,15.57324389,8.135900726000001,69.15759062,chickpea
10.0,75.0,16.0,22.011407752427044,69.20871317014756,6.5,36.49646088805815,lentil
96.0,46.0,22.0,20.58314011,69.00128641,6.499936446,66.29390357,maize
37.0,64.0,22.0,17.48189735,18.8251973,5.954665349,121.9401369,kidneybeans
24.0,65.0,19.0,24.128007306006126,68.53779881309381,5.249980873780927,77.22360832399998,blackgram
83.0,66.0,25.0,17.48393682737253,66.25602527945546,5.225151398254346,47.4241421530937,maize
15.0,36.0,27.0,27.78912455,53.96886679,5.6437102160000014,91.01152997,mango
98.0,7.0,45.0,27.79161808,92.51054946,6.157724816,26.85422624,muskmelon
60.0,55.0,44.0,23.00445915,82.3207629,7.840207144,263.9642476,rice
44.0,64.0,54.0,29.80744318,91.38048469,6.74274935,232.7046126,papaya
60.0,55.0,40.0,24.9949957,88.95692783,7.02777956,151.4935635,jute
24.0,45.0,19.0,26.85851927,48.8246387,5.9523849570000005,34.7426459,mothbeans
55.0,62.0,16.0,36.34524847405478,71.67891575105595,5.544883893908688,63.84042551495663,blackgram
7.0,79.0,23.0,19.6365349,19.68751084,5.821649914,96.65888933,kidneybeans
101.0,11.0,51.0,25.50736962,84.24340241,6.792035575,44.2068997,watermelon
89.0,40.0,43.0,26.24532085,72.97198375,7.124050134,189.9711184,jute
0.0,17.0,42.0,23.20242586,91.19442671,6.8598408210000015,109.0946323,pomegranate
29.0,75.0,75.0,19.62416326,18.71483156,7.064790365,88.4585692,chickpea
27.0,69.0,22.0,17.91652287,24.90814655,5.932323085,69.14681022,kidneybeans
34.0,76.0,23.0,18.35759528087029,17.29278650548198,6.311556866127874,134.20399372705975,kidneybeans
67.0,68.0,49.0,35.26824831,92.38282957,6.821774589,149.8488208,papaya
84.0,29.0,49.0,29.94349168,93.90741192,6.251420275,20.39020503,muskmelon
34.0,71.0,79.0,17.927806,15.85622899,7.728998197,74.63872762,chickpea
4.0,44.0,19.0,27.95639663,83.52706038,6.921993877999999,43.25726752,mungbean
70.0,37.0,36.0,25.451487055612454,67.4203779489326,4.5,164.37285094934427,jute
35.0,66.0,81.0,19.37101121,15.77458129,6.138243973,85.24819851,chickpea
16.0,71.0,17.0,24.68015078813714,67.10669259128318,4.960915871693645,34.76839012972793,lentil
31.0,56.0,23.0,31.46846241,35.39454002,5.661826398,174.5723999,pigeonpeas
67.0,60.0,38.0,24.79853023,78.53037059,7.16214284,162.2847429,jute
26.0,59.0,20.0,28.935095430190334,81.93267232892322,5.648098006037102,30.501105977676314,mungbean
117.0,34.0,25.0,24.83846178,56.7685316,7.21270048,124.4135035,coffee
74.0,63.0,24.0,18.163240300114364,74.47310276523777,5.343118937533952,76.96070603772131,maize
27.0,80.0,24.0,28.42062847,61.77336343,7.815210661,49.02366803,lentil
84.0,36.0,28.0,26.7350622,55.55164819,6.119892347,140.63052130000003,coffee
111.0,40.0,25.0,24.48469200000001,84.44932014,6.1874557989999985,90.94342484,cotton
108.0,33.0,31.0,23.69287069,66.76090123,7.393825704,144.6576424,coffee
22.0,33.0,18.0,28.33724494271732,85.40790610372314,5.821401181767657,43.496743736818175,mungbean
5.0,70.0,25.0,20.348786076107373,64.50095514963046,6.233813818502239,41.6148052915,lentil
64.0,39.0,48.0,24.349924649449576,65.20707821051899,5.56968235053731,185.15759961902714,jute
39.0,37.0,25.0,33.33024826,45.61143594,6.953246506,98.28583013,mango
10.0,18.0,35.0,27.79797651,99.64573002,6.381975465,181.6942283,coconut
66.0,59.0,88.0,19.353129605537166,18.834447187965175,5.309825574985152,61.090208496281626,chickpea
43.0,79.0,79.0,19.40751744,18.98030507,7.8067476560000015,80.25064637,chickpea
29.0,44.0,20.0,30.04132304,63.56222995,8.620107545,31.83192392,mothbeans
56.0,75.0,15.0,30.20157245,60.06534859,7.152272256,66.37171179,blackgram
28.0,58.0,24.0,19.72702528,18.28173015,5.748190462999999,143.7630894,kidneybeans
33.0,29.0,34.0,31.40948821,49.21729127,6.8329795089999985,92.99739415,mango
98.0,26.0,49.0,27.29035669,90.53330091,6.130160472999999,23.49535234,muskmelon
63.0,35.0,37.0,25.683970977970787,82.6394965940245,5.343770349620822,119.4029601701528,jute
60.0,48.0,39.0,24.28209415,80.30025587,7.0422990689999985,231.0863347,rice
25.0,82.0,16.0,30.476240290988088,66.78652287983469,5.734834374341092,49.46396000091554,blackgram
45.0,75.0,18.0,31.29561838521183,47.30611416678571,5.790314026100832,135.16300446688214,pigeonpeas
26.0,55.0,21.0,33.75095294137904,38.065618729104585,5.336565752855965,95.93758864704077,pigeonpeas
37.0,74.0,15.0,24.92360104,18.22590825,5.582178402,62.7089169,kidneybeans
60.0,57.0,24.0,18.66116213,61.55327249,6.1212940410000005,75.03247667,maize
40.0,24.0,25.0,28.70595247,50.44030129,5.445008416,95.8946444,mango
26.0,48.0,16.0,25.7772339172893,57.87805542585969,4.6288472021764795,34.438195131172826,mothbeans
36.0,25.0,33.0,27.98392787,53.33018851,5.548584852,99.61465679,mango
12.0,27.0,26.0,29.09382275,45.5661059,5.32307197,96.23520043,mango
27.0,73.0,20.0,19.72318323756238,21.069629135858406,5.557790115060933,56.28852755874684,kidneybeans
21.0,38.0,21.0,29.75538903,86.45193297,6.637677489,37.54602719,mungbean
111.0,15.0,54.0,27.7058373,92.91185695,6.194090172,22.06207161,muskmelon
40.0,59.0,23.0,36.89163721,62.73178224,5.269084669,163.7266551,pigeonpeas
8.0,25.0,36.0,19.91330523,94.95031368,6.828522375,104.0277061,pomegranate
12.0,39.0,21.0,27.33881738294959,62.18197234167673,5.820259523026076,46.557078039012254,mothbeans
89.0,31.0,38.0,25.992269556885514,87.370312459952,5.559015669279492,151.01169613918577,rice
49.0,68.0,22.0,28.56840626,61.53278622,7.127064207,63.49726331,blackgram
32.0,56.0,18.0,20.0467711,65.84395319,7.135251532000001,46.05333124,lentil
29.0,128.0,198.0,22.44075021,92.70785115,5.685062404,121.4977331,apple
75.0,56.0,18.0,19.39851734,62.35750641,5.696205468,60.95197486,maize
32.0,57.0,22.0,28.6899851,87.50436797,6.769415887999999,44.56598352,mungbean
1.0,62.0,23.0,15.43546065,18.37477907,5.607808432000001,139.0302034,kidneybeans
20.0,73.0,22.0,16.03768615,22.33195853,5.976312537999999,130.3900798,kidneybeans
39.0,56.0,30.0,21.27067224299443,20.524603216324053,5.352172013416689,126.77315468487951,kidneybeans
9.0,17.0,32.0,25.94951662,93.40548703,5.842317989,172.0540491,coconut
29.0,59.0,16.0,32.68557676522067,58.22849400988983,5.219659915552834,33.5652242977626,mothbeans
39.0,73.0,24.0,25.65842532,61.18235808,7.22405917,69.28607828,blackgram
91.0,84.0,52.0,29.14827211,78.71024836,6.390741836,117.536781,banana
85.0,42.0,50.0,25.956914070232298,79.60571321813586,6.139422734649634,137.10214818293494,jute
37.0,49.0,17.0,28.570558307353945,55.94681600645423,5.863839690558739,55.08529633294341,mothbeans
40.0,136.0,202.0,22.85267372,94.57645809999998,5.935336307999999,117.53140259999998,apple
11.0,48.0,23.0,30.41705812669552,46.23371861708755,5.466570866814966,67.017407843,mothbeans
0.0,56.0,18.0,31.482071077622237,85.20909296606646,5.9395900392805085,20.91245118,mungbean
37.0,30.0,34.0,27.53907547,53.63549533,6.797779227,99.35408185,mango
25.0,121.0,201.0,30.50734778,82.71775569,5.594240602999999,70.08200379,grapes
16.0,54.0,25.0,30.36855845236129,47.27376026272754,6.338267153289825,32.052484155167676,mothbeans
22.0,144.0,196.0,21.91191314,91.68748063,6.4992268210000015,117.0761277,apple
37.0,52.0,47.0,43.08022702,93.90305729,6.54277684,211.8529059,papaya
43.0,48.0,18.0,28.222997129880817,63.163552778250974,5.893456929918184,33.319033290326026,mothbeans
25.0,63.0,20.0,15.78601387,21.14544088,5.502999119,95.17028129,kidneybeans
28.0,72.0,84.0,18.72963144,19.18197264,6.481783042999999,71.58010169,chickpea
91.0,7.0,53.0,25.13735887,89.28272716,6.457216535,43.52897517,watermelon
95.0,31.0,34.0,25.40955981833603,67.44940037529051,5.135034943949478,161.52052362699513,jute
4.0,87.0,16.0,29.272299460193906,65.3017827979989,6.214126427934219,38.80988591962822,lentil
30.0,41.0,24.0,27.96068933777923,91.88381266920855,5.137318738666751,41.300520322449806,mungbean
109.0,29.0,28.0,23.26316991,60.51600210000001,6.724688502999999,194.1755471,coffee
67.0,47.0,25.0,20.239215261527146,73.6704812546971,5.584712691313164,70.05518795786362,maize
61.0,44.0,17.0,26.10018422,71.57476937,6.931756557999999,102.2662445,maize
26.0,75.0,16.0,20.08573656747886,20.980631840846268,6.5,53.42921076476751,kidneybeans
62.0,48.0,20.0,21.70181447,60.47470519,6.708446922,95.71388473,maize
89.0,60.0,19.0,25.19192419,66.69029010000001,5.913664501,78.06639649,maize
57.0,64.0,90.0,17.60251783667692,19.50381593390408,5.234579478334296,41.308673605,chickpea
65.0,44.0,36.0,25.4164253371963,75.42902115332195,5.101684669792441,119.328022130144,jute
31.0,88.0,76.0,18.654262755590764,15.752705737495184,5.082651995742357,72.8953063622913,chickpea
60.0,77.0,64.0,17.420660156415977,14.289441183369634,5.22086603945945,45.97297676,chickpea
99.0,40.0,32.0,24.18471151,69.94807345,7.0455430560000005,163.27087319999995,coffee
88.0,53.0,41.0,19.92191749852778,90.50951066211101,6.280978390226504,159.40422871222253,rice
60.0,50.0,34.0,24.396976553374934,77.65919892539885,5.406871765300228,162.0654856053648,rice
24.0,77.0,24.0,20.11374879067978,20.87048901679065,6.380261585987592,53.40934618226802,kidneybeans
7.0,80.0,26.0,20.635030165011084,19.7428383102231,4.5,81.71397217309921,kidneybeans
29.0,78.0,23.0,27.98198052564729,73.64072334467215,5.403042126246099,58.901982493661315,blackgram
80.0,90.0,47.0,26.59743595,79.35898915,6.21084479,107.3944717,banana
29.0,144.0,204.0,22.43324518,92.48667725,5.800448951,119.1025189,apple
55.0,55.0,37.0,27.678461225973233,82.85529120676759,5.322925679364597,146.06556495607114,jute
29.0,72.0,24.0,23.17409556,36.67847052,6.962386495,162.5931264,pigeonpeas
19.0,46.0,15.0,27.021629239777887,91.80452107057279,5.560497022084471,55.5468322375,mungbean
92.0,44.0,31.0,25.92975634052857,84.40404939643125,5.174377353195765,141.94997644168984,jute
63.0,58.0,47.0,26.83054058,90.75379971,6.864143752,144.66564440000005,papaya
21.0,58.0,16.0,35.29640976778625,52.93579567171175,4.9346438251024685,91.96493191648663,pigeonpeas
4.0,39.0,23.0,26.741513566785596,83.1328879524105,5.838822560153599,31.824973130105796,mungbean
56.0,67.0,15.0,26.996684920091287,65.07303099587722,5.384609648908381,91.10319350974154,maize
74.0,40.0,19.0,24.929670162005433,63.39757495189216,5.200992104603612,59.549346406346736,maize
30.0,75.0,25.0,30.33276599,42.35249879,6.446091759,149.299952,pigeonpeas
44.0,76.0,22.0,27.26458947,68.01232937,7.775306272000001,68.91754359,blackgram
88.0,43.0,33.0,29.099073468462105,81.961012709188,6.5,238.77733390971704,rice
60.0,55.0,45.0,21.40865769,83.32931909999998,5.935745417000001,287.5766935000001,rice
99.0,5.0,47.0,24.13078816,84.84494575,6.649086972,51.19470197,watermelon
6.0,55.0,24.0,24.55422311630101,43.90691509559876,5.387117372439552,131.053341918549,pigeonpeas
27.0,48.0,25.0,26.03430417233862,66.64958372597602,5.787426417705855,74.84178751449998,mothbeans
86.0,61.0,16.0,23.22474703481887,64.47661922521603,5.07831922578685,50.049554244730494,maize
89.0,57.0,43.0,26.91515043,73.19897535,6.998787171,177.22330480000005,jute
59.0,69.0,81.0,18.36223368823972,16.2958875905895,4.882708381474331,63.903047936514,chickpea
74.0,43.0,23.0,25.95263264,61.89082199,6.325235159,99.57981207,maize
60.0,49.0,44.0,20.77576147,84.49774397,6.244841491,240.0810647,rice
88.0,44.0,22.0,18.73435806427143,59.75401606057235,5.899730747940661,70.99334485101502,maize
70.0,54.0,42.0,23.40742629185938,82.98493378151198,5.879285827871505,276.1227365206921,rice
22.0,54.0,20.0,28.56149805,83.63802195,6.689825155,41.013132,mungbean
92.0,7.0,48.0,26.27520631,86.63249555,6.956508826,54.38748495,watermelon
39.0,7.0,29.0,27.54273211,94.59086121,6.362544111,150.2012138,coconut
96.0,53.0,26.0,20.15740090818955,59.87867577129729,5.407691872025911,41.409470467571296,maize
10.0,140.0,197.0,22.16939473,90.27185592,6.229498836,124.4683112,apple
25.0,62.0,21.0,26.73433965,68.13999721,7.040056094,67.15096376,blackgram
38.0,68.0,54.0,29.33710543,90.81781439,6.739170045,202.0572747,papaya
5.0,56.0,24.0,24.80710166,45.01110015,5.023115055,188.4928637,pigeonpeas
66.0,47.0,36.0,24.85441411,74.44070479999998,6.57256106,175.572958,jute
89.0,60.0,16.0,24.925225094892063,67.33192110826633,5.057785905087905,39.033198245,maize
21.0,39.0,20.0,28.14448546,82.1193047,7.064782137999999,46.75690086,mungbean
73.0,45.0,21.0,24.60532218,73.58868502,6.636803222999999,96.59195302,maize
20.0,72.0,19.0,32.47648301,64.34848735,7.397190844,65.82045699999999,blackgram
34.0,47.0,85.0,18.726319847984527,17.452775138494285,6.5,79.85138275519999,chickpea
16.0,52.0,14.0,29.933607131339265,56.866341347801196,6.486190096946547,26.651139221647703,mothbeans
65.0,50.0,42.0,23.84971785189876,91.43183754338624,5.489514185807754,158.93172189585837,rice
8.0,7.0,10.0,28.2620488,91.98317355,6.929216014,105.2132259,orange
35.0,55.0,22.0,30.88883074,52.62696801,8.634929739,55.51932414,mothbeans
114.0,27.0,48.0,27.82054812,93.03555162,6.528404377999999,26.32405487,muskmelon
61.0,68.0,50.0,35.21462816,91.49725058,6.7932454170000005,243.0745066,papaya
26.0,69.0,83.0,19.325263075550094,16.443835530654834,5.440301423022134,64.56876650745396,chickpea
26.0,70.0,15.0,18.57001186673003,55.9127644408099,4.6949818137492345,203.28015902785583,pigeonpeas
108.0,23.0,51.0,26.84366082,83.85039964,6.106500787000001,40.228644,watermelon
71.0,52.0,43.0,26.47549543,73.96164569,6.732826127,180.2513601,jute
21.0,64.0,98.0,18.55439648564178,15.537330787067871,4.779625837071882,39.963490405,chickpea
91.0,41.0,16.0,18.543746080272772,63.53838505959941,5.228539518047654,62.72215228321345,maize
27.0,70.0,21.0,23.41702085145883,47.726615860641495,5.435187741252871,94.13008370714931,pigeonpeas
8.0,59.0,18.0,29.50523036,35.72032498,6.216814453,187.8961851,pigeonpeas
78.0,46.0,42.0,23.09499564,78.45959697,7.095413294,155.3851533,jute
119.0,19.0,55.0,25.18780042,83.44621709,6.818261382999999,46.87420883,watermelon
30.0,41.0,19.0,27.170927287534834,85.4379762040062,6.174646864335496,36.58074923158526,mungbean
93.0,22.0,52.0,26.58740671,81.32563243,6.932739726,41.87540028,watermelon
57.0,58.0,77.0,18.72649425,17.58406365,7.978996755,81.20176515,chickpea
11.0,44.0,17.0,26.34043268,55.59160391,8.016210782,35.1051197,mothbeans
25.0,76.0,17.0,31.74105409,68.63525428,7.241148507,62.3061735,blackgram
52.0,64.0,19.0,35.066241859992,68.30199857164055,5.407179659121493,79.16513614299998,blackgram
109.0,31.0,27.0,23.05951896,50.40609436,6.973839707000001,164.4971875,coffee
40.0,55.0,18.0,30.38257873,40.5926071,7.115994051,47.95406479,mothbeans
114.0,8.0,50.0,24.74631269,88.30866319,6.581587932000001,57.95826144,watermelon
91.0,24.0,55.0,26.27061608,83.09194521,6.259086582999999,46.76837499,watermelon
99.0,66.0,45.0,22.32723416529878,82.87580273821402,4.927389145414219,130.16644515796185,rice
61.0,57.0,83.0,18.478353319010154,16.045966268014517,6.015725374441605,62.19297296107307,chickpea
4.0,79.0,15.0,31.221640961791717,71.72379417903456,4.5,43.30681142661488,lentil
0.0,27.0,38.0,22.44581266,89.90147027,6.7380162210000005,109.3905998,pomegranate
23.0,45.0,22.0,27.942175433052366,76.84975337981841,6.330773335864797,56.685905309471025,mungbean
38.0,135.0,203.0,41.36106301,82.79782954,6.444373116,69.92107482,grapes
29.0,60.0,20.0,19.584135358917795,44.552222561320356,5.128113027399518,189.35601412040967,pigeonpeas
9.0,72.0,18.0,24.66376784141837,67.61551688020013,4.846946432507794,20.80540272,lentil
27.0,75.0,16.0,31.96497824521088,65.8983140620329,5.35958673612528,95.38750289495167,pigeonpeas
24.0,61.0,17.0,18.843623692657218,62.61745032465498,4.538960024892359,33.00302208572355,lentil
1.0,72.0,18.0,25.085636807698833,47.705907630845914,4.869243001371269,143.34916181121264,pigeonpeas
35.0,72.0,21.0,34.03619494,64.28791388,7.741418772,66.85510868,blackgram
27.0,70.0,24.0,29.85783614326831,61.78146942368653,5.010711175257206,53.26843909331582,blackgram
34.0,80.0,19.0,31.49338309,63.0563645,6.521217963,71.48327008,blackgram
122.0,48.0,16.0,24.65425757,75.6350708,6.307585854,61.82980133,cotton
91.0,60.0,48.0,26.50162427242579,86.18929586899509,4.946535331369819,186.73478485110755,rice
24.0,38.0,22.0,24.47876451,58.51663927,8.202706015,34.96933295,mothbeans
72.0,45.0,35.0,25.42977518,82.94682591,5.758506323,195.3574542,rice
82.0,22.0,45.0,26.22338015,85.34866045,6.512196212,54.60159289,watermelon
97.0,52.0,50.0,27.623079731342127,79.00981499145453,6.155290327902261,163.09216070980852,jute
29.0,22.0,40.0,23.62600218,89.73266695,6.145104401,107.6836871,pomegranate
16.0,53.0,15.0,32.20549731265738,53.518832497795856,5.290066227095931,35.42604489950286,mothbeans
42.0,53.0,20.0,30.023659536629417,39.785229469256876,5.829297610223076,33.0418390986287,mothbeans
29.0,76.0,15.0,28.541723600000005,64.2020154,7.0256077060000015,69.68862306,blackgram
16.0,75.0,21.0,18.50692825,23.61670065,5.679224346,87.05132890000002,kidneybeans
88.0,50.0,40.0,25.63215038,79.95150917,7.0518224720000005,182.2582277,jute
60.0,37.0,39.0,26.59104992,82.94164078,6.033485257000001,161.2469997,jute
38.0,21.0,35.0,20.33691147,89.38003827,5.841367187,110.9653137,pomegranate
12.0,66.0,20.0,27.41434987,63.41785982,7.336117221,44.43177543,lentil
15.0,11.0,38.0,23.12808226,92.68328358,6.630646082999999,109.3930157,pomegranate
68.0,40.0,19.0,26.14384005,66.20569924,6.655426355,107.2361366,maize
76.0,48.0,18.0,19.29563411,69.63481219,5.77597783,83.21030571,maize
34.0,140.0,198.0,21.70416965,93.44006288,5.751707342,115.1781396,apple
24.0,73.0,20.0,19.63736208,32.31528909,4.608695247,176.4134092,pigeonpeas
86.0,15.0,47.0,24.04355803,84.18406764,6.423898762,53.78929956,watermelon
23.0,23.0,27.0,34.72413192,51.4271781,5.161148592,97.31258083,mango
9.0,51.0,21.0,26.837226625806174,84.82814425463398,5.6983834939445535,52.07864494897572,mungbean
29.0,122.0,196.0,41.94865736,81.15595212,5.638328481,73.06862952,grapes
24.0,80.0,22.0,16.71170642,19.17651433,5.635993966,96.77285817,kidneybeans
51.0,57.0,55.0,24.70528368,90.14732171,6.6764073370000006,108.4103158,papaya
49.0,77.0,16.0,31.02808459167691,64.9815883478879,5.1032598916262835,74.22083434501695,blackgram
70.0,43.0,40.0,24.35564134,88.80391021,6.176860192,169.11680280000004,jute
32.0,11.0,31.0,29.51611558,92.56492864,6.461225827000001,131.2116167,coconut
28.0,80.0,17.0,19.62207826,18.67170854,5.809419584,144.1567454,kidneybeans
2.0,78.0,23.0,21.31852148,66.43934593,7.320514721,45.42616802,lentil
13.0,144.0,204.0,30.7280404,82.42614055,6.092241627000001,68.38135469,grapes
36.0,78.0,19.0,14.908546033184134,22.19243398512393,6.175589097416065,44.44398051,kidneybeans
14.0,77.0,26.0,24.21732808120738,62.12867819940705,5.052094180008987,38.89401241512435,lentil
86.0,31.0,35.0,27.01207284,60.76645256,6.485761419,191.4508931,coffee
68.0,58.0,38.0,27.002026098309905,79.83528097013719,4.930825839834531,175.92239135481077,rice
3.0,80.0,25.0,23.23166143056187,22.709519160834148,6.080836028355302,54.16805098384567,kidneybeans
98.0,22.0,47.0,29.07265321,91.91533173,6.341400922,28.83568362,muskmelon
44.0,63.0,15.0,26.42333018,64.51136845,7.338929556,63.46546487,blackgram
38.0,62.0,25.0,32.7477393,67.77954584,7.453975408,63.37784443,blackgram
95.0,52.0,36.0,26.22916897,83.83625819,5.543360237999999,286.5083725,rice
121.0,36.0,24.0,23.66457347,81.69105088,7.352401887,99.36898373,cotton
41.0,60.0,18.0,31.597737097612143,67.479369736591,6.002334744721929,48.67067978477733,blackgram
43.0,71.0,77.0,17.506214271093054,14.295632059669995,5.107467378331484,58.1791157953996,chickpea
58.0,46.0,45.0,42.39413392,90.79028064,6.576261427,88.46607497,papaya
87.0,28.0,35.0,26.5602777,57.1621814,6.759211911,152.0616227,coffee
0.0,68.0,21.0,23.46681874727794,63.26077031817193,5.581446584876678,34.35756413517121,lentil
11.0,10.0,45.0,22.63045168,88.45577158,6.397995609,109.0357597,pomegranate
47.0,62.0,75.0,19.360961039928956,16.571668952682728,4.535109462498657,40.893552315,chickpea
119.0,30.0,49.0,25.35794749,80.45846265,6.903020221,47.72078245,watermelon
23.0,57.0,19.0,32.83963757,67.99803573,7.251000789,73.40452716,blackgram
45.0,51.0,14.0,26.46602429825558,67.9724333198472,5.406561243258112,70.23969597570483,blackgram
37.0,78.0,79.0,19.95264829,14.82633099,7.786366322,88.6810311,chickpea
45.0,67.0,26.0,33.62601974568977,60.56171983681123,5.722017427735345,59.10394354471104,blackgram
34.0,56.0,17.0,33.4126864,35.42910045,4.548202098,139.6702541,pigeonpeas
64.0,53.0,38.0,26.24347471,78.51063754,6.855362875,183.4065252,jute
52.0,71.0,16.0,27.74274761,68.53997144,7.0758864720000005,71.78615328,blackgram
29.0,21.0,45.0,23.40981539,93.13277,6.749260456,105.2240743,pomegranate
3.0,26.0,39.0,24.38318965,91.19431555,7.079973241,103.6012114,pomegranate
23.0,63.0,17.0,26.528232976843377,68.20180923422855,4.5,44.73129253201787,lentil
80.0,54.0,39.0,20.644582806688522,82.80134996689387,5.213531808254691,300.0,rice
21.0,63.0,17.0,15.77370214,19.2303162,5.979973965,108.3441414,kidneybeans
114.0,21.0,55.0,25.4438391,87.93923120000002,6.472756256,57.51549686,watermelon
31.0,48.0,45.0,40.78881819,92.90951393,6.563134737,132.7923586,papaya
100.0,74.0,52.0,25.43480512,81.53977797,5.837258235,96.47800391,banana
27.0,64.0,15.0,20.16080524,24.84207559,5.514927264,138.2362122,kidneybeans
74.0,58.0,18.0,20.03728219,56.35606753,6.727303282,109.024141,maize
24.0,64.0,21.0,19.088710526253887,22.44336833582807,5.184275692893845,80.22440258325742,kidneybeans
18.0,17.0,31.0,31.74592134,45.16127859,5.667507706,93.75441586,mango
27.0,61.0,15.0,25.2653291,67.10004577,6.958054839,48.33941188,lentil
3.0,27.0,44.0,24.56811204,92.03009222,6.591302797000001,110.9633894,pomegranate
3.0,55.0,19.0,22.89497634293454,45.03891110396956,5.915020229358056,75.73948674917644,pigeonpeas
59.0,41.0,40.0,22.014722744871452,76.02169655067803,5.917310594015168,285.5814898664581,rice
30.0,44.0,16.0,29.73013036,82.89166381,6.442335592999999,50.91511275,mungbean
108.0,92.0,53.0,27.40053601,82.96221306,6.276800323,104.9378,banana
33.0,70.0,21.0,24.72725929683009,19.007850486286518,5.02656137710641,90.75935769997967,kidneybeans
9.0,65.0,16.0,27.89090734423313,75.31761938717004,5.161615158370171,27.043266811153025,mungbean
34.0,66.0,27.0,18.66320327047716,23.62180329261607,4.975823408570949,86.7712724485,kidneybeans
39.0,59.0,17.0,29.44626909668872,59.483618846353004,4.648087363781172,72.81648355392983,blackgram
26.0,9.0,32.0,25.9490364,94.73860514,6.470465614,144.15711090000005,coconut
38.0,79.0,17.0,21.512477666153316,59.3994125328837,5.150377077905198,28.927855227843928,lentil
36.0,125.0,196.0,37.46566825,80.65968681,6.15526103,66.83872293,grapes
102.0,45.0,16.0,23.65629976,77.52425987,7.2942193,74.8984994,cotton
98.0,47.0,37.0,23.48381344,81.33265073,7.375482851,224.0581164,rice
24.0,64.0,16.0,26.049454807985228,69.74662494289929,5.196932689692154,50.54734806833409,lentil
68.0,45.0,47.0,21.865630514984076,76.63165821647644,4.886510275994568,207.97938395618428,rice
75.0,48.0,49.0,25.321323358087735,80.27760670560005,5.581124752569989,154.439231194955,jute
59.0,39.0,39.0,27.703560989852782,76.49907608328307,5.2597413910370765,136.31578204176358,jute
0.0,69.0,21.0,25.86928193,61.88321072,7.072923306,36.68284038,lentil
29.0,55.0,23.0,32.22937500388999,52.54173527565101,6.320685972399076,32.0890543267282,mothbeans
5.0,24.0,40.0,24.692258,93.87030088,6.2979075789999985,104.6735454,pomegranate
10.0,49.0,16.0,28.42836798972021,80.77879184620237,4.804511247742251,39.28650510706102,mungbean
83.0,40.0,42.0,22.272465484649054,83.8765141448181,6.1559591687947295,88.63801535145097,jute
32.0,68.0,19.0,24.62835037,18.18325169,5.514234138,149.7441028,kidneybeans
19.0,61.0,22.0,19.01296441414133,18.935318248939858,5.510739669268207,32.52104430206153,kidneybeans
31.0,47.0,12.0,30.008802276598754,80.14235686464991,5.417124169119738,46.50806603871178,mungbean
43.0,68.0,78.0,20.399307762961676,14.932774873967668,5.18625175041325,76.17965110793072,chickpea
77.0,36.0,38.0,24.583371239431944,79.61050428031783,5.345832983519817,113.65945169482235,rice
84.0,42.0,17.0,19.289833974341075,64.21859584641452,5.977136785798875,43.48896824057412,maize
4.0,19.0,42.0,23.83185873,87.84034604,6.306605528,111.2232716,pomegranate
2.0,61.0,23.0,28.950705869293888,60.456593473714086,5.367080081267282,35.41269246108493,mothbeans
67.0,40.0,52.0,25.717360081831114,79.62037635455094,5.375344113618387,115.1205811716265,jute
106.0,14.0,45.0,24.47018505,84.16390229,6.417011754,57.26773002,watermelon
131.0,52.0,16.0,23.65724079,84.47601498,6.486068274,88.54479121,cotton
26.0,18.0,42.0,19.72620525,89.64934166,6.910374919,108.22872759999998,pomegranate
38.0,38.0,18.0,26.31051759,61.18749126,6.294130312999999,35.73403813,mothbeans
39.0,29.0,29.0,26.50908611,94.48414544,6.143662699,199.8778403,coconut
36.0,59.0,18.0,33.42641151011495,39.22882418922965,5.60945608906072,192.0273231883718,pigeonpeas
40.0,22.0,6.0,24.53610067,91.90997228,6.488221135,115.9787989,orange
64.0,58.0,19.0,26.61257702897574,74.46517298909049,6.040919144550948,93.85537307720081,maize
54.0,66.0,52.0,36.56769731,93.79503425,6.867554147000001,104.4218596,papaya
100.0,17.0,48.0,29.72791119,94.29753295,6.367800632000001,26.52364146,muskmelon
3.0,64.0,28.0,24.705181251897553,24.139490871304723,4.515497803833653,51.29751038504618,kidneybeans
106.0,85.0,53.0,27.1994597,78.80860679999998,5.91505509,99.72430835,banana
139.0,35.0,15.0,25.248679,83.4630147,5.898293044,86.55517751,cotton
74.0,32.0,38.0,26.02722850806206,73.77286641022715,6.074166046797992,134.33247257070718,jute
94.0,39.0,18.0,23.89114571,57.48775781,5.893093135,102.8301942,maize
104.0,59.0,16.0,17.580703510345167,74.70650875617119,5.614330437926002,71.94803423535866,maize
84.0,7.0,51.0,26.81530456,87.65694462,6.399669044,55.74073582,watermelon
22.0,71.0,17.0,18.15300153,19.38602098,5.509295379,107.6907964,kidneybeans
6.0,72.0,15.0,22.99451999,66.70897237,7.670178119,54.49044154,lentil
1.0,17.0,6.0,10.78689755,91.38411917,6.8198271,117.5293447,orange
20.0,27.0,41.0,20.51343484,92.51675903,5.700088663,110.5764023,pomegranate
107.0,31.0,31.0,23.17124551,52.97841162,6.766184468,153.12016440000005,coffee
9.0,47.0,18.0,26.391195793748523,79.39187009650017,4.923866000515029,42.57430696223825,mungbean
11.0,71.0,24.0,21.14011423,22.7182355,5.6066203460000015,141.6056722,kidneybeans
17.0,77.0,24.0,20.76952209,18.93146941,5.568456899,109.0193712,kidneybeans
90.0,40.0,25.0,25.587947698639205,72.3341555159711,4.606735475442324,42.129630986498505,maize
14.0,37.0,17.0,27.573167723618553,85.77497926221007,5.144940284211355,55.22389153908572,mungbean
57.0,67.0,25.0,32.34744009,66.61452812,7.551364319,64.55882254,blackgram
77.0,53.0,23.0,23.648962702772184,67.58677394889091,5.018571609485246,59.087832699561844,maize
91.0,53.0,40.0,26.52723513,81.41753846,5.386167788,264.6148697,rice
19.0,53.0,20.0,31.684993150539157,43.86726726248665,5.649992529527847,54.2819199106296,mothbeans
80.0,15.0,28.0,23.11438731,68.00096043,6.703270635,161.8944624,coffee
23.0,6.0,33.0,29.18032562,92.73041222,6.025789594,204.9603677,coconut
59.0,63.0,18.0,31.65531175,60.13263713,6.52669158,66.69096751,blackgram
32.0,48.0,25.0,28.465576079658977,40.591534514616164,5.089521058912473,48.0436028827428,mothbeans
60.0,51.0,36.0,22.69657794,82.81088865,6.028321557999999,256.9964761,rice
87.0,54.0,20.0,25.61707368,63.4711755,6.576418207000001,108.8303762,maize
41.0,78.0,78.0,17.834581199892973,19.085800824298854,4.5243928487672,82.39521131429557,chickpea
67.0,39.0,47.0,25.16848649311755,87.66300632877794,5.64919404107827,193.38995658783116,jute
80.0,35.0,39.0,23.422764178259985,88.6056739047428,5.722422282247603,300.0,rice
133.0,47.0,24.0,24.40228894,79.19732001,7.231324765,90.8022356,cotton
51.0,60.0,16.0,26.74288995534131,68.41999669886495,5.421474797060508,73.85923599035448,blackgram
8.0,58.0,17.0,29.055390415228437,34.572303080031446,4.962376637081178,138.5523284131046,pigeonpeas
125.0,60.0,17.0,24.14386157,84.51591287,6.785723961,80.36146974,cotton
37.0,67.0,83.0,18.17606906996749,15.30319764992921,6.075631446754084,57.93929701582884,chickpea
15.0,28.0,32.0,28.84270971,99.64328526,6.2185718739999984,224.4016682,coconut
34.0,29.0,8.0,31.87859192,91.15248149,6.450640306,105.3437825,orange
31.0,35.0,23.0,30.30260453,47.18283631,7.707595055,68.04039813,mothbeans
0.0,29.0,32.0,28.05912437,98.3670985,5.868255858,171.65163959999995,coconut
73.0,35.0,41.0,22.02885862215153,83.2996998714598,5.527688727686696,142.10388806465147,rice
16.0,130.0,201.0,29.12033769,82.79092939,5.682395429,68.8503047,grapes
6.0,54.0,19.0,25.59899537267391,64.55965451426104,6.160724326924166,36.67233477016715,lentil
21.0,6.0,41.0,24.88244467,89.39686219,7.086947687,107.1951707,pomegranate
4.0,20.0,25.0,28.93270187,47.94053996,5.664587011,99.9834242,mango
84.0,40.0,38.0,19.764662100847474,78.41459264609946,4.5,245.22958471022804,rice
16.0,70.0,20.0,24.80467592,40.1242747,5.6093956,121.5639121,pigeonpeas
22.0,23.0,44.0,20.13037175,89.31505137,6.1438746910000015,107.3416913,pomegranate
56.0,72.0,76.0,17.00822352757034,16.27592370478164,4.678508258822534,75.28556101584354,chickpea
0.0,70.0,21.0,36.30049702,56.03021253,4.672437054,101.6073988,pigeonpeas
78.0,50.0,43.0,25.12417673,85.72530641,6.348441469,159.5718087,jute
50.0,60.0,74.0,20.998738390415426,15.74089274275303,5.73346013585979,89.41148037237342,chickpea
12.0,8.0,10.0,16.14820285,91.4448027,7.995848977,107.4287664,orange
39.0,77.0,75.0,20.291852560523598,15.738097409788177,6.5,79.53122921299999,chickpea
120.0,25.0,50.0,28.05457761,94.81637388,6.327210469,21.84869328,muskmelon
22.0,123.0,205.0,32.44577836,83.88504863,5.896343436,68.73932528,grapes
39.0,9.0,15.0,25.35467646,91.81183218,7.992041984,116.7555937,orange
25.0,59.0,25.0,28.184543191598713,62.0880920079253,4.5,29.581720785037817,mothbeans
132.0,52.0,19.0,24.16402322,76.7433897,6.436691764,61.94626051,cotton
112.0,17.0,28.0,27.62975458,61.26002598,6.777417989,196.6492664,coffee
4.0,80.0,16.0,29.19585548,68.01965728,7.441976825,44.93261911,lentil
110.0,39.0,18.0,24.54795322,75.39752705,7.766259768999999,63.88079866,cotton
17.0,64.0,18.0,18.8643591099857,61.46845613909196,5.592256871747633,30.25326514527495,lentil
8.0,127.0,196.0,27.02766138,83.17093908,5.833302165,70.95666003,grapes
55.0,82.0,68.0,20.545448932600735,16.362457003789064,5.461242736168962,44.079840817231656,chickpea
53.0,59.0,25.0,31.44441934567384,65.3919695344263,5.299856588858316,61.96493802872198,blackgram
103.0,40.0,30.0,27.30901814,55.196224,6.3483162570000005,141.48316440000005,coffee
29.0,63.0,17.0,26.58365560020366,66.62494973321948,6.117602434901836,54.78968700887152,blackgram
106.0,70.0,55.0,25.86824781,78.52399914,5.74055541,116.3019555,banana
8.0,28.0,30.0,25.51618488,94.33465411,6.015672239,135.1272491,coconut
34.0,60.0,25.0,29.78416743,85.16906976,6.79385576,40.77872823,mungbean
81.0,18.0,50.0,26.80750629,88.22874955,6.429788072999999,58.79889057,watermelon
27.0,63.0,22.0,19.011698523061717,66.63684029486056,4.64178972101884,50.93163615395868,lentil
94.0,42.0,44.0,28.55235632751754,67.81464060135757,5.793650004591125,218.46678615999997,jute
84.0,27.0,29.0,23.32293161,53.00366334,7.167092586,168.26442869999997,coffee
35.0,55.0,19.0,33.71579192014145,35.37783147293116,5.670298924466775,126.48823475155794,pigeonpeas
45.0,57.0,47.0,23.16855863,90.78821158,6.656458831,161.68920930000004,papaya
63.0,44.0,40.0,25.45896459121049,80.71766776001559,4.942462177684901,84.55840140000002,jute
63.0,43.0,19.0,18.51816776,55.53128131,6.641906353,90.988051,maize
73.0,35.0,38.0,24.88921174,81.97927117,5.005306977,185.9461429,rice
82.0,48.0,36.0,25.79351957,81.76904006,6.352076782999999,193.2418382,jute
20.0,60.0,25.0,27.3254209,69.09047809,6.726469087999999,61.19250859,blackgram
104.0,17.0,46.0,25.7131428,80.22972777,6.190015912000001,43.08961827,watermelon
18.0,19.0,29.0,27.59376845,92.48519606,6.206077742000001,162.8432736,coconut
104.0,64.0,45.0,29.21216731958006,73.64688838444123,6.030358651478461,183.5420867730836,jute
11.0,54.0,22.0,17.768749825315066,22.55656022802899,4.5,146.38564570860794,kidneybeans
42.0,89.0,16.0,21.612237585194624,67.98113708192211,5.185387088208408,37.05836970123234,lentil
90.0,14.0,52.0,24.84740848,89.20454622,6.391858432,59.67927244,watermelon
29.0,8.0,28.0,26.87037587,91.72546257,6.100429497,214.4128874,coconut
103.0,17.0,51.0,25.11189154,80.02621335,6.209888345,44.20656987,watermelon
42.0,77.0,22.0,26.418205283982587,72.78111515392848,5.1029155452601405,30.840640373224126,lentil
60.0,59.0,83.0,21.568028197518334,18.326682877162035,5.080471896307684,92.57987482422327,chickpea
5.0,74.0,21.0,16.24469193,21.35793891,5.5917040139999985,66.97053257,kidneybeans
121.0,47.0,16.0,23.60564038,79.29573149,7.7232401510000015,72.49800885,cotton
9.0,77.0,17.0,20.12373284,24.45202552,5.783425416,106.158201,kidneybeans
11.0,83.0,27.0,16.617592221604177,18.96779029301858,5.2824117259825245,59.48957200184298,kidneybeans
25.0,56.0,21.0,22.47166693597999,20.561829894112684,5.359729921808898,148.0493370571954,kidneybeans
97.0,36.0,21.0,19.74686477897219,69.78321713433134,5.558904166942789,71.39187709403268,maize
20.0,7.0,9.0,29.47741671,91.57802915,7.1291369410000005,111.1727497,orange
14.0,18.0,30.0,29.80747243,52.13797867,5.191265116,95.74606104,mango
3.0,75.0,17.0,29.87154512245205,71.29261256332072,5.373777275112371,29.85804934346814,lentil
133.0,50.0,25.0,25.72180042,81.19666206,7.569454601,99.93100821,cotton
15.0,76.0,24.0,26.167515650802095,55.26702448011216,4.5,32.84858120015621,lentil
92.0,64.0,24.0,18.96875779430579,81.93729908140202,5.028190481875248,60.09974663892565,maize
32.0,29.0,18.0,25.87990390134078,87.19559569766258,4.5,25.112208768768024,mungbean
86.0,6.0,53.0,25.92030221,83.47202566,6.921847887999999,42.10681516,watermelon
19.0,78.0,16.0,20.65375833,23.10538637,5.967533236,67.71768947,kidneybeans
16.0,8.0,9.0,24.60297538,91.28408653,7.601189842999999,111.2948115,orange
34.0,59.0,19.0,30.632538205171603,52.55065487197191,5.1039354975758435,160.44335784473375,pigeonpeas
79.0,45.0,43.0,25.71901283,79.15532398,7.171054239,187.1735424,jute
85.0,38.0,32.0,25.59480082024248,73.80920718256992,5.372540748957562,300.0,rice
5.0,8.0,5.0,11.03367937,92.22706805,6.562594972,112.7715925,orange
103.0,42.0,17.0,24.29470232,84.61527627,6.527541661,81.05902285,cotton
24.0,56.0,85.0,18.19903647,17.41333199,6.545888558,80.6405403,chickpea
14.0,68.0,20.0,24.55910662309172,25.42237117204682,4.950763751401359,69.40431609153492,kidneybeans
90.0,48.0,45.0,24.06475727,71.31342851,6.5091747889999985,153.63902119999997,jute
33.0,37.0,19.0,27.92678579,86.5543196,7.183189922,43.4826194,mungbean
6.0,18.0,37.0,19.65690085,89.93701023,5.937649577999999,108.0458926,pomegranate
81.0,51.0,41.0,25.11553186642629,82.49431807640366,4.877487869799181,300.0,rice
81.0,40.0,45.0,25.7629429,80.76238215,6.427726565,174.5071843,jute
98.0,35.0,18.0,23.79746068,74.82913698,6.252797547999999,91.76337172,maize
100.0,46.0,18.0,24.18586246,76.04203958,6.4316895060000006,69.08056728,cotton
16.0,14.0,30.0,29.70931288,96.30484325,6.37466756,209.84539930000005,coconut
7.0,141.0,195.0,23.8812458,93.45067555,5.514253142,104.9116663,apple
23.0,65.0,20.0,23.0429097,22.42610972,5.833940084,108.3684316,kidneybeans
21.0,44.0,18.0,27.06909959,86.89934108,7.12851089,50.46746116,mungbean
120.0,40.0,33.0,24.23850608,54.30329632,6.73410539,115.1564012,coffee
36.0,54.0,20.0,26.956338935890457,81.60315478934533,5.522172733402199,27.648177,mungbean
21.0,39.0,20.0,27.06179658,52.3003173,7.388007482999999,60.74583498,mothbeans
101.0,33.0,33.0,26.97251562,62.0183627,6.9086713789999985,142.8610793,coffee
62.0,52.0,16.0,22.27526694,58.84015925,6.9670577620000005,63.87020584,maize
17.0,43.0,22.0,30.06142622,45.90067655,5.498340807999999,41.0550915,mothbeans
59.0,62.0,83.0,18.57665902,19.22008229,8.104396057999999,72.94940441,chickpea
40.0,63.0,18.0,30.41588462,67.66323804,6.74441168,63.02473185,blackgram
23.0,85.0,18.0,24.486292495422887,59.618287814337414,6.4324250614324034,65.57007801053955,pigeonpeas
64.0,71.0,14.0,28.22410998313093,65.83638187579571,5.279971605499055,85.1141416305,blackgram
107.0,11.0,54.0,28.59052369,91.33617236,6.094016337999999,29.44008034,muskmelon
70.0,36.0,14.0,20.846880263657305,65.61234212388831,5.421219617639505,46.22744232937378,maize
23.0,75.0,19.0,24.279505316659694,19.60358946656728,5.5125886773112915,88.33829593941908,kidneybeans
25.0,63.0,18.0,34.14890473805043,31.14734843166704,5.721082599911122,96.0274592407973,pigeonpeas
89.0,9.0,47.0,29.47156259,90.77069618,6.6683827660000015,28.75226067,muskmelon
9.0,45.0,16.0,28.32476842994489,58.826174695462434,6.344954997931903,20.62433388937516,mothbeans
2.0,79.0,15.0,21.53577883,65.47227704,7.505283615,35.75107592,lentil
87.0,48.0,25.0,18.65396672,61.37879671,6.656730007999999,93.62039175,maize
111.0,5.0,47.0,28.03306461,91.47355778,6.2744528110000015,21.17924769,muskmelon
29.0,22.0,43.0,19.66329768,87.95158129,5.561851831,106.0380805,pomegranate
81.0,56.0,36.0,23.39605743,72.60512854,7.097586415,174.78764109999997,jute
5.0,18.0,14.0,33.105698100000005,93.48447453,7.434118807000001,119.1709113,orange
61.0,41.0,17.0,25.1420613,65.26185135,6.021902237000001,76.68456006,maize
2.0,39.0,15.0,28.07219563,82.9116472,6.478557136,49.61865305,mungbean
26.0,18.0,27.0,27.45907759,92.90736493,5.836075368,142.1430003,coconut
74.0,35.0,40.0,26.49109635,80.15836264,6.980400905,242.8640342,rice
75.0,54.0,36.0,26.29465461,84.56919326,7.023936392,257.4914906,rice
68.0,52.0,49.0,24.42561272,92.27749066,6.577192175,63.35298768,papaya
30.0,60.0,21.0,28.87667593,62.4901206,5.457871272999999,182.2688175,pigeonpeas
69.0,37.0,42.0,23.05804872,83.37011772,7.073453503,251.0549998,rice
4.0,134.0,200.0,28.57828803,80.95628959,5.840256272,73.34232097,grapes
18.0,23.0,44.0,23.71028128,89.61794165,6.184400085,105.64999070000002,pomegranate
54.0,77.0,85.0,17.141861399999996,17.0662427,7.8292111439999985,83.74606679,chickpea
93.0,83.0,46.0,29.38254012,83.50423735,5.765308943,109.2486647,banana
36.0,76.0,75.0,18.38120357,16.63805158,8.736337905,70.52056697,chickpea
22.0,70.0,22.0,16.254584136529846,23.53950388199967,4.5,127.05095438983147,kidneybeans
22.0,28.0,26.0,27.67256197,45.41692012,4.947683034,92.84991507,mango
33.0,39.0,19.0,24.501346441640358,64.25261439033804,6.293473815276216,29.84586647557419,mothbeans
20.0,96.0,78.0,17.128162811963993,16.833643939730536,4.5,73.16032463213988,chickpea
13.0,144.0,197.0,22.9215706,94.89613443,6.28022267,105.6941544,apple
26.0,27.0,10.0,28.06903173,92.91487288,6.079998496,114.1339416,orange
8.0,79.0,26.0,25.969618821559976,61.79326086577566,6.017051087990769,31.995350425785816,lentil
102.0,45.0,47.0,23.82141433685967,70.71371094033785,5.748260239090121,128.04797129944916,jute
35.0,57.0,16.0,16.442288153543615,23.383644386708472,6.176224342232192,116.21075229721116,kidneybeans
27.0,46.0,15.0,29.336002229603025,77.94513733617055,5.007227899289972,34.616896502550624,mungbean
120.0,48.0,16.0,22.46054478,75.40989245,7.456971816,71.85436078,cotton
28.0,57.0,23.0,19.007680126071904,20.96662743098827,6.144190467648133,112.80334764661315,kidneybeans
88.0,61.0,15.0,23.52529571321704,65.64817612500035,4.788892304495343,83.21523049227002,maize
134.0,56.0,18.0,23.80834611,83.91902605,6.691268104,70.97358303,cotton
59.0,62.0,49.0,43.36051537,93.35191636,6.941496806,114.778071,papaya
80.0,26.0,55.0,24.53442564,88.989272,6.140099215,49.11618732,watermelon
21.0,137.0,196.0,23.6119202,91.70293849,5.812781806,123.5900822,apple
51.0,46.0,73.0,21.761119802186627,16.035483228015067,5.752544895667236,53.37342225670874,chickpea
28.0,45.0,23.0,29.65021184,80.29868321,6.489259136,56.76278363,mungbean
1.0,70.0,23.0,14.678274615985224,18.820039942403078,5.445495011024755,128.19360312555926,kidneybeans
99.0,6.0,46.0,28.61475136,94.22253035,6.39637861,28.98574189,muskmelon
70.0,44.0,19.0,23.31689124,73.4541537,5.852607099,94.29712821,maize
72.0,33.0,39.0,26.95383040010904,79.66665265686544,5.779766944737273,167.32096667035665,rice
42.0,62.0,22.0,15.843654108589616,25.395788646490736,5.975102066115096,56.17758714811412,kidneybeans
14.0,29.0,32.0,35.63627319,48.97047762,6.942520105,97.51952041,mango
26.0,71.0,17.0,29.58214201327603,58.332474087842144,6.5,138.85510136,pigeonpeas
32.0,60.0,83.0,19.69141713,19.44225438,8.829273328,91.76071648,chickpea
99.0,54.0,37.0,21.14347496,80.33502926,5.5948196260000005,198.6730942,rice
20.0,33.0,18.0,26.13232061358688,51.36399967933292,5.511850488582641,69.34126909016346,mothbeans
70.0,42.0,43.0,23.16814977,76.66724969,6.508342839,157.1215052,jute
106.0,21.0,35.0,25.627355,57.04151119,7.4285236339999985,188.5506536,coffee
6.0,36.0,22.0,24.21610338,59.79236306,8.869532817,42.24783476,mothbeans
79.0,51.0,16.0,25.33797709,68.49835977,6.586244581,96.46380213,maize
82.0,24.0,33.0,26.53543168,67.09608099,6.809593554,120.6494434,coffee
21.0,134.0,202.0,10.72302459,80.02130636,6.425419926,65.29821120000001,grapes
28.0,38.0,21.0,27.21550563617017,93.88438035392637,5.704631976153358,41.98167422054281,mungbean
112.0,54.0,15.0,25.46228792,81.56641891,6.1754923060000015,76.88582484,cotton
9.0,50.0,21.0,28.99327758939979,90.11864688758516,5.618478729138446,38.65669232241019,mungbean
66.0,40.0,40.0,23.75853480141974,69.55779131336605,4.955697688078679,162.27211054010098,jute
67.0,46.0,44.0,26.82489244,78.20392774,7.093328631,153.91998069999997,jute
22.0,62.0,16.0,34.6455408,54.32342534,4.828936119,180.9009998,pigeonpeas
33.0,15.0,7.0,15.83388699,91.68293851,7.651225301,109.7571416,orange
40.0,73.0,25.0,24.570724197441958,59.64629810800987,5.043997141751976,60.43101904679486,blackgram
26.0,75.0,15.0,20.877401607826876,18.294978793775027,4.924061442343992,95.53975959330141,kidneybeans
5.0,57.0,25.0,25.14611706983746,42.76057939412337,5.007824105069778,149.62407542110932,pigeonpeas
70.0,50.0,53.0,37.4620912,90.44967809,6.933809742999999,172.3458448,papaya
56.0,49.0,19.0,22.304430702155496,58.94287275563411,5.40330917423984,59.96321782079681,maize
5.0,15.0,38.0,18.26233221,88.16779129,5.709380472,108.0756727,pomegranate
32.0,18.0,13.0,13.8377282,91.74780462,6.044167236,107.9873218,orange
112.0,73.0,48.0,29.244063800000006,77.32017166,5.7074889870000005,90.66727868,banana
93.0,91.0,47.0,27.84767901,83.31110751,6.101241579,117.2878912,banana
14.0,74.0,15.0,27.99990346,65.57653373,6.493036868,49.94043064,lentil
108.0,22.0,46.0,26.17668721,86.72952049999998,6.121168559,53.33484977,watermelon
27.0,62.0,77.0,20.31260712652685,15.926006547619481,5.863169827525699,68.02104950860321,chickpea
25.0,76.0,24.0,15.33042636,24.91506728,5.56503533,135.3315583,kidneybeans
91.0,25.0,26.0,24.53460016,66.99765375,7.482414225,180.5059257,coffee
97.0,50.0,41.0,24.52922681,80.54498576,7.070959995,260.2634026,rice
37.0,73.0,21.0,29.50304807,63.46513414,5.560224582999999,189.5208915,pigeonpeas
36.0,56.0,20.0,25.4123765,49.66474269,7.437078236,31.87416982,mothbeans
48.0,61.0,21.0,30.28496619,61.69295127,6.628264883,65.62859526,blackgram
75.0,38.0,39.0,23.44676801,84.79352417,6.215109715,283.9338466,rice
36.0,43.0,22.0,27.82684262,87.16679147,6.3898821660000005,58.37249772,mungbean
31.0,55.0,22.0,22.91350245,21.33953114,5.873171894,109.225556,kidneybeans
20.0,71.0,21.0,26.63504335301854,65.26649657971001,5.022957612930822,51.20774096078452,blackgram
25.0,129.0,195.0,17.98667801,81.17712085,5.777271492000001,72.37127689,grapes
43.0,70.0,25.0,28.706792221085568,67.91229144306419,5.270768703576185,41.33701800638764,blackgram
33.0,60.0,15.0,28.95172351,81.67085323,6.510840928,56.51103293,mungbean
67.0,41.0,40.0,25.84879500000001,87.81661683,7.333143205,152.6194403,jute
33.0,120.0,205.0,35.12158265,82.26890793,5.550832177999999,69.71518491,grapes
119.0,90.0,48.0,28.66725136,79.59242542,5.986442306,118.2583441,banana
23.0,59.0,19.0,21.98560799,24.87304788,5.852046999,129.5650601,kidneybeans
74.0,39.0,38.0,23.24113501,84.59201843,7.782051312999999,233.0453455,rice
93.0,41.0,17.0,25.6217169,66.50415474,6.047906679,105.4654703,maize
85.0,58.0,18.0,27.886634880428748,75.46638727020789,5.691177373919148,59.855093189158275,maize
101.0,92.0,45.0,28.22776705,80.64303840000002,5.758054257,98.00403016,banana
81.0,61.0,36.0,24.964530446442424,81.51435832400453,5.141828712888502,129.36407516423762,rice
87.0,51.0,33.0,21.70475470602264,79.91911851814271,5.215813233507824,247.2446505634341,rice
31.0,29.0,26.0,28.22373428,47.40519056,5.024124683999999,97.76832322,mango
33.0,58.0,15.0,28.82215489261933,58.65189234609775,5.8409877504452465,58.099052192814966,blackgram
77.0,45.0,42.0,20.04735597478642,82.04582720063408,4.672515213205079,190.2369384523203,rice
24.0,14.0,33.0,29.38072512,93.27565685,6.366219551,218.5241851,coconut
49.0,54.0,50.0,25.62446619,93.18240298,6.762522087000001,97.26336657,papaya
39.0,24.0,31.0,33.55695561,53.72979826,4.757114897,98.67527561,mango
109.0,36.0,18.0,25.40059227,76.53237965,7.524707577,62.51388670000001,cotton
4.0,47.0,18.0,27.453872482632352,62.66638296558497,5.782457431323357,44.53350178431495,mothbeans
28.0,48.0,15.0,25.16125354,55.25435777,9.254089438,40.89732789,mothbeans
97.0,49.0,40.0,21.675229613314634,80.57932777963131,5.651226380656577,209.67979978879146,rice
102.0,24.0,54.0,27.72338349,90.93897939,6.698468621,22.81863447,muskmelon
35.0,64.0,14.0,29.724191215684222,61.66154517912436,5.866318394465068,48.409460214787025,blackgram
10.0,56.0,16.0,28.17432665,81.04554836,6.828187498999998,36.35720652,mungbean
102.0,11.0,47.0,27.98780984,92.78226196,6.5049069789999985,27.14509034,muskmelon
11.0,75.0,23.0,15.589713827747996,18.507245481241895,5.314676777850674,93.2461631500322,kidneybeans
72.0,40.0,38.0,20.41447029,82.20802629,7.592490617,245.1511304,rice
16.0,52.0,18.0,27.309757326811773,46.658477365644245,4.603403189116291,80.1123349655,mothbeans
37.0,50.0,23.0,29.65296893,88.48587386,6.5304707,56.01913159,mungbean
81.0,45.0,35.0,26.52872817,80.12267476,6.158376967000001,218.9163567,rice
31.0,48.0,17.0,28.88078945,86.94206817,6.594739424,53.79732545,mungbean
18.0,12.0,35.0,26.13958446,96.38580769,6.338720873,131.3387935,coconut
54.0,62.0,80.0,17.48911699,16.39055394,7.489545074,79.45758333,chickpea
57.0,57.0,51.0,39.01793345,91.48815629,6.99223441,105.8841531,papaya
27.0,56.0,20.0,19.25975367,20.51346956,5.542690119,94.9533526,kidneybeans
33.0,77.0,15.0,23.89736406,66.32102048,7.802212437,40.74536757,lentil
115.0,48.0,16.0,25.54359718,84.09229796,7.175934962,88.94245493,cotton
106.0,46.0,20.0,23.43821725,78.63388824,6.2006719760000015,81.15072105,cotton
25.0,80.0,19.0,23.887923955208123,57.05087289437418,5.382628387932779,52.83531103406622,lentil
25.0,68.0,19.0,29.39982732,64.25510719,7.1084501210000015,67.47677295,blackgram
87.0,28.0,30.0,25.60153969,68.66257977,6.536676653,168.8383605,coffee
29.0,64.0,23.0,25.96962419765457,65.85332961432323,5.222194570816001,38.85763726936818,blackgram
83.0,60.0,36.0,25.59704938,80.14509262,6.903985986,200.834898,rice
119.0,30.0,28.0,26.35770906,64.57578034,6.5052036960000015,163.62694960000005,coffee
36.0,67.0,77.0,18.36952567,19.56381041,7.152811172000001,79.26357665,chickpea
94.0,5.0,55.0,28.5854649,91.89216849,6.0856823439999985,26.88372572,muskmelon
91.0,21.0,26.0,26.33377983,57.36469955,7.261313694,191.6549412,coffee
69.0,46.0,41.0,23.64124821,80.28597873,5.012139669,263.1103304,rice
38.0,6.0,25.0,25.54963273,96.92786777,6.156259104,191.2996157,coconut
44.0,57.0,21.0,37.468461161280466,64.45798869290911,5.743866561818707,168.7409038189598,pigeonpeas
73.0,46.0,39.0,22.865236934184722,80.89470822457176,5.176471740988462,127.37699869662664,rice
86.0,55.0,21.0,21.54156232,59.64024162,6.803931519,109.7515385,maize
55.0,77.0,22.0,31.4345059,62.99303471,7.76061831,64.77651469,blackgram
80.0,18.0,31.0,24.02952505,58.84880599,7.303033217,134.6803969,coffee
111.0,27.0,31.0,23.59302313,55.27564977,6.0433309510000015,191.3980675,coffee
34.0,60.0,16.0,31.35730791,64.24992106,7.322555222999999,63.85668948,blackgram
36.0,44.0,21.0,25.12528913,51.33189406,4.516154055,38.48678973,mothbeans
117.0,86.0,48.0,28.6956201,82.54195839,6.2252252389999985,116.1616839,banana
24.0,63.0,24.0,20.068165642616073,24.894768506543365,5.597426042358309,112.14938722926841,kidneybeans
75.0,53.0,18.0,20.68899915,59.4375337,6.864793607,103.651438,maize
57.0,60.0,84.0,19.1034283,17.26184541,6.586777189,75.49101167,chickpea
92.0,21.0,48.0,25.81692236,82.043255,6.377427122,54.82963379,watermelon
90.0,40.0,39.0,25.72668885,81.86171563,6.626503893,191.9649389,jute
32.0,70.0,20.0,20.89342749,46.24856523,6.208843215,195.5697875,pigeonpeas
20.0,54.0,79.0,19.20840407492826,13.986678108259945,5.035514225404605,91.52149882791268,chickpea
91.0,7.0,52.0,25.07803672,83.46230461,6.405054243,56.39962921,watermelon
113.0,15.0,29.0,27.09617155,63.55324262,6.779230041,190.2440566,coffee
88.0,29.0,51.0,24.71885473,88.94568335,6.095689937,48.45978627,watermelon
99.0,55.0,47.0,25.214887326737756,79.66059040085176,5.389186897103202,190.29290591948757,jute
103.0,33.0,25.0,27.10210397,55.74973320000001,6.911066044,139.5013171,coffee
36.0,61.0,21.0,34.53823889,39.04468913,5.617008201,168.5948318,pigeonpeas
120.0,23.0,28.0,25.67324193,51.29043632,6.877799264,196.2736367,coffee
7.0,40.0,17.0,31.2123945,40.92604945,8.532078732999999,53.78769958,mothbeans
30.0,67.0,25.0,33.34672431296712,51.714295822512035,4.547908553010666,156.84698173152336,pigeonpeas
9.0,63.0,21.0,31.978735673589167,56.6815465470383,4.5,42.080647221771834,mothbeans
61.0,57.0,71.0,17.920817744673805,16.086623754104902,5.322232473820909,74.80684287785118,chickpea
29.0,17.0,29.0,29.20394909,95.66997327,5.959493188,211.2506267,coconut
28.0,65.0,23.0,28.38686534,61.88871127,7.405176138,74.24459122,blackgram
14.0,67.0,22.0,23.82576704,24.75485098,5.624690247999999,84.64143632,kidneybeans
28.0,58.0,81.0,17.47500984,16.54314829,6.18042747,93.35034262,chickpea
54.0,53.0,18.0,25.813233619690937,71.50612279329883,5.628480356661419,61.14328868292995,blackgram
100.0,52.0,19.0,23.45969093,82.44777468,7.903528672999999,93.50153555,cotton
41.0,69.0,82.0,20.02381489,16.63294455,6.715587232000001,68.97806542,chickpea
37.0,62.0,17.0,25.68576704,69.84354028,7.121254928,74.62068748,blackgram
97.0,22.0,26.0,23.60567546,59.68849145,6.074190142000001,185.1568059,coffee
17.0,64.0,16.0,30.97758716,32.24914235,7.161797643,180.716828,pigeonpeas
14.0,37.0,15.0,27.96235681,83.97586797,6.581351374,48.9366954,mungbean
52.0,68.0,78.0,17.48504075,16.96070581,6.89655198,86.05078037,chickpea
80.0,46.0,39.0,25.762659562486885,84.64166916152725,4.828008741567728,193.14324958794884,rice
2.0,129.0,201.0,22.78234161,94.36803516,5.682343744,122.1449949,apple
88.0,21.0,27.0,24.43011925,66.02411187,7.231166546,181.6368274,coffee
60.0,58.0,37.0,26.13871511,79.1188943,6.067302109,171.4892533,jute
52.0,57.0,25.0,30.332132239440085,68.41806787281293,5.5675682245170055,64.06039056734012,blackgram
18.0,57.0,21.0,27.922853320479078,93.30186641592846,5.423897513393302,51.733665975913574,mungbean
23.0,50.0,18.0,25.69683436147415,54.3107167232405,5.976897043344371,29.191136132306593,mothbeans
5.0,62.0,23.0,27.9348279,66.45457122,4.722222454,145.3728801,pigeonpeas
95.0,30.0,52.0,29.48069921,90.33698678,6.640470862999999,26.0365768,muskmelon
59.0,55.0,19.0,31.74379487,62.51007687,7.332375138,68.97097538,blackgram
12.0,64.0,19.0,29.537596648082765,33.69801686753275,5.730600510577862,141.20771103758375,pigeonpeas
41.0,63.0,23.0,36.6444360257987,61.197062227278565,4.863288914520745,39.141006664486916,blackgram
84.0,40.0,42.0,26.2830571,73.35763537,6.704273839,186.6898282,jute
136.0,36.0,20.0,23.09595631,84.86275707,6.925412377000001,71.29581071,cotton
47.0,32.0,14.0,30.858717545598083,83.68314594349718,5.032393924185257,55.253885640735625,mungbean
33.0,31.0,34.0,31.32995611,50.22287593,5.421265282999999,89.78216168,mango
61.0,53.0,43.0,26.40323239,81.05635517,6.349606327,223.3671883,rice
1.0,84.0,17.0,26.241333195897493,51.10857848287951,4.861857515977212,135.6925465200529,pigeonpeas
95.0,7.0,45.0,27.30008597,90.80015308,6.031665834,25.09484511,muskmelon
22.0,16.0,27.0,29.1797902,90.27214288,6.006784979,188.9252083,coconut
37.0,23.0,12.0,31.52675982,90.50621806,6.395258356,113.1169398,orange
89.0,47.0,38.0,25.52468965,72.24850829,6.002524871,151.8869972,jute
20.0,72.0,15.0,36.00415838,56.01334416,7.313517308,134.8596466,pigeonpeas
0.0,55.0,25.0,28.17489437,43.6672299,4.524171562,45.78172762,mothbeans
10.0,79.0,18.0,21.0643684,55.46985938,5.624731337999999,184.6226709,pigeonpeas
29.0,68.0,23.0,24.1638445,19.27907819,5.82738029,116.7324324,kidneybeans
25.0,79.0,22.0,31.235093674452607,40.57611617184435,5.458935290061628,81.10900058377237,pigeonpeas
99.0,19.0,33.0,27.536454700000004,55.51673151,6.273741983,130.6377143,coffee
15.0,14.0,8.0,10.01081312,90.22399223,6.22094286,119.3941064,orange
12.0,79.0,18.0,22.112147237980878,56.613645116171654,5.137536354080324,39.810237249538964,lentil
39.0,37.0,15.0,28.9973145,83.78911515,6.821747052,59.84499208,mungbean
40.0,126.0,201.0,11.36300891,80.03100049,6.116982944,71.18289431,grapes
93.0,58.0,38.0,20.61521424,83.77345559,6.932400225,279.5451717,rice
12.0,58.0,23.0,21.74600081,63.39503184,6.765091462000001,50.43306085,lentil
45.0,40.0,19.0,30.42552034635581,56.80598914663429,5.1749123313644,21.760598970199403,mothbeans
40.0,60.0,14.0,28.783633793989654,81.40983986656414,6.164258142219034,29.431943466665107,mungbean
32.0,130.0,196.0,40.66012294,81.24995984,6.372959542,74.03030056,grapes
60.0,68.0,83.0,19.12065218,18.43475844,6.620900869,85.52950164,chickpea
116.0,38.0,34.0,23.29250318,50.04557009,6.020947179,183.468585,coffee
22.0,80.0,20.0,23.00884744,18.86880997,5.669560726,100.118612,kidneybeans
10.0,9.0,28.0,29.01256899,94.01014388,6.282955072999999,150.05003119999995,coconut
21.0,45.0,21.0,25.659986297377454,88.76223609096105,5.616548749622919,32.34247421103089,mungbean
34.0,61.0,17.0,25.91156942780011,64.83757697111824,5.1459038487051565,52.316285031009556,lentil
24.0,72.0,26.0,28.230136522801242,57.691795905310144,5.890000398211202,63.65705769193293,blackgram
10.0,48.0,17.0,25.602504435278128,51.85499445277859,6.254460567671827,33.28469445835152,mothbeans
68.0,58.0,38.0,23.22397386,83.03322691,6.336253525,221.2091958,rice
24.0,51.0,77.0,18.024863572167835,14.695953242560572,5.295744468653397,78.4403271303798,chickpea
127.0,37.0,18.0,24.87663664,76.30050373,7.041065585,91.9223468,cotton
30.0,25.0,31.0,26.31270635,98.62048026,5.804965067,208.1181381,coconut
27.0,64.0,21.0,32.84213012,68.68401492,7.543804222999999,73.67166182,blackgram
56.0,67.0,78.0,17.57445618,16.71826572,8.255450758,77.81891424,chickpea
22.0,17.0,5.0,24.12188673,90.72351622,6.945562889,102.835632,orange
9.0,69.0,20.0,19.30607278,23.96362799,5.591560999,129.3449326,kidneybeans
40.0,144.0,196.0,22.71750705,92.25479855,5.987262638,107.0289866,apple
12.0,29.0,40.0,19.68291173,89.75272999,6.594037135,111.2818551,pomegranate
51.0,58.0,94.0,18.80257525539433,16.933038323500693,5.129538919148426,62.23594111704421,chickpea
77.0,52.0,41.0,23.89069041,83.46409075,6.097294061,167.72306319999996,jute
18.0,74.0,22.0,35.3139801344901,37.58418059299009,5.61944004538629,106.60289217447358,pigeonpeas
15.0,125.0,199.0,18.426993600000007,80.55625868,5.569230319,69.75734306,grapes
40.0,75.0,80.0,19.21492923929682,14.061123933968933,5.958533369065612,61.06939109880281,chickpea
131.0,38.0,19.0,23.86814008,75.68339729,6.814341946,90.4547185,cotton
49.0,72.0,15.0,31.55846339,67.83563765,7.137004749,74.86960831,blackgram
62.0,42.0,36.0,22.78133816,82.06719137,6.430010215,248.7183228,rice
12.0,71.0,19.0,24.91079638,60.71367427,7.142611056000002,42.19740397,lentil
9.0,49.0,16.0,30.88482722,41.36561835,7.661537347999999,55.053805,mothbeans
9.0,50.0,21.0,26.189001188860043,84.97408676455667,4.98638006049124,36.76736341868224,mungbean
117.0,30.0,50.0,24.90123934,87.20772913,6.744966312000001,46.59207341,watermelon
34.0,34.0,35.0,27.27433181,47.16808054,6.422710539,95.257992,mango
92.0,81.0,52.0,27.39341554,81.4654833,6.438137278999998,94.31102057,banana
11.0,61.0,21.0,18.62328774,23.02410338,5.532100554,135.33780330000002,kidneybeans
4.0,41.0,20.0,28.14720892,83.8001509,6.647965508,37.44800463,mungbean
34.0,59.0,18.0,23.38002569,21.98879437,5.744117663,87.66898664,kidneybeans
40.0,29.0,42.0,24.63228709,89.01574455,7.104094929,110.6956184,pomegranate
82.0,23.0,49.0,26.81383586,87.21986949,6.873283991,51.70497792,watermelon
116.0,71.0,47.0,27.57278064,82.0638878,6.435785799,91.34276507,banana
3.0,60.0,19.0,25.74679443,40.7192594,4.820788186000001,100.7791633,pigeonpeas
110.0,7.0,45.0,26.63838589,84.69546874,6.189213927000001,48.32428609,watermelon
24.0,66.0,18.0,33.78624289427626,69.49706848359759,5.399356506046219,47.599947710054735,blackgram
19.0,122.0,202.0,23.34467359,90.37981478,5.811975094,112.8954016,apple
39.0,127.0,202.0,15.3246651,81.67215994,6.477768039,71.60102999,grapes
93.0,43.0,38.0,23.61475336,86.14290267,6.987332927000001,150.2355238,jute
2.0,140.0,197.0,22.69780133,92.82223419,5.53456749,105.0508234,apple
41.0,69.0,17.0,27.306252379050818,70.4484499174926,5.390183248939185,56.639317533591765,blackgram
32.0,120.0,204.0,10.38004759,83.44518113,6.138958698,67.39173790000001,grapes
31.0,26.0,9.0,11.69894639,93.25638873,7.566165721,103.2005992,orange
8.0,133.0,195.0,20.46657776,80.97598029,6.456079585,71.29813872,grapes
15.0,74.0,18.0,20.501707791963657,63.507391111055476,6.244748877083448,48.936325943321364,lentil
81.0,41.0,38.0,22.67846116,83.72874389,7.5240800760000015,200.9133156,rice
20.0,30.0,27.0,27.81005614,51.59445462,4.74910393,95.89898581,mango
39.0,78.0,15.0,21.35499456,62.60136323,5.925391795,41.78219834,lentil
7.0,21.0,35.0,25.76011662,94.65830608,5.764812076,131.24514140000002,coconut
83.0,59.0,45.0,21.29080135688051,84.34263576990736,5.298325700050107,209.56428149450403,rice
37.0,57.0,19.0,26.45484279272175,70.35422596892995,5.973295424366327,81.6119294205814,blackgram
116.0,23.0,25.0,23.4123707,52.26994674,6.869720196,139.3670753,coffee
64.0,35.0,23.0,23.02038334,61.89472002,5.680361037999999,63.03843397,maize
2.0,38.0,33.0,32.38697531,53.2328243,4.691396195,90.21633216,mango
25.0,17.0,40.0,18.91251245,87.74938524,6.608023872,111.28005159999998,pomegranate
8.0,23.0,44.0,18.47412402,89.68919664,7.130837931,108.4758509,pomegranate
4.0,61.0,21.0,24.84063998,60.09116626,6.75020529,48.77790371,lentil
2.0,120.0,203.0,23.12652652,94.71203306,5.8934929989999985,108.62118329999998,apple
32.0,141.0,204.0,8.825674745,82.89753705,5.536645599,67.235765,grapes
29.0,54.0,16.0,27.78031515,54.65030015,8.153022903,32.05025323,mothbeans
68.0,53.0,44.0,24.91529838944427,70.91505912533962,5.205262154846799,157.54227617848915,jute
74.0,58.0,24.0,20.182158100772256,60.810618959229906,6.036629266911624,51.53875358282909,maize
102.0,53.0,21.0,23.03814028,76.11021529,6.913678684,91.49697481,cotton
90.0,39.0,22.0,23.59873915575792,62.59803259477358,5.008343876966584,51.09758227483481,maize
116.0,52.0,19.0,22.94276687,75.37170612,6.114525877,67.08022574,cotton
99.0,6.0,45.0,26.12588914,86.5507939,6.000975617000001,40.71210074,watermelon
39.0,70.0,15.0,20.76774783,63.90164154,6.366355781,47.9271552,lentil
15.0,77.0,20.0,25.13163619,66.92642362,7.399749291,49.04015558,lentil
81.0,44.0,47.0,26.545954073913627,73.38832546567177,6.48701380525716,128.278861791794,jute
31.0,70.0,85.0,20.756227654266496,19.93401807892458,4.818564819223949,60.46956390273213,chickpea
24.0,30.0,11.0,32.39523995,94.51768464,6.601395755,113.25373,orange
7.0,56.0,25.0,26.94693337101935,37.24044144550977,6.277215252837385,50.79655672003824,mothbeans
37.0,39.0,20.0,25.253621888172646,79.39806971414721,5.15614656626008,39.162983041918174,mungbean
39.0,54.0,22.0,29.850797973902477,81.5441876988733,5.518439086308812,52.568163932574095,mungbean
34.0,47.0,19.0,27.31372793,85.44815232,6.5687954039999985,53.15223123,mungbean
86.0,37.0,16.0,20.51716779,59.21235483,5.561510732,67.61013737,maize
60.0,43.0,44.0,21.01944696,82.95221726,7.416245107000001,298.40184710000005,rice
8.0,75.0,20.0,17.168120322200703,64.05827233657055,5.3322508373326025,35.87796426040001,lentil
55.0,66.0,22.0,30.91219459,68.79427388,7.747775262999999,66.63830637,blackgram
93.0,53.0,38.0,26.92995077,81.91411159,7.069172227,290.67937830000005,rice
67.0,41.0,39.0,22.464624376316202,81.72779829141335,4.5,170.14204190051262,jute
2.0,123.0,198.0,39.64851881,82.21079946,6.253034534,70.39906054,grapes
18.0,51.0,20.0,29.336480520703198,87.10037789929973,4.5,35.60045360776612,mungbean
82.0,46.0,34.0,24.374862898603233,81.37582706298143,5.857672688801415,149.07309113989567,jute
11.0,6.0,25.0,28.69164799,96.65248672,6.081568052000001,178.9635457,coconut
24.0,33.0,35.0,29.26382931,54.82257868,5.342866119,100.7586226,mango
83.0,29.0,52.0,25.76402693,87.5931128,6.704688865,46.05122728,watermelon
50.0,56.0,76.0,20.99502153,19.8601304,7.966605025,73.50734019,chickpea
40.0,49.0,17.0,31.02215872,45.89239456,6.68727523,53.56783314,mothbeans
32.0,25.0,9.0,10.35609594,93.75652041,7.796034006,101.1456947,orange
33.0,61.0,24.0,20.04611791,48.93905624,4.567446499,122.4564203,pigeonpeas
8.0,46.0,16.0,27.085967833664782,86.7997419528663,5.888238441231152,40.437988388026774,mungbean
10.0,24.0,27.0,27.57283516,94.90485697,5.7084096010000005,145.9298935,coconut
110.0,21.0,54.0,26.73690828,87.82430156,6.747537642,47.46447019,watermelon
7.0,144.0,195.0,22.96388477,93.58065995,5.85648105,104.64729859999998,apple
62.0,43.0,24.0,22.27086129570742,57.923227519161095,5.276012702924546,43.96490425,maize
9.0,41.0,17.0,26.835758415515787,55.85860243152724,5.8926792810704915,26.467358790303457,mothbeans
84.0,37.0,42.0,25.49674786,81.13449097,6.691074249,169.92882340000003,jute
26.0,121.0,201.0,22.19109412,90.02575116,6.162034371,112.3126628,apple
3.0,136.0,205.0,17.5862944,80.84806564,6.334771461,71.40654520000002,grapes
24.0,71.0,19.0,20.534262388428317,52.719946631735525,4.5,182.46786533009717,pigeonpeas
119.0,5.0,55.0,29.68846716,94.30111601,6.168757984,26.83924845,muskmelon
81.0,42.0,43.0,25.793846505703087,84.691114816352,4.872614569544051,182.81252703101148,rice
81.0,54.0,37.0,26.043342015282576,81.88224365829876,5.418485657801368,162.0050651857424,jute
14.0,19.0,14.0,17.68408797,94.35815354,6.699164936,108.0638166,orange
22.0,18.0,33.0,30.41235793,52.48100602,6.621623545,93.92375879,mango
21.0,135.0,198.0,23.86087054,94.92048112,5.7650151260000015,105.0241329,apple
62.0,75.0,87.0,19.037759658641342,19.570224466443292,6.204295394910349,56.13878751495222,chickpea
13.0,7.0,43.0,18.20230419,91.12282162,7.013481515,109.66239740000002,pomegranate
40.0,59.0,15.0,17.303184693451776,25.286617243829483,4.947513887306495,121.02293333209363,kidneybeans
26.0,67.0,16.0,29.10713092,67.90577375,7.17620823,67.83345933,blackgram
23.0,70.0,14.0,34.8844155097946,58.18596818940063,5.634368170750685,154.63818787613147,pigeonpeas
31.0,79.0,75.0,18.8202251,16.1074793,8.204862075,89.73119396,chickpea
41.0,78.0,21.0,25.19857725,60.37332688,6.581313137,70.88787207,blackgram
70.0,57.0,45.0,26.916050184155008,73.79373534327149,5.5153254488699215,139.9859133492257,jute
26.0,18.0,30.0,32.06097197,51.08494181,6.3362346239999985,96.59816497,mango
33.0,47.0,24.0,27.92309334430923,78.50465166340403,4.878772515398453,31.7276520711722,mungbean
24.0,74.0,91.0,17.395085591414787,14.815662006210635,5.752117512630818,35.957043930568844,chickpea
17.0,134.0,204.0,39.04071989,80.18393287,6.499604931,73.88467027,grapes
104.0,80.0,54.0,27.09062164,81.33506906,5.879119455,110.1331182,banana
108.0,35.0,25.0,23.98143338,61.10935084,6.971963169,161.5279095,coffee
91.0,75.0,55.0,27.48612983,76.11239849,6.212369363,109.2768851,banana
8.0,59.0,19.0,20.13921430194466,24.493490239180787,4.951295343608562,121.47418095901232,kidneybeans
8.0,38.0,32.0,29.75150773,46.73723302,4.981816523,91.405983,mango
114.0,8.0,52.0,29.34081108,94.5513539,6.419083092,28.22908103,muskmelon
21.0,39.0,20.0,29.734063335969516,87.26087229480657,5.697335226620892,21.80602503115362,mungbean
36.0,65.0,16.0,25.71269843,64.1123333,7.692013657,50.17067771,lentil
89.0,60.0,17.0,25.37548751,57.21025565,5.983952675,101.7004306,maize
58.0,62.0,36.0,23.383876196421227,94.63006243431123,4.550261077653618,169.8573627851854,jute
13.0,74.0,25.0,24.12192608,61.09533545,6.461618577,44.23629285,lentil
24.0,64.0,19.0,32.070372245238474,30.159957963265825,4.676733991954236,90.76556783392518,pigeonpeas
50.0,58.0,23.0,27.81326852,62.50460464,7.596802025,69.75555541,blackgram
25.0,61.0,24.0,18.13614965986536,63.297489940305056,4.76521808542719,37.014340857661786,lentil
42.0,70.0,84.0,17.27969976671614,14.170023778476939,5.67862073480464,72.63818389291514,chickpea
52.0,73.0,79.0,17.25769499,18.74943955,7.840339388999999,94.00287214,chickpea
97.0,36.0,45.0,22.2286982,81.85872947,6.939083505,278.0791793,rice
53.0,66.0,84.0,20.45462710142211,16.864250639828274,5.2820936896621875,61.570227908478955,chickpea
27.0,65.0,18.0,20.10993761,23.22323766,5.59503163,73.36386477,kidneybeans
4.0,38.0,23.0,31.090593952663706,82.16589550524516,5.025961965284375,39.607476551111056,mungbean
88.0,32.0,30.0,25.105635140358746,83.14654717469789,5.164419697810291,158.0977015182204,rice
14.0,55.0,19.0,21.090099166203665,67.92726836428079,6.381820291081239,31.31764214105903,lentil
30.0,63.0,16.0,23.60506572,21.90539577,5.5259045260000015,100.5978728,kidneybeans
84.0,25.0,52.0,24.37190239,81.2514818,6.12532356,44.20899581,watermelon
11.0,60.0,16.0,28.20837250735799,88.95850192229511,4.871452011941624,50.97920455169147,mungbean
133.0,47.0,23.0,24.88738107,75.62137159,6.827354668,89.76050416,cotton
4.0,59.0,22.0,29.33743412,49.00323081,8.914074888,42.44054315,mothbeans
111.0,32.0,34.0,25.46743689,69.35161206,6.392048018,171.37644619999998,coffee
40.0,143.0,201.0,24.97256132,82.72828653,6.476757723,66.70016285,grapes
24.0,6.0,32.0,28.11321494,90.01734526,6.387067562,172.48136409999995,coconut
14.0,59.0,22.0,23.82723528,67.89815262,6.76660668,46.90725077,lentil
60.0,37.0,38.0,26.8998339570435,87.5532565470389,5.997044873249661,122.23098565764889,jute
53.0,54.0,25.0,20.83124981874909,57.97249149832053,6.5,60.32237666312273,maize
16.0,143.0,204.0,23.71475278,91.53331177,5.631333387000001,121.8961665,apple
99.0,57.0,35.0,26.75754171,81.17734011,5.960370061,272.29990560000005,rice
24.0,54.0,16.0,21.309199338287918,71.63849016827609,4.80946367300521,174.44864444993476,pigeonpeas
17.0,64.0,26.0,27.00214607668214,54.02628153824638,5.534945221714829,29.491468121046726,mothbeans
113.0,33.0,34.0,26.00373964,62.144510200000006,6.559817161000002,153.477776,coffee
31.0,45.0,19.0,27.734598456412026,80.36154200379059,6.322663197431477,48.69114505180732,mungbean
14.0,8.0,43.0,21.92513945,94.46485312,7.051654924,111.71620159999998,pomegranate
5.0,136.0,195.0,22.35628673,91.92360477,6.264202804,107.7697413,apple
30.0,17.0,31.0,31.20478173,54.49960506,6.804437106,94.62954663,mango
16.0,78.0,21.0,17.657600223899976,35.500691544755774,6.149352034200118,108.69908587416317,pigeonpeas
78.0,46.0,47.0,25.613332183181775,86.34893833185735,5.757826033303586,125.40387930685046,rice
55.0,68.0,77.0,18.038434673242463,18.090462673102582,5.769175406387535,74.5356675512156,chickpea
3.0,9.0,35.0,26.91641934,99.84671638,6.318552972999999,225.6323656,coconut
5.0,45.0,21.0,28.36291385,88.00989267,6.487124217000001,43.05130077,mungbean
26.0,41.0,22.0,28.42496211187167,88.11038836067478,6.017170410909199,40.02082459322376,mungbean
32.0,66.0,17.0,34.9466155,65.26774011,7.162357641,70.1415139,blackgram
31.0,72.0,17.0,28.69180475,49.47225353,5.833031707999999,96.36222901,pigeonpeas
36.0,140.0,198.0,23.34386401,91.47684705,6.28188384,104.4267991,apple
15.0,9.0,11.0,11.54785707,94.14861001,7.907956251,108.82891709999998,orange
18.0,66.0,22.0,25.87990287,67.55109024,6.347379185,47.89645224,lentil
19.0,53.0,22.0,27.8640132,80.4513142,6.852884642999999,42.83053902,mungbean
66.0,54.0,21.0,25.19008683,60.200168700000006,5.919045532,72.12375573,maize
3.0,68.0,16.0,18.31910448,34.69776639,4.964887857,107.4721605,pigeonpeas
30.0,7.0,15.0,33.23453301,91.06053924,7.825531916,115.7659902,orange
19.0,64.0,18.0,21.762266852223977,22.587750947539476,5.068361928088148,143.303624165,kidneybeans
95.0,40.0,43.0,25.7273708742115,76.99757828056318,5.355238137534781,153.05732521470685,jute
91.0,50.0,40.0,20.82477109,84.1341879,6.462391607000001,230.22422230000004,rice
59.0,76.0,15.0,28.848407897516285,57.028947051864236,6.5,40.455873667343916,blackgram
86.0,39.0,43.0,26.14576648,71.23690851,6.432051512,193.1007598,jute
33.0,75.0,21.0,33.04687968,68.93875631,6.690655045,62.30278274,blackgram
37.0,61.0,85.0,17.812800570000405,16.97479066453645,6.010043396320673,72.95767743256198,chickpea
29.0,25.0,14.0,30.49183837,90.4582865,7.781988584,113.3302105,orange
90.0,46.0,42.0,23.97898217,81.45061596,7.50283396,250.0832336,rice
24.0,50.0,89.0,18.616303192178847,16.659387055972317,5.048273135011889,69.88500557287074,chickpea
45.0,61.0,78.0,19.48649305,16.06240074,6.489389282,81.52842690000001,chickpea
103.0,72.0,51.0,26.12643374,81.81365007,6.099478745,104.4812858,banana
29.0,34.0,26.0,33.88004781,54.39416048,6.2739536760000005,89.29147581,mango
82.0,13.0,52.0,27.11535046,94.86907886,6.442810053,26.51924782,muskmelon
15.0,67.0,23.0,18.24528535926355,64.38796314782957,4.647329711562688,39.71502860063848,lentil
16.0,59.0,20.0,25.96262366087387,63.771611186730915,4.847875579010367,46.311878459553654,lentil
37.0,59.0,22.0,36.299563618842,59.56649226689768,5.4751312556569856,164.60368011991787,pigeonpeas
40.0,56.0,29.0,24.48425894012323,42.42612415143137,5.690410273831988,56.59565593147158,mothbeans
29.0,145.0,205.0,22.81227579,92.12992101,6.212302608,109.3383552,apple
78.0,53.0,19.0,18.52068276416086,69.64177343042327,4.5,77.54403917107535,maize
20.0,69.0,21.0,32.729586335335085,57.038055590354986,5.9194287276971504,102.03308330362702,pigeonpeas
47.0,50.0,17.0,29.100911733789726,62.297277791269366,5.6068404424326905,80.8502382888147,blackgram
20.0,23.0,11.0,31.85206939999999,90.12220323,6.407715561,109.9455062,orange
6.0,64.0,23.0,23.33565221,67.40460704,7.065264073,36.18678721,lentil
94.0,40.0,39.0,23.80789766703611,84.55747195488016,5.22606657421103,154.11914053964165,rice
26.0,56.0,22.0,23.05276444,60.424786,7.011121216,52.60285259,lentil
11.0,72.0,22.0,29.37735586,44.82294584,6.842744374,172.40168,pigeonpeas
78.0,48.0,43.0,24.413411320935086,80.78125646886339,5.287009343172804,186.75898836561998,rice
48.0,62.0,47.0,25.34756111,93.02871078,6.803094965,174.40123369999995,papaya
33.0,59.0,22.0,22.64236876,21.59396123,5.946999529,122.3886015,kidneybeans
28.0,46.0,24.0,28.402065114803726,85.92792811725275,5.752431823838953,60.7731991035,mungbean
29.0,57.0,20.0,25.60973447,50.7330069,5.87707519,53.39249517,mothbeans
102.0,28.0,54.0,25.15623099,80.27525115,6.862157042000001,55.49541453,watermelon
83.0,79.0,55.0,25.14748006,83.34688193,5.565028635,98.66679427,banana
8.0,50.0,21.0,30.99868472683084,81.80981647446737,6.065236386343588,34.03663369495379,mungbean
14.0,63.0,25.0,17.97845258305609,72.61572076040221,5.763370102151239,43.288226707882956,lentil
22.0,78.0,18.0,24.629705838417998,67.35991024089891,4.972004143647174,54.47868042043939,lentil
23.0,40.0,21.0,29.16023448919281,86.31054077092547,5.2110553546458664,22.322882170230077,mungbean
29.0,36.0,23.0,26.97737013714226,89.82571431015566,5.737174315373933,46.333718171161536,mungbean
32.0,55.0,51.0,29.60718808,93.15642801,6.57398033,62.68710535,papaya
13.0,59.0,20.0,19.688976895331095,24.36425212280182,5.101909129875595,78.7894144105,kidneybeans
48.0,57.0,54.0,29.02328049,90.20396783,6.617703177999999,126.8069869,papaya
61.0,41.0,35.0,24.97178693,79.47557931,6.842966478999998,195.7571622,jute
31.0,79.0,25.0,23.18864385,22.3104551,5.902033406,63.38208822,kidneybeans
28.0,72.0,19.0,22.598501136309963,62.63055715807173,5.002165937257272,61.486159715999996,lentil
101.0,10.0,47.0,25.5421695,83.31883376,6.936997681,57.57343233,watermelon
0.0,12.0,7.0,20.18432263,90.65458473,6.969249676,116.8130969,orange
3.0,58.0,21.0,25.36140526,46.82652785,9.160691747,55.60523179,mothbeans
97.0,55.0,26.0,28.569077509350134,70.66464508743678,5.438455769547154,87.65382639620212,maize
50.0,56.0,74.0,19.190392355255128,18.11662100748637,4.663889673771886,52.025225348185664,chickpea
54.0,68.0,76.0,16.313316372099674,16.542104186261692,4.972316739738454,80.50006580272428,chickpea
70.0,48.0,41.0,22.830229164480425,85.53050676030897,5.836340979359959,221.85834518987016,rice
5.0,126.0,197.0,12.80000387,81.20876367,6.417500829,67.10439401,grapes
26.0,46.0,24.0,25.26736482583644,59.482476051651396,6.022628251965874,43.16174603089644,mothbeans
12.0,20.0,39.0,19.86173586,86.19740917,6.026999326,111.0217929,pomegranate
56.0,50.0,52.0,33.08706051,92.25197542,6.770384816,88.1300769,papaya
80.0,30.0,25.0,26.24092174,65.64381357,7.487266991,148.37712019999995,coffee
108.0,88.0,55.0,26.28845991,83.390039,5.891458107,113.8729798,banana
113.0,85.0,45.0,27.94972463,76.63713353,6.037430836,109.0921631,banana
45.0,53.0,25.0,28.339574834806246,61.69713924446486,5.763813117055015,52.01980240452462,blackgram
37.0,63.0,17.0,31.70958046378453,40.94636195424884,6.5,159.47121275251115,pigeonpeas
4.0,14.0,41.0,19.85139326,89.80732335,6.430163481,102.8186358,pomegranate
13.0,22.0,5.0,19.667056,90.50096668,7.764040111,100.1737964,orange
60.0,38.0,17.0,18.41932981,64.23580251,6.474476516,76.41312437,maize
34.0,53.0,16.0,30.4252675635612,57.009750320817105,4.639481116648946,43.990783440768034,mothbeans
29.0,45.0,16.0,28.216883486868838,74.08438256668465,5.524359405524405,39.95461790084155,mungbean
20.0,45.0,16.0,29.93964907,54.61813464,4.626212446,45.43669946,mothbeans
115.0,12.0,52.0,27.51492243,94.96218673,6.685553129,21.01796432,muskmelon
42.0,73.0,25.0,34.03679184,67.21113844,6.501869314,73.23573601,blackgram
9.0,122.0,201.0,29.58748357,80.91934392,5.570290539,68.06417307,grapes
9.0,77.0,17.0,21.65845777,63.58337146,6.280725549,38.07659414,lentil
13.0,75.0,20.0,30.55992394,35.29006485,6.979540061,178.8998611,pigeonpeas
35.0,57.0,25.0,27.0956288,42.26206161,8.340398059,71.12710390000002,mothbeans
26.0,32.0,32.0,30.91471455,49.92963856,6.810186079,90.14047759,mango
40.0,16.0,35.0,34.16438906,54.16482251,4.954739564,98.33351125,mango
35.0,42.0,21.0,27.860999836132656,88.64685143880176,6.206113092589942,57.35132733067641,mungbean
27.0,43.0,23.0,31.70447482,56.85420099,5.875333778,44.94317432,mothbeans
4.0,36.0,22.0,27.60887393,86.13316408,7.012740397000001,43.80041104,mungbean
46.0,58.0,24.0,30.2149921263226,69.88088027839592,5.630560334559833,69.79352350763126,blackgram
19.0,24.0,15.0,20.48954522,93.72485075,7.137136973,111.83919509999998,orange
95.0,75.0,50.0,28.08166093,75.26429821,5.623615687000001,118.2761894,banana
107.0,51.0,22.0,24.86560781,78.22080815,5.983075895,79.56866268,cotton
37.0,36.0,26.0,32.89300162,52.61323969,4.650536197,94.49161372,mango
32.0,48.0,16.0,31.51456310880668,85.41526120986002,5.356695314268342,39.17327544404345,mungbean
2.0,77.0,22.0,21.911431277347226,66.8385166210021,5.688789622474137,36.24782931843151,lentil
70.0,47.0,17.0,24.612911800000006,70.4162444,6.600827017,104.1626147,maize
24.0,80.0,19.0,29.67892453,69.0854554,6.8080417220000005,65.66436565,blackgram
20.0,43.0,21.0,30.878855100546563,43.903087041995526,5.402037942938612,39.58285516603639,mothbeans
136.0,36.0,24.0,22.74446976,80.41198458,7.59781958,90.07326633,cotton
82.0,77.0,46.0,28.9470467,82.1888998,5.901100841,95.83016448,banana
16.0,18.0,26.0,28.43647052,91.81320717,5.568365926,145.54144130000003,coconut
30.0,79.0,22.0,18.28766124,69.48515056,6.254216611,48.60449438,lentil
74.0,55.0,19.0,18.05033737,62.89366992,6.28886807,84.23613484,maize
2.0,38.0,18.0,27.53632932,89.92908171,6.619891497999999,45.48591922,mungbean
31.0,82.0,15.0,30.077523564518227,63.92325145455093,5.9062279740873365,44.27756429490804,lentil
32.0,55.0,25.0,28.598421235230738,59.50838893690218,6.052790239529495,31.69959051690714,mothbeans
61.0,49.0,41.0,23.12326854688237,73.21668171174038,4.584806225615713,147.99790623035136,jute
14.0,48.0,21.0,29.24598976,84.80084105,6.991242362,53.43228915,mungbean
4.0,67.0,25.0,23.78709569,24.35679348,5.948164454,119.6404412,kidneybeans
52.0,56.0,85.0,20.118744600000007,14.44228303,6.81712422,88.68168643,chickpea
26.0,66.0,21.0,18.024782987498334,61.146253811390885,5.03209986299812,123.70472231722673,pigeonpeas
1.0,41.0,26.0,27.603491781187824,78.92598414633643,4.700812962048179,52.11901978539474,mungbean
22.0,40.0,19.0,31.033053032948718,85.94780931379195,5.384226941778861,51.145415514,mungbean
76.0,49.0,42.0,24.958779,84.47963372,5.206373153,196.95600080000003,rice
37.0,51.0,22.0,33.542547706117816,51.56164994745998,5.907236367644566,45.050377314245544,mothbeans
30.0,20.0,38.0,22.59890174,93.16343942,7.058222596,110.0932899,pomegranate
10.0,75.0,17.0,18.43966037,68.05394959,7.732194787999999,39.00992137,lentil
56.0,76.0,16.0,28.27265858,61.18956161,7.5131510760000015,63.29900785,blackgram
4.0,136.0,204.0,29.93707596,81.77713468,5.898944282,65.52279323,grapes
38.0,19.0,31.0,34.73823882,49.08864345,5.855119267999999,90.65022183,mango
78.0,42.0,42.0,20.13017482,81.60487287,7.628472891,262.7173405,rice
40.0,120.0,197.0,23.80593812,92.48879468,5.889480679,119.6335548,apple
90.0,48.0,45.0,26.3800470351943,87.76188357358477,5.530754581282753,135.83549597308559,rice
30.0,65.0,23.0,25.076905652460482,63.35553785828462,5.536156341578837,41.94755569724041,lentil
21.0,76.0,92.0,17.403416536183876,15.342454222861013,5.383042117253699,78.91867567743991,chickpea
89.0,85.0,55.0,26.671983500000003,76.48541655,6.275384607,91.73358569,banana
18.0,57.0,21.0,27.37659643,63.93927841,6.155915975,49.47371773,lentil
6.0,37.0,17.0,28.08657178,80.35005927,6.760694227999999,38.14476781,mungbean
56.0,58.0,49.0,37.13165026,94.60761797,6.69215564,172.47880619999995,papaya
54.0,40.0,21.0,24.778075674231694,69.43673941280733,5.798355472600926,88.2378907705,maize
37.0,77.0,22.0,16.936588662812625,24.892758718120444,4.8699236470210865,66.11317962096513,kidneybeans
99.0,33.0,21.0,21.159462921003552,69.04666734299695,5.921207285416565,56.30952355726104,maize
118.0,33.0,30.0,24.13179691,67.22512329,6.362607851,173.32283859999995,coffee
38.0,15.0,27.0,33.7462686,48.50387598,6.777788126,92.26439205,mango
39.0,42.0,20.0,29.3499706,61.25353851,8.055908857999999,40.82840673,mothbeans
60.0,36.0,43.0,23.43121862,83.06310136,5.286203711000001,219.9048349,rice
32.0,79.0,22.0,27.60195453,63.46170674,5.91645379,54.37814199,lentil
108.0,60.0,17.0,22.75805656,76.75768356,6.558902588,97.76600619,cotton
43.0,66.0,15.0,36.09741837599425,29.32765259362397,6.203989542151018,86.57164762284711,pigeonpeas
31.0,13.0,33.0,27.63834933,95.48763389,5.85971872,205.5463111,coconut
10.0,78.0,18.0,18.54141834,62.70637578,6.296976913,44.07819743,lentil
3.0,28.0,33.0,30.33723921,48.88704844,5.755049971,94.42850522,mango
3.0,18.0,31.0,31.65333432,48.20662669,6.392313972999999,91.09745581,mango
55.0,74.0,79.0,19.61126530809927,15.28213612243029,4.8331056324372135,101.74364167366566,chickpea
113.0,41.0,20.0,25.0017188,80.53965818,7.256877571,96.32600992,cotton
32.0,14.0,37.0,22.73031253,88.48567856,6.825256236,104.6843243,pomegranate
13.0,70.0,25.0,24.233811506315337,57.83154119023637,5.578686595353521,128.77455418757415,pigeonpeas
22.0,60.0,24.0,18.78226261,20.24768314,5.630664753,104.2570723,kidneybeans
32.0,74.0,63.0,19.37420151065585,14.729103375356804,5.156343315717193,52.59024348660662,chickpea
84.0,36.0,18.0,20.85402682977234,58.56787366456437,4.5,66.67202436568786,maize
88.0,35.0,40.0,23.57943626,83.58760316,5.85393208,291.2986618000001,rice
25.0,59.0,19.0,29.06631494,83.6869203,6.626629798,43.95183726,mungbean
95.0,55.0,42.0,26.79533926,82.1480873,5.950660556,193.3473987,rice
30.0,68.0,22.0,29.487924283551514,69.32667458649249,5.137009291516115,62.272647666021044,blackgram
14.0,55.0,24.0,25.434761210399227,67.18434697402749,6.372633930682616,39.564281741775034,lentil
11.0,51.0,15.0,27.548420668007815,85.41179032704252,5.187206897141811,32.54164789377916,mungbean
26.0,50.0,19.0,27.3179125,51.66921088,6.005242945,32.55919573,mothbeans
27.0,58.0,78.0,18.105509567172138,16.182082884675403,5.625616608623754,57.95443104713617,chickpea
9.0,8.0,40.0,22.48720144,89.9224883,6.553509673,111.6631582,pomegranate
40.0,5.0,29.0,28.48444906,97.76865458,5.820978791,160.389421,coconut
27.0,10.0,33.0,27.81132822,97.48410555,6.465906333,154.06212209999995,coconut
17.0,57.0,20.0,28.50677929,45.20094476,3.793575185,66.1761456,mothbeans
6.0,35.0,16.0,32.04434876456655,85.08108476303066,5.40486491868332,41.69623132747637,mungbean
70.0,68.0,45.0,33.83508569,92.85470152,6.991626158,203.4044028,papaya
84.0,33.0,40.0,25.471897016767237,91.40928895258219,5.5398048721067115,104.15757456723105,jute
35.0,64.0,78.0,17.92845928,14.27327988,7.496645259,85.37378769,chickpea
27.0,62.0,24.0,28.63005477,66.770943,7.353876754,62.2737345,blackgram
108.0,26.0,52.0,28.82629037,94.26765349,6.201797639,26.23838511,muskmelon
45.0,84.0,80.0,16.87287048180556,13.142032212629573,5.5158667827485415,60.65619523158898,chickpea
94.0,54.0,17.0,23.39128187,61.74427165,5.871647806,107.3198135,maize
7.0,20.0,12.0,16.53460397,94.76759975,6.475275337,110.0447896,orange
40.0,36.0,16.0,29.0996599059399,88.37042992662802,6.002878301495437,59.112588510441356,mungbean
34.0,45.0,21.0,28.18837136,82.60629652,6.2873801170000005,37.01110438,mungbean
26.0,67.0,18.0,36.006921934789176,32.3440003209438,5.203065531735854,95.93622389200232,pigeonpeas
13.0,61.0,23.0,21.426479320475362,59.266996492888495,5.47370246189235,41.12035496721852,lentil
85.0,25.0,47.0,26.11440416,87.64081095,6.29542477,58.48160844,watermelon
40.0,45.0,20.0,29.37687468,57.69622912,6.878498176,38.34303462,mothbeans
87.0,58.0,44.0,26.269477609933368,72.53459351736967,5.868318469802629,172.94133752140388,jute
40.0,49.0,47.0,42.93368602,91.1756748,6.501521192,246.36132680000003,papaya
31.0,20.0,26.0,25.56567803,97.61361544,6.443168642000001,199.7936345,coconut
91.0,41.0,37.0,24.48556447,83.20630007,6.132570522999999,192.2316221,jute
75.0,49.0,15.0,21.53574127,71.50905983,5.918263801,102.4852929,maize
80.0,36.0,40.0,26.65192222871439,94.44366309020592,5.363756079205114,176.29285404358305,jute
63.0,37.0,43.0,23.41798979,85.08640476,6.661957897000001,185.7446728,jute
25.0,67.0,21.0,36.45657590452594,67.26531241192549,5.260983270206067,53.15269558496996,blackgram
10.0,5.0,42.0,20.24104904,91.08706822,6.887005997,109.2537734,pomegranate
99.0,59.0,36.0,23.975913695595448,83.94700345931757,4.5,167.50409706869175,jute
79.0,59.0,17.0,20.37999665,63.73849998,6.644205485,108.5054416,maize
9.0,29.0,34.0,29.38471637,45.88744691,5.72742254,100.8124659,mango
40.0,9.0,41.0,24.37766782,85.4017118,5.78270695,106.128338,pomegranate
25.0,48.0,21.0,28.438097,83.48991368,6.267684328,52.55469976,mungbean
34.0,59.0,23.0,28.56212158,83.24855855,6.935804256,56.48265193,mungbean
90.0,52.0,25.0,25.97482359,69.36385721,6.822586546,103.2234212,maize
25.0,70.0,16.0,19.63474332,18.90705639,5.759237003,106.3598183,kidneybeans
48.0,73.0,88.0,17.728145554950164,18.105342379547203,5.77826862237993,80.5167266122487,chickpea
42.0,61.0,21.0,19.87828684157995,63.918748211579334,5.954427644573326,50.73093270479309,lentil
111.0,79.0,53.0,28.31193338,75.77363772,6.165001277999999,119.695765,banana
19.0,77.0,22.0,18.713254963432398,59.71987277288351,6.354290679382852,36.46891243003373,lentil
20.0,65.0,22.0,26.157223479968987,64.258709516775,5.329182783348682,33.55023899993587,lentil
18.0,80.0,15.0,21.22856963476773,23.494662079516086,5.775315880397036,55.65338584230848,kidneybeans
120.0,87.0,52.0,28.0764455,76.05522115,5.905494703,118.99235729999998,banana
45.0,72.0,78.0,21.27972261193393,14.919315723855576,4.821461999905873,40.05566920000001,chickpea
80.0,50.0,36.0,21.90202428503295,86.35416518013295,4.683801271225725,169.5886145714795,rice
0.0,137.0,195.0,22.4359017,80.18612085,6.329499832000001,65.3973168,grapes
85.0,38.0,41.0,21.58711777,82.7883708,6.2490506560000005,276.65524589999995,rice
57.0,55.0,35.0,26.99630349777931,71.47595543959669,4.790577699454606,210.91750398,jute
25.0,51.0,18.0,27.77799528,54.82130787,9.45949344,50.28438729,mothbeans
37.0,49.0,25.0,29.914544300000006,85.85384444,6.415459592,41.39081525,mungbean
21.0,53.0,19.0,28.386972936501333,60.79031316664117,4.92404228677642,53.346341595749436,mothbeans
36.0,52.0,20.0,32.739692305023766,44.602183482384646,4.5,66.53892798766675,mothbeans
20.0,129.0,201.0,23.41044706,91.69913296,5.587905967,116.07779309999998,apple
3.0,9.0,45.0,23.89162561,89.61850203,6.535244251,104.617522,pomegranate
38.0,65.0,19.0,26.579287683703214,59.54065357245173,5.89709007117079,37.41548402518186,blackgram
83.0,55.0,17.0,26.38643974456455,69.96939835771484,5.1306373994043355,82.03990738724954,maize
42.0,79.0,23.0,27.71678273,63.29103387,6.781841984,68.56507978,blackgram
22.0,67.0,78.0,17.16606398,14.42457525,6.204090835,72.32667516,chickpea
73.0,43.0,42.0,26.58361011,78.00774772,6.310699968,154.8238864,jute
39.0,64.0,53.0,23.012401800000006,91.07355541,6.598860305,208.3357976,papaya
45.0,84.0,77.0,19.908913388210863,21.451186141927884,5.453682195872492,40.125323185,chickpea
97.0,67.0,43.0,22.680119413789164,78.28425524684931,6.387852055108803,151.71650775205472,jute
76.0,41.0,32.0,27.086081625785354,84.36606671648305,5.487196830092193,170.52951034531608,rice
87.0,48.0,38.0,23.81579631,80.94023552,7.161865733,190.312216,jute
34.0,10.0,14.0,34.05296914,92.05811721,6.725600855,116.8020848,orange
28.0,73.0,22.0,24.101067840571353,55.05125266125943,5.277447803333534,68.71055051290111,pigeonpeas
82.0,78.0,46.0,25.05802193,84.97323747,5.738678895,110.4408803,banana
19.0,57.0,23.0,23.6734328,47.2879691,7.342409555,141.12507219999995,pigeonpeas
5.0,13.0,37.0,22.34375696,89.7870345,5.6482436489999985,103.3183074,pomegranate
70.0,41.0,32.0,25.80984265856789,87.39568569958526,5.389162329285029,123.37930678270745,jute
36.0,54.0,17.0,29.21929887556583,61.54420530246027,5.436042919456528,54.894382692834505,pigeonpeas
14.0,57.0,15.0,29.8757015,83.14796296,6.623438282,40.12044158,mungbean
17.0,55.0,16.0,27.210576425798713,42.81103454089139,4.591578366141076,77.42166562667819,mothbeans
28.0,122.0,197.0,19.89363946,82.73366439,5.856575335,69.66256816,grapes
11.0,34.0,32.0,29.14305008,49.40983294,6.831706773,97.55155537,mango
95.0,27.0,55.0,28.47212559,91.21322065,6.160414414,20.88620369,muskmelon
32.0,55.0,16.0,29.396047403602328,51.70623531571728,5.648557255866507,28.790604435429213,mothbeans
25.0,143.0,198.0,22.81212536,91.51861705,6.027314401,107.855225,apple
93.0,38.0,49.0,24.50215121999852,69.55529405702522,4.873659313239037,129.22771036014126,jute
119.0,25.0,51.0,26.47330219,80.92254421,6.283818329,53.65742581,watermelon
27.0,56.0,16.0,25.742050600828684,67.685149346763,5.827863821015149,32.08704718890414,lentil
35.0,32.0,22.0,27.396250443937575,81.3016391652981,5.054973490745717,48.02179280792555,mungbean
7.0,16.0,9.0,18.87957654,92.04304496,7.813916602999999,114.6659511,orange
79.0,45.0,20.0,23.80546189,59.24537979,5.715208817000001,89.96220140000001,maize
31.0,68.0,45.0,42.92325255,90.07600528,6.938313356,196.2408242,papaya
7.0,23.0,35.0,19.75088482,88.71691157,7.054313822999999,102.5538035,pomegranate
15.0,44.0,18.0,29.385925061662974,88.30842707887784,5.29873788733556,60.77735956736941,mungbean
61.0,59.0,39.0,24.643380670447627,73.04510228006572,6.014147960888884,140.602883596286,jute
30.0,61.0,18.0,27.14911056,67.02664337,6.157782589,52.50812701,lentil
117.0,56.0,15.0,25.99237426,77.0543546,7.368258226,89.1188212,cotton
23.0,60.0,19.0,31.86558988651868,63.17234799663951,5.048783095292638,51.817986564292355,blackgram
2.0,30.0,30.0,26.00175125,94.79998418,6.331051715,209.540094,coconut
71.0,59.0,40.0,20.56199495045678,79.96136811122545,5.567594393864938,138.867076827901,rice
78.0,35.0,44.0,26.54348085,84.67353597,7.072655622,183.6222657,rice
2.0,70.0,16.0,25.990458678711914,62.397406111471575,6.4297290716000495,42.10359331201224,lentil
58.0,58.0,92.0,17.328831369583124,17.567390810286952,5.318560177498735,82.20384766787171,chickpea
29.0,77.0,75.0,17.50361137,15.48083156,7.778591617999999,72.9446671,chickpea
73.0,58.0,21.0,19.97215954,57.68272924,6.596060648,60.65171481,maize
99.0,12.0,52.0,28.69708334,94.30759855,6.002927293,22.21807088,muskmelon
95.0,23.0,45.0,27.82424457,90.56698742,6.266208727,21.19014526,muskmelon
13.0,16.0,8.0,34.74004942,93.12316972,6.949838549,100.1967854,orange
15.0,54.0,15.0,29.97604322,57.03184356,8.35495812,44.86052932,mothbeans
33.0,57.0,17.0,27.89636126,88.71782287,6.78415271,57.79863368,mungbean
13.0,8.0,12.0,25.16296632,92.54736032,7.105904818,114.3117197,orange
107.0,21.0,26.0,26.45288458,55.32222678,7.235070264,144.68613359999995,coffee
104.0,18.0,30.0,23.60301571,60.39647474,6.779832611000002,140.9370415,coffee
27.0,57.0,24.0,27.33534897,43.35795962,6.09186275,142.33036769999995,pigeonpeas
36.0,26.0,26.0,30.17294105,51.0845903,6.814630246,95.23444287,mango
90.0,55.0,40.0,24.907399597493917,84.38225201953534,5.048617183466162,203.03830299515863,rice
2.0,50.0,15.0,30.627823628163753,94.16277374009748,5.877276536289401,42.3756524871357,mungbean
28.0,7.0,9.0,34.591784600000004,92.13229786,6.730757538,115.5650287,orange
72.0,42.0,43.0,26.56767277,80.90424543,6.352771037,181.2915605,jute
40.0,56.0,26.0,30.889133256381758,45.26035635243814,5.310826021345846,58.579643095897524,mothbeans
2.0,76.0,16.0,21.361741994636567,63.094096079557325,4.792137337550365,35.27616128154491,lentil
17.0,67.0,18.0,31.2192752,56.46868874,5.611510977000001,129.20286529999998,pigeonpeas
83.0,49.0,38.0,23.385654146224166,86.8612559961897,6.114575563782337,208.84899556047014,rice
116.0,5.0,54.0,25.37601283,80.99313508,6.65398725,57.23028471,watermelon
46.0,82.0,21.0,26.461066279519986,60.20447175864527,5.237595740003972,46.50946074341915,blackgram
100.0,56.0,40.0,26.38905406,83.31240346,7.433313409,176.1516409,jute
7.0,63.0,24.0,19.55750776,64.45268309,6.818681086000002,53.04669416,lentil
80.0,56.0,33.0,22.144504155720988,74.88526293594273,4.865106941717773,111.99624805070384,jute
31.0,37.0,21.0,27.23924995,86.404241,6.713410626,37.31236904,mungbean
65.0,42.0,17.0,19.60196227592155,57.75915969848316,5.057807764860159,95.6883271038946,maize
32.0,49.0,19.0,27.574321626312017,55.019854269938996,5.311256012596988,51.508709760263834,mothbeans
53.0,55.0,55.0,33.32315744,91.25271223,6.709668804,234.496633,papaya
57.0,73.0,85.0,18.49311205,14.72115044,7.358099622,91.94595352,chickpea
16.0,7.0,8.0,22.79196751,90.60901895,6.420457311,116.5084074,orange
95.0,13.0,46.0,29.84070774,93.76312893,6.126019932,23.28207838,muskmelon
117.0,32.0,34.0,26.2724184,52.12739421,6.758792552,127.1752928,coffee
100.0,48.0,17.0,23.7805123,83.03878838,7.827877817999999,66.26555904,cotton
21.0,63.0,93.0,20.31817370072273,16.079564220337172,4.7530898258461125,92.93116955819127,chickpea
13.0,28.0,33.0,28.130115000000004,95.64807631,5.686972967000001,151.0761899,coconut
11.0,60.0,23.0,27.33684386,88.50229102,7.033012777000001,51.09802625,mungbean
71.0,45.0,38.0,25.54299135791186,72.05832234806492,5.991162096636434,225.24423848,jute
64.0,59.0,15.0,25.495311249022315,72.63348761881602,6.5,71.58489011230961,maize
25.0,62.0,21.0,18.65431253417539,22.021084151552905,6.189253397893915,55.53353497595965,kidneybeans
31.0,56.0,14.0,29.23620289904624,59.696034605194484,4.630884449120499,46.67777194290523,lentil
114.0,40.0,23.0,25.53676123,81.13668716,6.7539780610000015,95.4262599,cotton
64.0,50.0,23.0,32.264792790132724,67.65171237804759,5.991638093654517,52.631679845516075,blackgram
27.0,71.0,24.0,31.46417866,48.17631461,7.064973419,165.40535400000005,pigeonpeas
30.0,30.0,35.0,25.00872392,95.59224018,6.001936419,165.8092179,coconut
34.0,61.0,49.0,28.12971499,93.3210737,6.502675132,117.8201907,papaya
18.0,38.0,13.0,30.01356342959459,85.15721344463984,5.42083399696928,24.551264842141276,mungbean
61.0,60.0,15.0,24.87502824,68.74248334,6.265564338,91.26056654,maize
24.0,142.0,202.0,22.53779727,91.48135786,5.710819862,101.8474768,apple
118.0,44.0,23.0,22.08458267,82.82904143,6.6916904760000016,67.06459777,cotton
113.0,19.0,46.0,25.41864024,81.12122989,6.286387658,49.52320689,watermelon
32.0,58.0,76.0,19.890428981470983,17.210421081776502,5.105853763979794,39.22455282,chickpea
66.0,36.0,47.0,22.10234104819309,84.15555493868521,5.308036239662649,150.6107601250246,jute
61.0,67.0,18.0,31.80343103068889,68.97956505761384,5.219561707115921,60.97410394394389,blackgram
25.0,54.0,21.0,27.888269653330244,79.68564780350167,5.565338143720496,33.39648119570102,mungbean
36.0,38.0,15.0,28.36363858,87.59810657,6.3206620120000006,57.99524359,mungbean
68.0,70.0,54.0,31.29986342,92.76039164,6.986228647000001,54.77830202,papaya
23.0,75.0,78.0,19.45447690388963,15.318912297226989,5.05957939607475,66.28327733121314,chickpea
65.0,60.0,22.0,25.36768364,72.52054555,6.6069840860000015,107.9124111,maize
7.0,17.0,26.0,34.89226666,48.75613373,6.414526606,91.63074547,mango
0.0,49.0,18.0,29.68361658,87.93598094,6.990095452,41.82490236,mungbean
118.0,31.0,34.0,27.54823036,62.88179198,6.123796057000001,181.4170812,coffee
37.0,60.0,20.0,33.657553212766,39.666068183020236,5.4101168185642265,185.67289522295883,pigeonpeas
118.0,45.0,23.0,23.37044424,77.43198948,7.977651226,71.67870701,cotton
36.0,64.0,20.0,25.519040505666304,76.89008778615589,4.682791058524644,53.311825553924876,blackgram
60.0,54.0,19.0,18.74826712,62.49878458,6.417820493,70.23401597,maize
35.0,68.0,26.0,30.405861217370493,69.76257017398879,5.4815227029009135,52.82114538064015,blackgram
57.0,56.0,19.0,27.29111227653809,73.1081779317416,5.868207066164635,77.30903652972817,maize
35.0,63.0,76.0,17.81564548,17.60756635,7.714153037999999,90.82097601,chickpea
34.0,66.0,19.0,32.97030511,60.18122078,7.586642101,73.44678678,blackgram
3.0,72.0,24.0,36.51268371,57.92887167,6.03160778,122.6539694,pigeonpeas
74.0,56.0,22.0,18.28362235,66.65952796,6.829199275,80.97573281,maize
39.0,58.0,85.0,17.88776475,15.40589717,5.9969320370000005,68.54932919,chickpea
39.0,65.0,23.0,25.43459777,69.12613376,7.685959305,41.02682925,lentil
63.0,44.0,42.0,23.173791814946174,81.09939776222951,4.5,203.319018423575,rice
108.0,22.0,47.0,28.53545677,91.72742702,6.161123579,25.1290048,muskmelon
39.0,70.0,52.0,26.26559543,90.79668055,6.65149129,59.49373381,papaya
27.0,30.0,5.0,32.71748548,90.54608254,7.656978112000001,113.328978,orange
92.0,41.0,48.0,23.394472669696157,77.58059092699379,4.8044928273572225,178.1893377655115,jute
34.0,65.0,47.0,23.48546973,93.71043692,6.833768535,191.7760562,papaya
62.0,43.0,48.0,24.879271983381596,84.43867603837988,5.766875051171009,79.96054670000002,jute
23.0,23.0,30.0,32.82141065,47.45553843,4.755273631000001,90.89173106,mango
12.0,6.0,8.0,30.84835031,92.86773675,6.388617138,107.4142681,orange
70.0,51.0,15.0,21.955858848554453,64.12101103989953,5.662641135496738,70.97353663931655,maize
42.0,53.0,48.0,23.11407669,94.31994776,6.758479569,231.5153161,papaya
6.0,68.0,18.0,24.388717,62.50453062,6.711341147000001,47.26052494,lentil
31.0,121.0,201.0,23.15791104,90.34396882,5.731535257999999,110.712841,apple
81.0,40.0,35.0,25.48912491711133,81.14753414081304,5.145706514034488,117.07086862619356,rice
10.0,59.0,15.0,29.83040388,89.30428305,6.32400451,58.86687093,mungbean
85.0,58.0,41.0,21.77046169,80.31964408,7.038096361,226.6555374,rice
94.0,26.0,27.0,26.36629861,52.25738495,7.456460375,177.31761609999995,coffee
23.0,45.0,23.0,28.77653519,86.69133979,6.983130466,56.12443206,mungbean
88.0,56.0,40.0,24.995136634202908,74.72072806879977,4.758886263051858,172.0799462806954,jute
49.0,53.0,22.0,28.470288866240516,58.04585922796466,5.759692427729314,56.96169120592569,blackgram
5.0,25.0,6.0,30.72119881,94.01331956,6.0113021810000005,106.8118019,orange
14.0,121.0,203.0,9.724457611,83.74765639,6.1586894060000015,74.46411148,grapes
7.0,74.0,24.0,28.770791634153827,62.58852118813862,5.611436190690813,35.033087846010964,lentil
49.0,79.0,74.0,19.14716163161483,20.491604066826124,5.420637777786779,81.15660699797311,chickpea
35.0,128.0,205.0,21.07273439,93.56585985,6.041053829,107.8737015,apple
24.0,27.0,34.0,28.87862994,95.11320315,6.203376525,145.0583117,coconut
16.0,35.0,31.0,32.27652024,50.19368841,5.316875978000001,95.99487068,mango
77.0,39.0,33.0,26.104536198410408,67.65283129317098,5.041677704614399,172.618724543327,jute
33.0,12.0,15.0,30.25578031,92.03272799,6.052318465,116.7173125,orange
107.0,58.0,15.0,23.73868041,75.77503808,7.55606399,76.63669195,cotton
9.0,48.0,22.0,27.77076285,87.09979549,6.402926221,49.50812624,mungbean
24.0,44.0,17.0,29.8596912,80.03499648,6.666380512000001,50.66487502,mungbean
19.0,120.0,195.0,18.73932187,81.12109244,5.931538447,73.55807954,grapes
27.0,80.0,15.0,19.07096165,21.21092266,5.7883869510000014,86.21917578,kidneybeans
4.0,59.0,25.0,27.68515114,81.94268594,6.227134139,54.62243308,mungbean
98.0,26.0,52.0,27.33897716,90.69759008,6.1500908989999985,28.69113835,muskmelon
115.0,18.0,53.0,29.17052093,94.19790371,6.0124803510000016,22.06994464,muskmelon
50.0,74.0,17.0,27.10053268,63.36085585,6.5408208,73.84949872,blackgram
1.0,132.0,200.0,16.27852801,82.94270065,5.620745638,66.57462809,grapes
66.0,69.0,47.0,23.69212243,93.61055571,6.912299695,87.53393983,papaya
18.0,21.0,35.0,23.2801227,94.94330457,6.368560522,111.1382096,pomegranate
9.0,67.0,25.0,21.717021351462456,19.646937159751506,6.064083765571161,89.83946832624464,kidneybeans
26.0,73.0,18.0,20.923143533863787,34.105034762192986,5.369230012375103,134.1079284699972,pigeonpeas
85.0,27.0,45.0,26.0713757,88.7285657,6.467095849,57.79652846,watermelon
115.0,17.0,55.0,27.57826922,94.11878202,6.776533055,28.08253201,muskmelon
113.0,6.0,52.0,27.76317235,90.35567642,6.740983646,25.21609113,muskmelon
76.0,59.0,43.0,24.321504740885814,87.08875806338762,4.93791393767061,252.26931386087716,rice
82.0,26.0,47.0,28.50416396,93.46806467,6.565312652999999,24.20007242,muskmelon
62.0,49.0,37.0,24.21744605,82.85284045,7.479248124,166.13658859999995,jute
6.0,144.0,198.0,21.11478672,90.31528693,5.559363609,104.5086618,apple
26.0,11.0,11.0,13.70319166,90.95589386,7.609348255,106.2944879,orange
82.0,25.0,51.0,24.31334971,87.47409052,6.074209622000001,48.11248366,watermelon
80.0,56.0,44.0,24.78713646362639,72.93341226154149,5.168933967901906,140.2214311514406,jute
72.0,59.0,42.0,25.019779089780396,78.27563139656557,6.129726030250136,188.20377860464296,jute
36.0,11.0,13.0,17.34083741,93.04897191,7.1917274,112.7194284,orange
116.0,81.0,55.0,26.42313317,83.69950440000002,5.915546415,95.12322062,banana
58.0,73.0,16.0,33.36984395,65.67718163,6.874142175,64.89517488,blackgram
32.0,71.0,22.0,31.72157351609546,55.8709408505086,5.07886218349928,92.32152638839781,pigeonpeas
25.0,56.0,22.0,29.031359752099874,50.91900938218228,5.428268819874401,30.398524624900478,mothbeans
31.0,137.0,196.0,22.14464104,93.82567435,6.400321212000001,120.6310784,apple
29.0,52.0,22.0,22.17470203919789,20.549418119437682,6.023462786581594,63.63513128145325,kidneybeans
14.0,78.0,18.0,19.47043625999114,35.026970397330864,5.377811687406293,77.27469729052937,pigeonpeas
0.0,66.0,15.0,21.85697195029753,23.821055260607977,5.946892757468375,78.42618711388174,kidneybeans
31.0,6.0,26.0,29.12859129,91.30924833,5.741367375,157.2388553,coconut
18.0,48.0,13.0,29.724723337180116,55.29978433808382,6.287392528123948,29.394526977794257,mothbeans
61.0,64.0,52.0,43.30204933,92.83405443,6.641098708,110.562229,papaya
7.0,28.0,35.0,30.02086169,46.78393776,4.66910839,96.63721027,mango
36.0,64.0,21.0,17.527203521701402,17.502572483566393,5.534575059018043,131.88877217880375,kidneybeans
117.0,86.0,53.0,25.19640218,83.55829874,5.703381727999999,115.8586081,banana
25.0,51.0,24.0,25.5042419,61.66852372,9.392694614,65.07981523,mothbeans
26.0,15.0,6.0,17.22034507,94.78797376,6.912033409,108.0054343,orange
35.0,61.0,23.0,30.826755372762868,69.7320185255753,4.5,83.97791079339433,pigeonpeas
18.0,66.0,18.0,17.450494599126888,61.784955787570695,5.407914331233728,35.19411378360506,lentil
32.0,73.0,85.0,19.30646003835447,17.448305868840468,4.687562348543681,44.20359453411552,chickpea
65.0,63.0,50.0,31.88342554,91.3256535,6.524459342,79.27201575,papaya
100.0,41.0,22.0,22.4204752,84.55794703,7.318802162000001,93.46595573,cotton
88.0,46.0,42.0,22.68319059,83.46358271,6.604993475,194.2651719,rice
114.0,94.0,53.0,26.33544853,76.8532006,6.1907574589999985,118.6858263,banana
28.0,57.0,17.0,30.47757686,61.58245338,9.416003106,61.86633917,mothbeans
36.0,54.0,19.0,29.06274291728986,66.66146613212719,4.550085029959184,75.74224560706271,pigeonpeas
28.0,69.0,16.0,29.77013109,66.29327012,6.547361617999999,35.69674138,lentil
120.0,16.0,51.0,27.99901833,91.64193051,6.547041902999999,23.28618248,muskmelon
59.0,54.0,15.0,26.459108992971544,65.85138063764714,5.41892412279204,53.727707909661085,blackgram
19.0,30.0,30.0,29.56549169,91.40896307,5.826381164,224.83157290000003,coconut
99.0,73.0,53.0,26.29039046,81.06003778,5.8717022110000014,118.6730366,banana
58.0,70.0,84.0,20.6543203,16.60820843,6.231049027999999,74.6631118,chickpea
27.0,72.0,23.0,19.92889503,21.79992115,5.961934481,64.02640797,kidneybeans
18.0,58.0,20.0,25.910807307857482,87.00977136170609,4.823274595344825,30.741405933616925,mungbean
26.0,66.0,22.0,18.06486101,65.1034354,6.300479414,51.54922825,lentil
37.0,70.0,25.0,19.73136909,24.89487354,5.819403771,84.06354115,kidneybeans
32.0,57.0,16.0,28.993242740523073,84.16118780424773,5.333953115212191,46.30898155752375,mungbean
17.0,78.0,20.0,25.39135917530274,62.264052861212484,5.550201758097353,42.88691537979294,lentil
111.0,87.0,48.0,26.3985515,81.36028902,5.571401169,98.16752001,banana
14.0,71.0,21.0,28.170588465636637,39.307024749375486,5.2596597037382,113.02422847352277,pigeonpeas
111.0,5.0,50.0,27.59350075,91.79742953,6.399891457000001,24.84266123,muskmelon
16.0,78.0,18.0,21.721763146124978,22.830867871475863,5.02349418670111,97.33334960132603,kidneybeans
1.0,27.0,36.0,23.98598756,93.34236582,5.684995235,104.991282,pomegranate
15.0,123.0,204.0,22.52709326,92.54780429,6.365972687999999,115.3830068,apple
18.0,75.0,25.0,33.92813912755528,37.388829746953675,5.796673955039886,124.08040991697294,pigeonpeas
22.0,8.0,33.0,28.43572863,95.8840407,5.665785202,203.9283708,coconut
28.0,51.0,21.0,27.68586866123921,41.69622149059929,4.5,116.19616882541942,pigeonpeas
98.0,29.0,30.0,25.64004392,61.03273481,6.217974349,199.4735636,coffee
37.0,71.0,16.0,26.28663931,68.51966729,7.324863481,46.13833007,lentil
33.0,47.0,46.0,29.20300896,93.96834049,6.839443833,209.4083305,papaya
22.0,70.0,79.0,21.263791011153184,15.951533365782282,4.713017016127071,75.5133436196657,chickpea
36.0,58.0,25.0,28.66024187,59.3189118,8.399135957999999,36.92629678,mothbeans
0.0,59.0,28.0,27.941373919151264,47.537871156801,6.082900494594307,26.97168830689887,mothbeans
5.0,38.0,20.0,28.302543480782166,51.64444217764143,6.073546146679893,76.02530069048504,mothbeans
40.0,87.0,18.0,26.99706054330622,68.41502864038826,6.5,73.94601504513012,blackgram
47.0,63.0,16.0,27.44003279,67.10464369,6.661870999,72.50669768,blackgram
1.0,12.0,30.0,27.754298,95.94643831,5.56222383,131.09000759999998,coconut
40.0,72.0,77.0,17.02498456,16.98861173,7.485996067,88.55123143,chickpea
103.0,33.0,33.0,26.71717393,50.50148528,7.131435858,126.8073984,coffee
26.0,39.0,21.0,30.99290126556117,57.15991826156627,5.736083660040669,67.68120348959773,mothbeans
82.0,46.0,41.0,23.325013100000003,79.79609448,6.581693772,187.3096148,jute
26.0,54.0,23.0,29.373067044077406,52.308429095931764,5.268157421808059,33.84246590083752,mothbeans
100.0,55.0,34.0,21.01484340593187,88.07035045000161,5.744074716682036,237.35567318489638,rice
43.0,64.0,47.0,38.58954491,91.58076549,6.8256647820000005,102.2708231,papaya
36.0,68.0,20.0,17.06104474,23.77201471,5.86442953,81.83420522,kidneybeans
69.0,38.0,18.0,29.101169167928834,71.68006865182676,5.5851207196329895,107.26115887755618,maize
26.0,67.0,24.0,36.97794384,37.73992903,5.642813116,161.48129630000005,pigeonpeas
40.0,17.0,15.0,21.35093384,90.9492967,7.871063004,107.0862095,orange
40.0,78.0,20.0,19.18572809,20.83398341,5.669236258,80.15293435,kidneybeans
9.0,62.0,19.0,18.752307339830363,22.03904094749842,5.100919457606002,114.03386616887771,kidneybeans
2.0,143.0,196.0,22.71271308,90.45261746,5.669489065,109.8852597,apple
1.0,35.0,34.0,30.79375683,46.69536813,6.27339822,92.21318555,mango
10.0,43.0,16.0,30.17713588976181,40.335216467367616,6.117525647123079,51.39828698059801,mothbeans
96.0,13.0,55.0,29.5275305,94.57459443,6.700337732,21.13545688,muskmelon
18.0,65.0,15.0,31.681477489716553,51.48641100961525,5.065463629040486,108.8503776164396,pigeonpeas
76.0,44.0,45.0,25.4879684,84.48235878,6.740947635,168.7848886,jute
37.0,36.0,27.0,27.552973600000005,47.90859131,5.910634533,90.40332704,mango
91.0,12.0,46.0,24.64458469,85.49938185,6.343942518,48.31219031,watermelon
13.0,59.0,19.0,18.629748457085263,25.19287293674651,5.995293561385455,61.82687126748227,kidneybeans
76.0,47.0,42.0,20.08369642,83.29114712,5.739175027000001,263.6372176,rice
98.0,43.0,35.0,25.40785911,76.44048625,7.319952206,188.6372826,jute
1.0,29.0,29.0,27.32961444,49.30347234,6.052026047000001,93.53197359,mango
20.0,59.0,23.0,26.969312086778203,48.243703988974275,4.5,36.25493693108107,mothbeans
20.0,67.0,19.0,19.24462755,50.54495302,5.671419084,180.6465282,pigeonpeas
5.0,65.0,16.0,21.32776028,18.48522915,5.866744372,109.1013261,kidneybeans
84.0,41.0,39.0,22.35390635744689,88.48474035359921,6.020934760996491,231.05031294,rice
35.0,64.0,15.0,28.47442276,63.53604453,6.500144962,69.5274407,blackgram
94.0,49.0,39.0,20.195022826189874,82.94152415072652,5.79117461888607,224.35270458588923,rice
59.0,58.0,17.0,28.546224,66.31394098,7.368318809,62.83469851,blackgram
89.0,91.0,55.0,25.08347445,80.26173100000003,6.275572297999999,94.32961456,banana
0.0,74.0,17.0,23.33375853,64.50515776,7.240988401,47.01510708,lentil
6.0,62.0,22.0,20.53052663,18.09224048,5.824090984,120.4509288,kidneybeans
18.0,65.0,16.0,35.7104773103442,55.274418134118214,5.938226075015731,79.2147660410358,pigeonpeas
80.0,61.0,20.0,25.505231177497258,71.20987483693848,5.44618955182295,78.33774458160076,maize
85.0,95.0,47.0,25.94019018,78.3422098,6.211833161,119.84797,banana
8.0,136.0,201.0,41.65602996,82.22118237,5.6092559920000005,74.19664838,grapes
37.0,77.0,17.0,36.20970524,31.94550613,5.617122801,191.0658531,pigeonpeas
40.0,79.0,17.0,21.12695586,63.18738532,6.403683619,38.71834464,lentil
69.0,52.0,46.0,26.983193064220153,86.11684821246203,5.412018680037894,150.1132830246928,rice
33.0,23.0,45.0,20.00218987,85.83618191,7.116538883,112.337046,pomegranate
121.0,53.0,19.0,23.51308653,76.72621429,7.976889497999999,80.11272117,cotton
23.0,72.0,84.0,19.02061277,17.13159126,6.920251378,79.92698081,chickpea
72.0,60.0,25.0,18.52510753,69.0276233,5.773454729,88.10234397,maize
18.0,125.0,203.0,22.44307715,91.59234006,6.160267496,102.5565807,apple
29.0,73.0,25.0,24.00078560674852,37.295812654993206,4.881262041596836,143.64932187450353,pigeonpeas
60.0,52.0,71.0,15.740559929048628,17.76254280462765,5.880181130051009,89.27584162172967,chickpea
42.0,61.0,22.0,26.27274407,62.28814857,7.418650668,70.23207557,blackgram
24.0,128.0,196.0,22.75088787,90.69489172,5.521466996,110.4317855,apple
34.0,16.0,25.0,30.07202564,50.96040505,6.10729559,92.09609766,mango
26.0,61.0,20.0,19.297611668382018,21.081644979144517,5.500603101570788,74.45966342814344,kidneybeans
110.0,78.0,50.0,25.93730186,78.89864446,5.915568968,98.21747528,banana
14.0,72.0,17.0,30.326579447128154,55.96069010751064,5.31554732280648,30.815587741366812,mothbeans
35.0,142.0,203.0,21.17089176,90.23730166,5.895319002000001,123.6495149,apple
103.0,51.0,20.0,22.80213132,84.14668447,7.0466074339999984,91.6389565,cotton
3.0,57.0,18.0,29.008304201645966,65.3054574389865,5.533659658741507,28.63512979335266,mothbeans
79.0,58.0,36.0,20.524957464121968,85.65762924492783,5.224180831003484,174.94716044339506,rice
88.0,54.0,44.0,25.7354293,83.88266234,6.149410611,233.1321372,rice
43.0,61.0,20.0,26.87187036,61.61367264,6.804253866,63.51822045,blackgram
56.0,68.0,71.0,20.529868477563785,19.345321418785836,5.219982013359737,69.14592074601826,chickpea
113.0,28.0,48.0,28.87726019,92.48839665,6.170520517999999,24.44267592,muskmelon
55.0,85.0,16.0,32.76781973115867,62.657292725744256,5.3544066370851455,63.17249065452793,blackgram
89.0,25.0,54.0,24.69368934,85.56967628,6.353107392999999,48.99390828,watermelon
113.0,21.0,33.0,26.02241444,55.83288958,7.277422737999999,176.90209240000004,coffee
107.0,10.0,49.0,25.83202912,89.00481725,6.755192025,45.24690619,watermelon
49.0,58.0,23.0,26.743559767719674,67.06365868534412,5.596956986962569,56.60836469549155,blackgram
14.0,73.0,20.0,24.989257119056717,24.142479796487354,6.210377194792966,70.98051377476702,kidneybeans
31.0,35.0,26.0,29.357234468304828,87.72644620913053,5.020860111280462,36.38346255733997,mungbean
80.0,52.0,39.0,26.41915161,76.85691248,7.165696848,197.2101782,jute
59.0,55.0,79.0,20.36720401,16.89574311,8.766128654,82.2545577,chickpea
84.0,40.0,43.0,25.01157559,88.33130229999998,7.228268227999999,169.4168014,jute
84.0,34.0,26.0,26.987861742961627,67.7101219066788,4.755415623904563,70.7038688707163,maize
19.0,55.0,20.0,27.43329405,87.80507732,7.18530147,54.73367631,mungbean
78.0,58.0,24.0,22.7645491777384,56.36849357131631,6.153797543737773,57.705557972223524,maize
6.0,142.0,202.0,27.23708304,82.94573346,6.224542938,70.42508897,grapes
75.0,42.0,42.0,24.142856515589617,84.27306023971889,5.657130138238625,135.4187972596179,rice
33.0,49.0,13.0,26.8752419591324,83.88637534577708,5.328283168594258,46.232069395827104,mungbean
62.0,59.0,41.0,24.2248758,74.89465426,7.175170657000001,192.4931257,jute
27.0,40.0,24.0,27.84026517,89.99615558,7.063022095,52.84626009,mungbean
6.0,59.0,19.0,23.82463177016645,62.873034423581316,5.234825114761411,46.936385763625516,lentil
9.0,137.0,200.0,21.12152071,90.6878768,5.636687393,102.8017203,apple
27.0,55.0,14.0,25.620658029932383,81.17504627684578,4.8728474918676055,32.0499332823205,mungbean
40.0,132.0,202.0,24.57558351,80.70695797,5.9718130060000005,69.706113,grapes
19.0,26.0,29.0,26.93141945,98.80313612,5.67154928,166.5712879,coconut
17.0,56.0,17.0,27.94293692,45.41393636,5.9565851,69.66289997,mothbeans
95.0,41.0,41.0,25.981845078907835,82.24125194217463,5.531812283107428,96.26771306161224,jute
17.0,87.0,21.0,31.507251074640546,53.69043546377282,4.791790649816336,114.06237702317758,pigeonpeas
44.0,66.0,22.0,33.06749166256489,70.26268658664526,6.214954576998171,55.47446112165154,blackgram
92.0,60.0,23.0,18.66746724,71.516474,5.721667141,69.93293255,maize
39.0,5.0,31.0,27.10134661,93.69979946,5.551963184,150.9502632,coconut
0.0,5.0,36.0,24.35193812,90.88612388,6.152906502,105.529185,pomegranate
0.0,70.0,19.0,37.45251260858753,61.61762515164342,5.6888027856849295,105.55093597866222,pigeonpeas
62.0,56.0,35.0,25.97825807,81.65769588,6.235357637999999,163.3488091,jute
54.0,74.0,80.0,16.77650484753096,19.269787087544227,5.090090716016212,65.50633537034514,chickpea
90.0,86.0,55.0,27.96236771,84.15403614,5.644486582000001,97.55986676,banana
9.0,59.0,24.0,20.43517772,39.37252634,4.747352458,137.22796619999997,pigeonpeas
33.0,68.0,22.0,31.711385237906413,85.63920541881225,5.405635676209294,29.828018809427018,mungbean
55.0,67.0,16.0,34.37329112,69.69366426,6.596719015,70.27184748,blackgram
54.0,54.0,33.0,26.471051745595435,78.58632107830742,5.192010595278336,208.09743805119558,rice
76.0,40.0,43.0,25.15745531,83.11713476,5.070175667,231.3843163,rice
25.0,64.0,20.0,33.15122581,32.45974539,4.807776748999999,105.03802749999998,pigeonpeas
0.0,36.0,26.0,34.13072188,51.25786185,5.101206389,96.38808001,mango
80.0,43.0,20.0,23.634029641373125,56.460191659529144,5.47208180432538,75.89121955019566,maize
27.0,24.0,41.0,24.32770134,90.88292835,6.610251186,110.4606459,pomegranate
22.0,138.0,195.0,27.83487131,83.51444973,6.208196881,73.02882766,grapes
94.0,62.0,17.0,24.73158007456622,68.19089056307497,4.760664170923039,43.97456953934498,maize
33.0,36.0,12.0,25.864801684987757,75.60237176357515,4.5,66.69453012849999,mungbean
30.0,143.0,199.0,23.76881552,90.59810302,5.7983508000000015,102.2648546,apple
79.0,65.0,23.0,20.51952491233078,55.28667553293063,5.618368315008521,53.76771537999359,maize
42.0,58.0,25.0,27.45853567,62.90020977,6.513620917999999,69.46020927,blackgram
73.0,63.0,41.0,22.499038809710303,81.08195604846013,4.965959415400177,177.04929815178028,jute
18.0,23.0,8.0,21.49118657,93.43949693,6.41354791,101.4819888,orange
87.0,35.0,25.0,21.44526922,63.1621551,6.178056304,65.88951188,maize
9.0,54.0,21.0,30.00054284033938,82.10522982092004,6.5,25.003502504665853,mungbean
37.0,67.0,14.0,26.87739262085125,62.65422312814046,5.344720139752191,46.8571727055,lentil
88.0,35.0,35.0,27.55906475,58.45742907,6.784460602,117.9389993,coffee
117.0,25.0,54.0,28.68275966,92.50969311,6.1506863639999985,29.11187663,muskmelon
17.0,77.0,23.0,24.51324787,20.81527638,5.670062975,64.19497947,kidneybeans
14.0,131.0,198.0,33.4641162,83.86742974,5.562790949,67.92204319,grapes
29.0,78.0,25.0,19.95991719,59.33157782,5.982854522999999,195.787103,pigeonpeas
111.0,28.0,26.0,27.77363343,64.47858698,6.937352845,192.7121236,coffee
10.0,5.0,5.0,21.21306973,91.35349216,7.817846496,112.9834361,orange
9.0,59.0,23.0,32.14489990602459,57.64507235824259,5.26573247553606,22.446463319931475,mothbeans
108.0,94.0,47.0,27.35911627,84.54625006,6.387431382999999,90.81250457,banana
11.0,36.0,31.0,27.92063282,51.77965917,6.47544932,100.2585673,mango
11.0,124.0,204.0,13.42988625,80.06633966,6.361141107000001,71.40043037,grapes
32.0,78.0,22.0,23.97081395,62.35557553,7.007037515,53.40906048,lentil
15.0,63.0,22.0,18.154388446620324,68.55140507087789,5.727661348691444,38.25217909894712,lentil
